ProductName,Name,Rating,Comment
Heyxi Retinol Glowing Tone Up Cream,Z***a,5,"Sengaja baru tulis ulasan karena mau lihat hasilnya dulu, ternyata setelah habis 1 wadah udah ada perubahan, sedikit lebih cerah, pori"" mulai mengecil, komedoku hilang, creamya mudah diaplikasikan, recommended banget"
Heyxi Retinol Glowing Tone Up Cream,L***w,5,Udah kedua kali nya order cream heyxi thanks seller yg slalu bikin aku puas belanja disini tidak mengecewakan sejak pake heyxi kulitku jdi mulus bersih dan glowing kulit kusam hitam dan kulit kasar pun memudar dan perlahan hilang creamnya yg lembut mudah di blend dan gx bikin dempul di wajah🥰🤩👍🙏
Heyxi Retinol Glowing Tone Up Cream,D***c,5,"Maaf baru kasih ulasan karena sengaja mau coba dulu dan hasilnya baru 2 hari pakai kulit wajah mulai kencang garis2 d wajah mulai memudar,kulit jadi tidak kusam dan flek memudar"
Heyxi Retinol Glowing Tone Up Cream,P***g,5,"Bahan: Bagus asli Manfaat produk: Buat mencerahkan wajah dan melembutkan Jenis kulit: Cocok di kulit aku Produk nya bagus , tiba disini sesuai dengan yang di pesan , packingannya aman dan rapi, bagus di kulit aku yang sawo matang ini"
Heyxi Retinol Glowing Tone Up Cream,E***n,5,"Bahan: Lembut Manfaat produk: Lumayan agak sedikit cerah Jenis kulit: Bertindak Pengemasan dan pengirimannya bagus dan aman tidak ada pecah atau retak dibaca tabung nya,teksturnya halus dingin dan mudah diaplikasikan ke wajah Saya order 2 sekaligus biar ada Stok semoga cocok ke kulit wajah saya dan bisa cerah tanpa ada noda flek lagi"
Heyxi Retinol Glowing Tone Up Cream,M***o,5,Oh retinol cream toh...pas banget ini yg aku cari..buat tutupi samar noda flek hitam ku..lembut nggak lengket di kulit dan nggak kering juga..nyaman ringan gitu..terlihat beda pakai dan enggak pakainya.🫰👍
Heyxi Retinol Glowing Tone Up Cream,Y***y,5,"Halus dan lembut,cocok untuk kulit ku yg kuning langsat juga. Dipake langsung cerah dan awet tahan air dan tahan lama Makasih seller dan kurir Bahan: Lembut Manfaat produk: Mencerahkan kulit dan melembabkan Jenis kulit: Cocok untuk semua kulit"
Heyxi Retinol Glowing Tone Up Cream,H***q,5,"Suka banget😊 ini baru pertama kali pake tdi sampai😁dan langsung resap ke kulit wajah, GK lengket. Dan terasa ringan kaya GK pakai apa apa ke wajah, Kalau wajah aku si emang GK ada flek hitam maupun jerawat ya, jdi langsung de cerah di wajah. Moga tamba glowing aja, nnti abis ku pesan lagi🥰"
Heyxi Retinol Glowing Tone Up Cream,N***q,5,Bahan: Sesuai keterangan Manfaat produk: Mencerahkan wajah Jenis kulit: Cocok untuk saya yang kulit wajah berminyak.. epek glowingnya saya suka sekali
Heyxi Retinol Glowing Tone Up Cream,K***i,5,produk ori...dipakai ke kulit ..kulit wajah terasa halus dan lembut ..serta mencerahkan ..apalagi digabungkan dengan suncreen yg biasa saya pake...bener2 top markotop lah ...🫰 itu saya bandingkan di tangan saya sbelah kiri pakai heyxi sbelah kanan tidak pakai..perbedaan sangat jauhh...
Heyxi Retinol Glowing Tone Up Cream,F***g,5,Bahan: Whitening Manfaat produk: Biar lebih glow up 🫶🏻 Jenis kulit: Oily Co ini karena seliweran teruss di tiktok aku akhirnya ngeberaniin diri buat co langsung 2pcs untuk mommy sama i Hasil pertama nya ngeblend sama kulit karena dia udah ada kandungan tone up nya jadi pake nya tipis tipis ajaa udah kinclong
Heyxi Retinol Glowing Tone Up Cream,M***v,5,Bahan: Kenyal dingin Manfaat produk: Banyak banget Jenis kulit: Semua jenis kulit bisa Pertama kali makai sihhh semoga cocok dimuka ku yg jenis kulit nya kering ini.. yg utama bisa menjadi glowing dan berasih.. kalau ada perubahan pasti akan order lagi deh😍
Heyxi Retinol Glowing Tone Up Cream,J***y,5,"Bahan: Bagus Manfaat produk: Menyamarkan noda hitam agar wajah tampak lebih cerah Jenis kulit: Normal Saya dah order yg ke 3x ini,saya cocok dg crem HEYXI ini,wajah saya jd glowing tanpa memakai bedak,hanya cukup dg crem ini aj,it's okey...👍👍👍thank you seler Toko ped Tiktok dan mz kurir yg baik🙏🙏🙏💞💞💞"
Heyxi Retinol Glowing Tone Up Cream,F***q,5,"Order yang kedua kali nya nih, Alhamdulillah ccok di wajah aku yang td nya punya mata panda hitam bgt, setelah pke produk nya heyxi jadi hilang. Fix bakal setia sama produk satu ini untuk wajah ku😍🤗"
Heyxi Retinol Glowing Tone Up Cream,Y***i,5,"Mkasih ka pketku udh nympe,barang sesuai,pnanganan dan pngiriman cpat,prtama kali beli,awalnya sih coba2 az pas nyobain dkit trnyata enakeun ga lngket,gmpang bngt diblend nya,wangi dan lgsg mresap,nunggu abis dlu klo ada prubahan next beli lgi🥰"
Heyxi Retinol Glowing Tone Up Cream,Q***a,5,"Alhamdulillah pesanannya sudah sampai dengan baik dan aman, sengaja beli 4 pot untuk stok 👍 Bahan: Halus dan lembut Manfaat produk: Menghaluskan kulit Jenis kulit: Apa aja"
Heyxi Retinol Glowing Tone Up Cream,E***a,5,Secinta itu aku SMA produk heyxi ini udh kedua kali nya aku pesan heyxi dan GX pernah nyesel SMA hasil nya mantap poll muka ku yg awal nya kusam jdi LBH cerah stelah pke heyxi udh habis satu pot yg baru pun baru sampe ❤️
Heyxi Retinol Glowing Tone Up Cream,T***p,5,"Alhamdulillah pesanan sudah sampai di rumah, pengemasan barang rapi dan pengiriman termasuk cepat, kualitas barang oke dan original dong tentunya, pembelian ke dua x nya dari toko ini, toko yg amanah dan bertanggung jawab.thank for toko,dan heyxi 🫰 Bahan: Asli heyxi Manfaat produk: Memutihkan wajah secara alami Jenis kulit: Berminyak"
Heyxi Retinol Glowing Tone Up Cream,T***b,5,Bahan: Bahan lembutseperti jel tapi tidak l ngket Manfaat produk: Bisa mencerahkan . Dan mengglowingkan muka Jenis kulit: Sepertinya semua jenis kulit bisa pake ini . Karna ini sudah BPOM
Heyxi Retinol Glowing Tone Up Cream,B***c,5,"Manfaat produk: bagus buat mencerahkan kulit Bahan: aku nga tau ini bahan nya terbuat dari apa tapi bagus si di kulit aku Jenis kulit: buat aku yg punya kulit kusam kering cocok banget pake ini aku nga tau apakah bedak ini ada efek samping atau tidak nya, tapi yg ku harap bisa bagus di kulit aku dan semoga nga bermasalah ya di kulit aku"
Heyxi Retinol Glowing Tone Up Cream,A***w,5,Bahan: lembut dan dingin Manfaat produk: melembabkan kulit dan menutrisi kulit wajah Jenis kulit: cocok untuk semua jenis kulit 🥰
Heyxi Retinol Glowing Tone Up Cream,S***m,5,"Alhamdulillah paket sdh sampai sesuai dgn yg di pesan,,baru pertama kali nyoba smg aj cocok enak di pakai wangi tekturny lembut dan di pakai jg ringan. Harganya jg merce bgt🤭trmksh kk🙏"
Heyxi Retinol Glowing Tone Up Cream,M***h,5,"Bahan: Jell dn mudah di aplikasikn ke wajah Manfaat produk: Mencerahkn dn menghilangkn flek hitam dn juga memudarkn jerawat Jenis kulit: Untuk smua jenis kulit Baru pertama X mau coba,smoga cocok di wajah ak"
Heyxi Retinol Glowing Tone Up Cream,S***v,5,"Bahan: Sangat lembut, dan mudah di aplikasikan Manfaat produk: Mencerahkan dan mengurangi plek hitam Jenis kulit: Semua jenis kulit"
Heyxi Retinol Glowing Tone Up Cream,Q***r,5,Ni paket yg ke dua kalinya langsung order dabel Alhamdulillah setelah pemakaian 2 Minggu hasilnya bagus flek hitam bekas jerawat pada pudar wajah aku jadi kenyal glowing klw kena keringetan padahal belum abis satu paket juga aku dah order lagi stok Heyxi Sma cream malam nya
Heyxi Retinol Glowing Tone Up Cream,H***e,5,"Produk baunya wangi, seperti di foto, pass olesin transparan ga dempul, ga bikin abu abu,di kulit yang coklat juga bikin yang putih dempul, atau abu abu tapi transparan jadi bagus juga buat melembabkan, lama lama jadi bersih glowing, aku cek langsung BPOM emang terdaftar dan resmi"
Heyxi Retinol Glowing Tone Up Cream,E***c,5,"Jenis kulit: Putih Manfaat produk: Melembabkan dan mencerahkan wajah, semoga cocok. Saya sudah mencobanya, ringan diwajah, lembut dan nyaman diwajah. Harga terjangkau,paket cepat datang, dan kurirnya ramah. Bahan: Baik, dan sudah BPOM"
Heyxi Retinol Glowing Tone Up Cream,V***h,5,Bahan: Lembut Manfaat produk: Sangat berguna menghilangkan flek.mencerahkan.glowing Jenis kulit: Semua jenis kulit Paket yg ke dua kalinya.memang cocok diwajahku.flekku mulai pudar.makasih ya kak semoga selalu sukses dan dimurahkan rezekinya🥰🥰👍👍👍
Heyxi Retinol Glowing Tone Up Cream,F***x,5,Bahan: Cair lembut dan wangi Manfaat produk: Melembabkan menghaluskan menghilangkan flek hitam dan kerutan Jenis kulit: Normal kering dan kusam Produk nya mewah dan cantik wangi dan harum aku langsung pakai enak di wajah ringan cocok di aku Otw mau order lgi mksih Heyxi jadi langganan ni🥰😍
Heyxi Retinol Glowing Tone Up Cream,P***v,5,Bahan: Bahan lembut ringan di kulit Manfaat produk: Bisa membantu mengatasi masalah keluhan pada kulit Jenis kulit: Semua jenis kulit Allhamdulillah barang nya sdh kterima pengiriman nya cepat pengemasan nya juga baik rapi aman..demi apa kualitas prodk nya good banget cream nya gk lengket ringan di kulit dan aromanya jg tdk menyenga🥰
Heyxi Retinol Glowing Tone Up Cream,I***j,5,Bahan: Lembut dan wangi Manfaat produk: Bisa mengerahkan dan menghilangkan flek2 yang bandel serta mengencangkan anti kerutan seperti masih muda lagi pokoknya produknya bagus Jenis kulit: Bisa dipakai semua kulit aman buruan cobain deh
Heyxi Retinol Glowing Tone Up Cream,B***z,5,"Ok semua, packing aman, harga 52 k dpt 2 pcs,aroma wangi,mudah di blen di wajah lembut gak lengket,cocok di wajah buat putih cerah glowing alami gak bikin abu²,sejuk dingin enak di wajah. Tokoknya sangat amanah sesuai gak nyesel co 2 pcs,tq seler tq kurir langganan next order lagi 😍 Cuma nunggu ya"
Heyxi Retinol Glowing Tone Up Cream,R***s,5,Bahan: Seperti gell Manfaat produk: Membuat wajah lebih cerah dan lebih lembab Jenis kulit: Jenis kulit saya kering dan kusam. Dan ini sangat membantu setelah pemakaian muka lebih cerah dan lembab
Heyxi Retinol Glowing Tone Up Cream,E***s,5,"Syukur alhamdulillah barangx udh dtg sesuai dgn pesanan x hrga murah meriah dan terjangkau hasil produk bagus kak, tokox amanah ya..makasih next beli lg 👍 Bahan: Bagus mudah di aplikasi di wajah Manfaat produk: Satu kemasan produk tp bnyak manfaatx ya, sangat praktis dan efisiens Jenis kulit: Utk semua jenis kulit cocok"
Heyxi Retinol Glowing Tone Up Cream,V***h,5,Bahan: Creamnya lembut halus padat dan wangi Manfaat produk: Menghaluskan kulit wajah dan mencerahkan dan menyamarkan flek hitam Jenis kulit: Cocok untuk di semua jenis kulit pasti aman
Heyxi Retinol Glowing Tone Up Cream,I***l,5,"MasyaAllah terbukti bagus. Ini aku udah pesan 2x sekali pesan isi 2 pouch. Enak di wajah, jd lebih glowing, putih, kenyal, seger gitu. Noda hitam hilang. Cocok banget sama jenis kulitku yg normal. Sebelum pake heyxi kulitku kusam gosong"
Heyxi Retinol Glowing Tone Up Cream,C***q,5,"Bahan: Lembut di wajah, cepat meresap dan wangi. Manfaat produk: Menutrisi kulit, melembabkan dan mengurangi garis2 penuaan, kulit wajah terlihat lebih cerah setelah pemakaian 2 minggu. Baru pembelian pertama, baru coba. Mudah2an cocok seterusnya. Jenis kulit: Cocok untuk kulit saya yg cenderung kering."
Heyxi Retinol Glowing Tone Up Cream,I***n,5,"Bahan: Bagus tekstur seperti jeli tidak mengandung merkuri dan ga dempul Manfaat produk: Memudarkan flek menghaluskan,mencerahkan dan memudarkan bekas jerawat nyaman di pakai adem dan terasa dingin di wajah Jenis kulit: Cocok untuk semua jenis kulit"
Heyxi Retinol Glowing Tone Up Cream,K***i,5,"Paket sudah saya terima, cream nya lembut mudah di aplikasikan, kemasan 30gr exp nya Mash lama 2028, semoga cocok , pengiriman nya sangat cepat terimakaj seller ..."
Heyxi Retinol Glowing Tone Up Cream,W***i,5,Alhamdulillah sdh hampir habis 1 poch ya dan saya sdh beli yg ke 2 walau blm di buka Alhamdulillah saya suka krn oke di wajah saja walau flek msh ada insya allah menipis dan hilang. Terimakasih
Heyxi Retinol Glowing Tone Up Cream,E***v,5,"Bahan: Bagus Manfaat produk: Mencerahkan wajah Jenis kulit: Berminyak Baru sekali pemakaian tpi hasilnya bagus Bisa menyamarkan bruntusan di wajah, smoga cocok di wajah ku yah"
Heyxi Retinol Glowing Tone Up Cream,I***n,5,"Manfaat produk: Bisa menghilangkan masalah di kulit Jenis kulit: Untuk smua jenis kulit Pertama kali order smoga cocok di kulit aku yg berminyak dn sering muncul jerawat,pas aku buka kemasan nya suka bnget krna bau nya harum dn wangi,sangat suka"
Heyxi Retinol Glowing Tone Up Cream,H***z,5,"Bahan: Asli prodak heixy Manfaat produk: Mencerahkan wajah yg kusam Jenis kulit: Semua kulit Alhamdulillah pesanan sudah sampai.. pengiriman termasuk cepat, pengemasan rapi dan dikirim nya sesuai live.exp masih lama dan puas dengan orderan pertama di toko ini, kurir juga baik dan thanks buat semuanya, semoga cocok di wajah aku🤲🫰🥰"
Heyxi Retinol Glowing Tone Up Cream,A***h,5,"Bahan: lembut,dingin,cepat meresap ke wajah,melembab dan mencerahkn kulit wajah,dgn kulit wajah berminyak dan kusam"
Heyxi Retinol Glowing Tone Up Cream,V***b,5,Paket nya sudah sampai dan sudah sesuai dengan pesanan .ini pot yg ke 3 sangat bagus dan cocok di wajah aku .kulit glowing halus dan lembut .aman Krn sudah BPOM.
Heyxi Retinol Glowing Tone Up Cream,F***r,5,"Masya Allah Bru 3 hri pke SDH ad perubahan,cepat skali bikin cerah,dan bkin glowing juga,klw d aplikasi.in ke muka cepat meresap aku suka, jerawatku berkurang dan bekas jerawatku JD pudar kyknya hrus next order LG🤗😘😘"
Heyxi Retinol Glowing Tone Up Cream,H***o,5,"Alhamdulillah paket sdh diterima dengan baik Suka sangat suka. Baru kali ini nemu crem yang mantul sekali. Bener2 tak perlu bedak tp tetap bikin wajah gluw. tidak dempul,tidak lengket,ringan diwajah,mudah diblen. Sangat3 suka,semoga cucuk ya kaka di wajah aq yg sensitif ini."
Heyxi Retinol Glowing Tone Up Cream,P***m,5,"Paket orderan saya sudah tiba dan langsung di unboxing yaitu HEYXI Retinol Cream. Seusai real pict dan ekspektasi saya. Sdh saya test Creamx di wajah saya dan terasa ringan dipakainya & wangi. Semoga cocok. Packingx rapi. Pengiriman kurirx cepat. Makasih seller, makasih Tokopedia."
Heyxi Retinol Glowing Tone Up Cream,I***q,5,Bahan: Lembut harum Mudah di aplikasikan ke wajah. Mudah2 han cocok. Agar Jadi langganaN .. TerimAkasih... Manfaat produk: Untuk memutihkan dan menghilangkan noda hitam juga Menyamarkan kerutan di wajah. Jenis kulit: Kulit saya Jenis kulit bandel. Ata kulit badak mudah2han cocok ya.
Heyxi Retinol Glowing Tone Up Cream,L***x,5,Bahan: Alami bagus Manfaat produk: Mencerahkan Jenis kulit: Semua jenis kulit Ini orderan aq yang kedua bagus sesuai bangat cocok d kulit aq dan sedikit memudarkan flek hitam aq mudah² an cocok seterus nya mksh bgt🥰🥰♥️♥️♥️🌹🌹🌹🙏🙏
Heyxi Retinol Glowing Tone Up Cream,W***w,5,"Bahan: Semoga aman Manfaat produk: Baru prtma kali coba Cepat meresap,tone up nya natural ga berlebihan dan ga bkin white case,semoga cocok terus biar repeat order Jenis kulit: Normal-cenderung kering"
Heyxi Retinol Glowing Tone Up Cream,W***h,5,"Bahan: Nyaman dipakai pas dimuka terasa ringan Manfaat produk: Mmbuat kulit mnjadi cerah Jenis kulit: Kulit sya sawo matang ,algamdulillah cocok makainya dimuka"
Heyxi Retinol Glowing Tone Up Cream,F***w,5,"Paketnya ori aku bru sekali pemakaian udh terasa bnget manfaatnya serius 🥹wajah jdi cerah dan glowing seharian ✨the best bangetlah pokoknya,dan sangat amanah jangan mikir panjang silahkan cek out sekarang dan buktikan sendiri ❤️🥰"
Heyxi Retinol Glowing Tone Up Cream,R***u,5,"Bahan: Lembut Manfaat produk: Buat muka biar glowing dan putih Jenis kulit: Semua jenis kulit Pengiriman cepet banget, ini bagus dipakai bisa langsung putih di muka tapi ga bikin abu2 ya, malah bikin glowing, good luck"
Heyxi Retinol Glowing Tone Up Cream,Z***z,5,"Manfaat produk: menutrisi kulit menghaluskan tekstur kulit dan menjd kan kulit bercahaya dan bersinar alami Jenis kulit: normal ini ke 2× nya pesen heyxi cocok di muka aku,teksturnya ringan enak di pake GK jd abu pokoknya bagus banget pengiriman nya juga cepet banget makasih nanti klo udh habis pesen LG🙏😊"
Heyxi Retinol Glowing Tone Up Cream,Y***x,5,"Barangnya sdah sampai, packing nya rapi dan aman. Baru pertama kali nyoba untuk Flak hitam membandel, semoga saja ada perubahan dan hasilnya memuaskan. Tekstur nya lembut, di kulit terasa adem. Tidak berbau menyengat."
Heyxi Retinol Glowing Tone Up Cream,U***j,5,"Alhamdulillah paketnya sudah sampai,ini pertama kali coba pake HEYXI,mudah²an cocok di akunya,aku dh coba pakai gk lengket di aplikasi kan ke wajah menyatu dengan kulit wajah,, dingin,lembut jga, makasih buat HEYXI selalu amanah,auto berlangganan🥰🥰"
Heyxi Retinol Glowing Tone Up Cream,X***x,5,"Barangnya sudah sampai, pengiriman nya juga cepat.. tekstur nya wangi ,lembut di pakai nyaman banget d wajah thanks ya semoga cocok d wajah ku yang kulit kering dan komedoan di hidung semoga ilang dan bersih bisa melembabkan kulit ku ini .."
Heyxi Retinol Glowing Tone Up Cream,Q***k,5,Makasih banyak aku suka banget pokoknya baru pertama kali pakai sudah sebagus ini langsung ngeblen di kulit ngak bikin gerah teksturnya ringan banget
Heyxi Retinol Glowing Tone Up Cream,M***p,5,"Alhamdulillah paket dtng sesuai waktu, suka dgn cream nya baru pertama pemakaian sdh mulai cerah kulit wajahku, .. Lembab sdh berasa pakai bedak .👍 Smg cocok dn aman utk jangka panjang 🙏😍"
Heyxi Retinol Glowing Tone Up Cream,M***k,5,"Paketnya sudah datang pengirimannya juga cepat, khasiatnya juga sangat perfeck, ini paket saya yg kedua kali, yg sebelumnya dah dua habis hasilnya dah mulai berubah, dan yg paling aku suka dgn HEYXI ini lembut diwajah, dingin, dan sangat mulus. Pokoknyalah aku suka banget🥰 Segelnya rapi.🥰🥰🥰"
Heyxi Retinol Glowing Tone Up Cream,I***e,5,"Bahan: Retinol cream Manfaat produk: Mencerahkan,melembabkan,memutihkan kulit wajah,menghilang noda bekas jerawat,bitik2 hitam. Jenis kulit: Kulit normal,berjerawat,flek hitam dll"
Heyxi Retinol Glowing Tone Up Cream,E***m,5,Bahan: Alami dg harum yg tidak menyengat tekstur lembut Manfaat produk: Mencerahkan wajah sekaligus memutihkan Jenis kulit: Cocok buat jenis kulit apa aja bahkan yg jerawat an hilang Aku baru pake sekali tapi manfaat nya luar biasa buat wajah cerah dan putih lembut dimuka kenyil gitu . Penasaran lagi promo aku beli lagi dpt 2 dg harga
Heyxi Retinol Glowing Tone Up Cream,W***k,5,Tekstur nya sangat lembut membuat wajah lebih cerah cocok untuk semua jenis kulit mencerahkan kan dan menyamar kan flek hitam
Heyxi Retinol Glowing Tone Up Cream,G***s,5,Heyxi nya sampai kmrin siang packing aman rapih Respon baik brng sesuai yg di pesan CO 2 kaligus promo udh pakai 1 pot bikin cerah tone up nya ga lebay nyatu dikulit smoga makin glow dan bagus kulit q...
Heyxi Retinol Glowing Tone Up Cream,V***i,5,"Paket sudah datang,aromanya wangi,langsung tak coba ringan di muka,kelihatan lebih glowing,semoga cocok"
Heyxi Retinol Glowing Tone Up Cream,T***n,5,"Creamnya wangi dan lembut, blm di coba, isinya ga penuh,expire lama smpai 2028,semoga cocok bisa order lagi"
Heyxi Retinol Glowing Tone Up Cream,C***a,5,Bikin kulit lembab.. Mungkin lalo rutin hasilnya akan lebih bagus... Baru nyoba semoga cocok... Dan kalo d timpa bedak padat hasilnya jadi glowing🥰
Heyxi Retinol Glowing Tone Up Cream,D***e,5,Bahan: Cair Manfaat produk: Glowing wajah Jenis kulit: Semua jenis kulit Heyxinya sesuai pesanan.memang mantul cocok di wajahku makasih ya kak semoga selalu sukses dan dimurahkan rezekinya🥰🥰👍👍👍
Heyxi Retinol Glowing Tone Up Cream,X***n,5,"Barangnya sesuai gambar, dn di bungkus rapi pakai bubble Wrap besar walaupun botolnya kcil..dpat 2 botol..saya ingin mencoba memakainya kalau hsil baik ..sa pesan lagi. Intinya brang tepat wktu dn customrnya Baik banget"
Heyxi Retinol Glowing Tone Up Cream,C***l,5,Bahan: tidak panas dan ber minyak Manfaat produk: bagus n mencerahkan Jenis kulit: sawoe matang pesanan yg ketiga x nya
Heyxi Retinol Glowing Tone Up Cream,W***n,5,Teksturnya lembut dan halus semoga cocok di kulit wajah saya soal nya saya baru pertama kali coba krim seperti ini
Heyxi Retinol Glowing Tone Up Cream,Q***e,5,Bahan: Retinol Manfaat produk: Mencerahkan kulit wajah Jenis kulit: Berminyak Wajah jadi glowing kenyal dan sehat 🥰
Heyxi Retinol Glowing Tone Up Cream,U***y,5,Dapat yang kemasan baru semoga aja cocok di kulit aku kulit jadi tampak cerah dan mengurangi flek hitam nya
Heyxi Retinol Glowing Tone Up Cream,X***m,5,"Bahan: Ok Manfaat produk: Mencerahkan,jadi glowing Jenis kulit: Kering Alhamdulillah barang sudah sampai,baru pertama kali order heyxi,bau creamnya enak.semoga cocok buat kulitq.mksh seller🙏🙏🙏"
Heyxi Retinol Glowing Tone Up Cream,R***y,5,"Paket sampai,, pas co dapet harga 34 ribu 2 pcs coba lah,, mudah mudahan cocok,, kalo liat iklannya kirain bakalan lengket ternyata ngga aku coba blend ditangan langsung nyerap"
Heyxi Retinol Glowing Tone Up Cream,U***v,5,"Bahan: Alami,bikin Halus lembut Manfaat produk: Bikin mencerahkan kulit wajah Jenis kulit: Normal"
Heyxi Retinol Glowing Tone Up Cream,X***t,5,Bahan: Bgus lmbut wangi Manfaat produk: Mencerahkan Jenis kulit: Smua jnis kulit bisa Maaf ya ka baru ksih ulasan trlihat putih crah ga kusam wangi ga lengket
Heyxi Retinol Glowing Tone Up Cream,B***o,5,Bahan: Lembut adem di kulit Manfaat produk: Mencerahkan memudarkan flek hitam Jenis kulit: Semua jenis kulit
Heyxi Retinol Glowing Tone Up Cream,U***j,5,Udah aku pake dari pertama dateng Bagus mudah di aplikasikan Semoga cocok untuk kulitku yang berminyak dan berjerawat
Heyxi Retinol Glowing Tone Up Cream,W***n,5,Bagus bgt ringan di blend nya di muka cerah tekstur lembut wangi bagus bgt suka ✨✨✨✨
Heyxi Retinol Glowing Tone Up Cream,I***m,5,"Bahan: Teksturnya sangat lembut , dan mudah untuk di aplikasikan . Dipakai dimuka iuga ringan"
Heyxi Retinol Glowing Tone Up Cream,Q***z,5,Bahan: Jelly lembut Manfaat produk: Mencerahkan dan menyegarkan kulit wajah Jenis kulit: Tidak ada alergi
Heyxi Retinol Glowing Tone Up Cream,D***y,5,Manfaat produk: Mencerahkan kulit Bahan: Lembut Jenis kulit: Semua jenis kulit Lembut teksturnya mudah di ratakan cocok buat segala jenis kulit Wangi juga kayak pakai parfum gtu di muka Tapi kenapa ya bungkusnya kayak bekas gt kak mimin tolong dm ya kak
Heyxi Retinol Glowing Tone Up Cream,C***m,5,Sangat Bahan: Lembut Manfaat produk: Sangat kenyal di kulut muka keluatan langsung hasil nya dan bagus Jenis kulit: Kulit kering
Heyxi Retinol Glowing Tone Up Cream,A***p,5,Bahan: Bagus sekali ini SDH order yg kedua kalinya Manfaat produk: Memutihkan Jenis kulit: Semua jenis kulit
Heyxi Retinol Glowing Tone Up Cream,C***c,5,"Bahan: Bagus Manfaat produk: memutihkan kulit wajah Jenis kulit: normal Paketnya sudah sampai tokonya amanah,,begitu sampai langsung ku coba mudah2an cocok..yerima kasih buat seller dn abg kurirnya."
Heyxi Retinol Glowing Tone Up Cream,R***o,5,"Manfaat produk: Bagus untuk kulit, pemakaian menyesuaikan warna kulit. Lebih cepat pemakaiannya jadi gk prlu pakai yg lain"
Heyxi Retinol Glowing Tone Up Cream,H***f,5,Mantap baru d coba langsung jatuh cinta bgt mudah d blen ..bikin muka cerah wangi lagi pokonya sebagus itu jangan lupa order d sinih y
Heyxi Retinol Glowing Tone Up Cream,Z***v,5,"Kirim nya rilfixc.kemsanya sangat rapi texturnya sngt lembut wangi lgi.dn udh di tes tdi bener"" bagus.di wajah.🥰🥰😘 Semoga cocok.dn bisa ngilangin flek di wjh ku🤲👍👍👍"
Heyxi Retinol Glowing Tone Up Cream,X***s,5,"Paket nya udah sampai.barang nya sesuai.wangi nya enak.lembut di muka.tpi ga tau nanti nya cocok apa ga.mudah,,an cocok biar bisa order lagi.trimakasih"
Heyxi Retinol Glowing Tone Up Cream,H***v,5,Bahan: Efektif bagus Manfaat produk: Mencerahkan dan mengglowingkan Jenis kulit: Semua jenis kuli Bagus banget Yg awal nya jerawatan skrng cuman pakai Cream HEYXI & Lipglos aja udah cakep bangettttt recomend banget guyss😍😍😍
Heyxi Retinol Glowing Tone Up Cream,S***y,5,Paket mendarat dengan Bai udah pembelian yang kedua dan hasil nya sangat memuaskan sekali bisa buat wajah menjadi glowing
Heyxi Retinol Glowing Tone Up Cream,O***c,5,Paket sdh sampai dgn selamat.ini yg ke2 kali nya aku beli di toko ini. mantul...nyaman bgt di pake'nya menyamarkan noda hitam g'ush pake'bedak lg.lebel nya asli amanah terus buat toko nya.terima kasih jg buat kurir nya....
Heyxi Retinol Glowing Tone Up Cream,O***p,5,"Alhamdulillah barang ori, sesuai seperti yang sebelumnya, harga 40rb dapet 2 pot. Ini pot y ke 4 udah cocok banget sma produk ini"
Heyxi Retinol Glowing Tone Up Cream,K***h,5,"Packingan aman. Baru pertama nyoba karna seliweran trs. Pas prtma pake enak, trs gampang meresap dikulit, & bnr ada tone up nya kd lbh cerahan. Klo bau nya si biasa aja, ga wangi ga berbau jg. Mdh²an ga ada aneh² dimuka, cocok trs, jd bs order lg."
Heyxi Retinol Glowing Tone Up Cream,N***n,5,"Krim nya wangi seger, enak dipake nya kalo malem abis mandi🤩♥️💜 Mudah2an cocok, tp. Ga ada BPOM nya"
Heyxi Retinol Glowing Tone Up Cream,A***d,5,Terimakasih banyak..paket sampai tujuan dengan selamat... packing nya rapi... kurirnya ramahh....mudah mudahan cocok... nanti pasti order lg.....mudah juga di aplikasikan di wajahhh☺️☺️☺️☺️👍👍👍
Heyxi Retinol Glowing Tone Up Cream,V***e,5,"Bahan: Bagus Manfaat produk: Untuk kulit wajah Jenis kulit: Sensitif Saya juga baru coba semoga cocok di kulit wajah saya,kalau cocok next order lagi 😍😍😍"
Heyxi Retinol Glowing Tone Up Cream,K***n,5,"Paketnya baru sampe, langsung aku aplikasikan ke wajah ku, semoga cerah, semoga ada hsiil klo cocok bakal co lagii disini... Mudahan ori di toko ini"
Heyxi Retinol Glowing Tone Up Cream,W***o,5,Bahan: Sesuai deskripsi Manfaat produk: Untuk wajah Jenis kulit: Semua jenis kulit Ok barang mendarat dengan selamat trimakasih tokonya amanah next order lg awal nya ragu setelah di pake gang geng gong semoga cocok di muka aqo dan trs jadi Langan nan trimakasih..
Heyxi Retinol Glowing Tone Up Cream,A***m,5,"Bahan: Lembut dan wangi Manfaat produk: Mencerahkan kulit wajah Jenis kulit: Semua kulit Alhamdulillah 🤲 udah orderan yang kedua kalinya,karna produk ini sangat bikin aku ❤️❤️❤️❤️❤️ pokoknya the best dahhhh Ama produk ini .nampol bangetttt🥰🥰🥰🥰🥰 pokoknya yang belum cod cepetan cod soalnya klu Sampek gak cod RUGI 🤭🤭🤭"
Heyxi Retinol Glowing Tone Up Cream,M***a,5,Alhamdulillah pakerny udh dteng.bru prtmakali coba pke cream heyxi smga cocok bsa mnghlngkn flek dan kulit kusam ku.produkny udh bpom jd aman untk dpke.klo ccok nex order lg.trimkasih🙏
Heyxi Retinol Glowing Tone Up Cream,U***f,5,"Baru d coba mudah² an cocok cream nya d wajah aq ,,,,cream nya lembut kalo d pke mudah ² an ini yg asli JD bisa merubah warna kulit wajah aq😁"
Heyxi Retinol Glowing Tone Up Cream,B***n,5,Beli untuk yg ke tiga kali nya..tapi baru memperhatikan setiap tulisan dan gambar di kotak ny berbeda... ingredient dan exp ny berbeda..tapi tetap saya kasih bintang 5 terimakasih reseller 🙏🙏☺️
Heyxi Retinol Glowing Tone Up Cream,I***b,5,Barang sudah sampai di tempat alhamdulilah baru di pake 2x muka saya dah ada perubahan aga bening trimakasih seler kurir yang baik .
Heyxi Retinol Glowing Tone Up Cream,G***w,5,"Produknya ringan di kulit, segar. Baunya juga enak."
Heyxi Retinol Glowing Tone Up Cream,O***r,5,"Paket nya cpt bngt sampai..mantap..terimakasih seller dan pak kurir sukses sllu,,sy br pertama kali mau coba pakai heyxi langsung beli 2, semoga cocok dan gak gonta ganti krim muka lg utk flek ku ini,udh capek bngt,.bismillah cocok..Aamiin..kalo cocok,nanti order lg..terimakasih.."
Heyxi Retinol Glowing Tone Up Cream,M***p,5,Paketnya datang alhamdulillah di pakek 3mingguan keliatan hasilnya bersih cerah 🙂
Heyxi Retinol Glowing Tone Up Cream,I***p,5,"Semoga cocok dan gak ada efek samping, kalau cocok bisa next order lagi Harga terjangkau, pengemasan rapi, aman sampai tujuan"
Heyxi Retinol Glowing Tone Up Cream,P***m,5,"Ingredient: Retinol Skin type: All skins Terima kasih seller, barang sampai dgn aman n cepat, alhmdullah barang bagus sesuai dgn expetasi Worth it bgt 👍👍👍"
Heyxi Retinol Glowing Tone Up Cream,J***q,5,"Masyaallah Alhamdulillah dpt di harga 25.000, krimnya udah sampai produknya bagus semoga cocok di aku KLO cocok bakal jadi langganan, baru coba sekali blm ada reaksi sih.."
Heyxi Retinol Glowing Tone Up Cream,L***d,5,Lembut dan halus langsung putih menyerap cocok untuk semua jenis kulit
Heyxi Retinol Glowing Tone Up Cream,L***w,5,Bahan: Oke Manfaat produk: Mencerahkan Jenis kulit: Cocok untuk kulit ku yg berminyak
Heyxi Retinol Glowing Tone Up Cream,K***y,5,"Manfaat produk: Untuk cream wajah Jenis kulit: Kulit wajah aku berminyak Semoga cocok karna ada bopeng bekas jerawat,korengan bekas gigitan nyamuk dan pori2 membesar"
Heyxi Retinol Glowing Tone Up Cream,C***k,5,Bahan: Tekstur lembut Manfaat produk: Untuk mengenyalkan dn mencerahkan Jenis kulit: Kering
Heyxi Retinol Glowing Tone Up Cream,G***y,5,"Bahan: Mineral oil,centella asiatica, retinol,parfum dll Manfaat produk: Mengurangi garis halus d wajah Jenis kulit: Semua jenis"
Heyxi Retinol Glowing Tone Up Cream,G***b,5,"Semoga cocok, exp nya masih lama, pengemasan nya aman bubble wrap nya tebal. Penjualnya ramah keep amanah.."
Heyxi Retinol Glowing Tone Up Cream,T***g,5,terimakasih banyak Ka paket nya sudah saya terima 👍🏻 Manfaat produk: melembabkan dan memutihkan Jenis kulit: semua jenis kulit
Heyxi Retinol Glowing Tone Up Cream,H***c,5,"Paketnya sdh saya terima,baru pertama nyoba semoga cocok diwajah saya, Alhamdulillah dpet di harga diskon jadi 34560rupiah kurang lebih, terimakasih seller dn Tokopedia,semoga cocok next order lagi 😇🙏🙏"
Heyxi Retinol Glowing Tone Up Cream,N***p,5,Bahan: Meresap lgsg k kulit Manfaat produk: Memutihkan wajah Jenis kulit: Smua kulit Pengiriman cpt Peking rapi terimakasih reseller
Heyxi Retinol Glowing Tone Up Cream,J***u,5,Baguuuss bangettt suka pakai heyxi ini cerah diwajah.. Baru habis 1 cream..krna cocok mkanya beli lagi.. Terimakasihh. Buat toko seller dan kurirnya
Heyxi Retinol Glowing Tone Up Cream,Z***k,5,"Murah 54rb bener dapat 2 dong,exp tahun 2028 masih lama,bau nya enak kaya parfum"
Heyxi Retinol Glowing Tone Up Cream,K***g,5,Manfaat produk: mencerahkan kulit wajah Jenis kulit: semua jenis kulit barang sesuai thx seller smg ccok 🥰
Heyxi Retinol Glowing Tone Up Cream,C***i,5,"Baunya mirip handbody citra, udah dicoba td . Cock buat pelembab di aku, hbs pakai heyxi trs pakai founda baru klhtn bgus, Ya mudah2n cock dipakainya."
Heyxi Retinol Glowing Tone Up Cream,F***t,5,"Bahan: InsyaAllah aman utk wajah Manfaat produk: Mencerahkan flek"" hitam, Jenis kulit: Semua jenis kulit"
Heyxi Retinol Glowing Tone Up Cream,Z***j,5,"Alhamdulillah toko amanah sesuai pesanan dan deskripsi moga tambah lancar dan sukses 🥳👍 Pengemasan super safety, buble wrap tebal,GK takut kalau pecah Moga beneran bisa mencerahkan kulit. Trim's seller, trim's tiktok dan trim's mas kurir yang ramah 🙏"
Heyxi Retinol Glowing Tone Up Cream,M***m,5,"Bahan: Gel Manfaat produk: Untuk menghaluskan, memutihkan, mengencangkan dan menghilangkan flek"" Hitam Jenis kulit: Berbagai jenis kulit"
Heyxi Retinol Glowing Tone Up Cream,O***b,5,Manfaat produk: Mencerahkan Sperti memakai kusen .lapisn bedak Bagus .ga lengket di muka cepat menyatu di kulit muka .mksih
Heyxi Retinol Glowing Tone Up Cream,N***u,5,"Alhamdulillah paket sudah sampai, pengiriman cepat banget, pembelian pertama dan baru mau nyoba semoga cocok di muka aku,jika cocok Nex order lagi,mksih seller yg sudah amanah sukses selalu 🥰"
Heyxi Retinol Glowing Tone Up Cream,E***h,5,Paket udah smpe kurirnya ramah dan barangnya sesuai yng d gambar pekingnya rapi dan aman tokonya amanah banget. Belom d pke semoga cocok
Heyxi Retinol Glowing Tone Up Cream,H***y,5,barang nya sudah sampai..di muka ringan ada tone up nya juga..semoga cocok di muka aku
Heyxi Retinol Glowing Tone Up Cream,J***y,5,Bahan: Nyaman Manfaat produk: Mencerahkan dan memutihkan wajah Jenis kulit: Semua
Heyxi Retinol Glowing Tone Up Cream,G***p,5,Paket sudah sampai dengan tepat selamat tidak ada kerusakan packing superrr rapih pengiriman cepat bismillah cocok dan glowing wajahku bosen gonta ganti cream
Heyxi Retinol Glowing Tone Up Cream,V***y,5,"Manfaat produk: Untuk mencerahkan wajah Jenis kulit: Sawo matang Semogaa cocok ini baru pertama kali nya , soalnya melihat org baguss bagus banget pkai produk heyxi 🥰🥰"
Heyxi Retinol Glowing Tone Up Cream,Y***m,5,Paket datang sesuai pesanan...pernah coba dan berhenti skg mau pakai lagi krn cocok diwajah
Heyxi Retinol Glowing Tone Up Cream,G***v,5,"Paketnya sdh dtng dngn ke adaan baik kurirnya jg ramh,aku kira ukuran 50g tpi trnyata yg 30g trs isinya jg ga penuh tpi gpp mdh²n cck d kulit muka aku mksh KK🤗🙏"
Heyxi Retinol Glowing Tone Up Cream,P***e,5,"paket cepat sampai,smpai skrg ttp rutin pakai dan cocok .skrg udah botol ke sekian...seller jg fast respon.Thanks ka...🙏🙏"
Heyxi Retinol Glowing Tone Up Cream,J***k,5,"Bahan: Kenyall,cair Manfaat produk: Lengkap menghilangkan keriput Jenis kulit: Sensitif KLO cocok next order lgi"
Heyxi Retinol Glowing Tone Up Cream,O***a,5,"Bahan: Teksturnya halus Manfaat produk: Mencerahkan kulit wajah Jenis kulit: Berminyak sih Sumpah ini tuh bagus buanggat, pokonya mantul buangat dahh"
Heyxi Retinol Glowing Tone Up Cream,K***x,5,Bahan: Sempurna Manfaat produk: Wangi dan lembut Jenis kulit: Melembabkan kulit wajah
Heyxi Retinol Glowing Tone Up Cream,Y***j,5,"Paket nya udh mendarat dgn baik , packing rapih dan semoga cocok ya buat kulit aku Bahan: Semoga ga bnyak mengandung zat yg macem2 ya Manfaat produk: Semoga cocok Jenis kulit: Normal"
Heyxi Retinol Glowing Tone Up Cream,K***f,5,Alhamdulillah barang pesanan sampai semoga cocok dikulitku kemasan bersegel aman baunya wangi toko dan kurir ok👍
Heyxi Retinol Glowing Tone Up Cream,F***o,5,Manfaat produk: Mencerahkan kulit wajah Jenis kulit: Semua jenis kulit Alhamdulillah paketya sudah sampai terimakasih semoga tokonya amanah & semoga cocok
Heyxi Retinol Glowing Tone Up Cream,D***p,5,"Baru mau mencoba nya karena selalu penasaran, semoga aman dikulit saya, Bismillahirrahmanirahim dapat harga 40 ribuan semoga cocok bisa seperti review penjual… packing baik aman tidak rusak"
Heyxi Retinol Glowing Tone Up Cream,N***y,5,Alhamdulillah dah sampek.... Masih pemula saya coba dulu semoga cocok Bahan: Lembut Manfaat produk: Pemutihkan Jenis kulit: Sao matang
Heyxi Retinol Glowing Tone Up Cream,I***t,5,"Alhamdulillah paket nyampek dengn kondisi baik"" Aja. Bahan: Bahan nyaa lembut. Pas di aplikasi kan ke wajah cepat meresap"
Heyxi Retinol Glowing Tone Up Cream,D***s,5,Bahan: Sesuai deskripsi Manfaat produk: Bagus Jenis kulit: Smoga cocok Pesanan nya sudah sampai dan sesuai pesanan dan smoga cocok di kulit aku terimakasih kakk dan kurirnya 🙏😊
Heyxi Retinol Glowing Tone Up Cream,O***w,5,"Barangnya di Peking dgn rapi dan kuat,trus pruduknya masih tersegel.saya suka barangnya,manfaat produknya,untuk mencerahkan wajah agar terlihat putih bersih.dan sangat aman untuk kulit wajah yang berminyak, berjerawat pkoknya aman semua kulit.saya hanya kecewa keterlambatan barangnya,tapi tidak apa²"
Heyxi Retinol Glowing Tone Up Cream,A***n,5,Aku pakai ringan di kulit lembut Langsung merata Tak perlu bedak Fondhesoan lagi Semoga cocok Kurirnya ramah Krim tapi bisa buat bedak tanpa dempul Bisa cerah juga
Heyxi Retinol Glowing Tone Up Cream,V***o,5,"Bahan: Lembut dan wangi Manfaat produk: Kulit jdi glowing Jenis kulit: Cocok untuk jenis kulit kering , Saya udah pakai tapi krna kulit sy berminyak muka berasa pakai minyak goreng saking berminyak nya,jdi untuk kulit kering sangat cocok...."
Heyxi Retinol Glowing Tone Up Cream,N***q,5,"Jenis kulit: Semua jenis kulit Manfaat produk: Untuk Mencerahkan, Meratakan warna pada wajah, Glowing Bahan: Bahannya Lembut Wangi banget enak"
Heyxi Retinol Glowing Tone Up Cream,F***b,5,"Pengirimannya cepat sampai,krimnya wangi,lembut,pas dipakai dingin, meresap,semoga setelah pakai krim ini mukaku jadi cerah"
Heyxi Retinol Glowing Tone Up Cream,U***s,5,ini pesanan yg kedua kali..aku dapat harga murce 47 rb cream nya wangi..isinya full penuh..kemasannya rapih.. semoga wajahku tambah glowing lg next order lg..makasih seller..
Heyxi Retinol Glowing Tone Up Cream,Z***j,5,"Teksturnya lembut di wajah, dan harum aromanya. Enggak lengket tapi mudah merata, semoga cocok."
Heyxi Retinol Glowing Tone Up Cream,D***n,5,"Barangnya sudah sampai, pengiriman nya juga cepat.. sesuai pesanan tekstur nya wangi, lembut di pakai nyaman di wajah ku.. thanks ya"
Heyxi Retinol Glowing Tone Up Cream,L***l,5,Suka banget sama cream HEYX1 baru tiga hari pemakaian kuliat wajah jadi lembab lembut dan kenyal netx bakal langganan order lagi🥰
Heyxi Retinol Glowing Tone Up Cream,A***q,5,"Bahan: Cream Manfaat produk:memutihkan, mencerahkan, anti keriput, memudarkan Jenis kulit: Semua jenis kulit Alhamdulillah paket udah sampai kk sudah aku pakai 2 hari kulit ku lembut, cerah ,glowing senang nya pengen ngaca terus hihi... Terimakasih henti terimakasih kk Terimakasih 🚴📦👌"
Heyxi Retinol Glowing Tone Up Cream,Q***s,5,"Maaf 🙏🙏br di kasi ulasn, barng udh tersegel,yampe dr kemarin""karena ingin lihat hasilnya dl.eeeh nyata ah Nyatany tekstur nya lembut dn sejuk kewajah saat di aplikasikan.membuat cerah wajah JD bersih.alhamdulillah cocok di aku nya.trimaksh HEYXI.🫰🫰.JD jth cinta.nanti mau co LG di sini.☺️😘"
Heyxi Retinol Glowing Tone Up Cream,E***h,5,"Jenis kulit: Jerawat aku sekarang gaadaan,udh pake 4wadah alhamdulillah hasil nya memuaskan aku kasih nilai 100 % lebih oke... Manfaat produk: Memutihkan,glowing,menghilangkan jerawat,flek hitam"
Heyxi Retinol Glowing Tone Up Cream,Z***j,5,"Paket Heyxi nya udah nyampe barusan kak, Harum wangi Cream nya, Tekstur nya juga bagus, Ada Campuran serum Sama Moist nya juga, Semoga Cocok Di kulit Aku, Thanks Kaka 😍🥰👍"
Heyxi Retinol Glowing Tone Up Cream,G***p,5,Manfaat produk: Mencerahkan Kulit dan Menunda Penuaan Dini Jenis kulit: Sawo Matang Udah pemakaian 4 hari ini smoga nnti klau habis pot pertama ini bkal pesan lg klau bagus dimuka aku ya min👍🥰.. Yg baju ijo tua sebelum pemakaian dn yg baju pink itu baru saja selesai pemakaian cream ini kalau the best cream nya bakal order lg👍
Heyxi Retinol Glowing Tone Up Cream,E***b,5,"barang asli original, expired masih lama, mudah diaplikasikan dan terasa sejuk diwajah, mudah mudahan muka ku cocok pake heyxi ini"
Heyxi Retinol Glowing Tone Up Cream,W***u,5,"untuk pengalaman pertama sejauh ini masih aman ga luntur sama sekali dan tahan sampe sore, ga bikin kusam Jenis kulit: oil + gampang keringetan"
Heyxi Retinol Glowing Tone Up Cream,R***m,5,"Dri pemakaian pertama tuh Uda nyaman di gtu , suka si wangi nya kalem dn ada efek tone up nya jdi gausa pke bedak lgi Uda 4hri pemakaian sdkit lebih cerah semoga ccok"
Heyxi Retinol Glowing Tone Up Cream,A***d,5,"Bahan: Aman Manfaat produk: Sebagai moisturizer Jenis kulit: Semua jenis kulit Aku baru coba beberapa kali nyaman tidak lengket ada efek tone up dikulit, Belum ada perubahan apa apa dikulit ku semoga cocok dan jadi glowing"
Heyxi Retinol Glowing Tone Up Cream,F***k,5,Maaf baru kasih ulasan.pengiriman cepat kemasan rapi barang bagus sesuai dengan yang dipesan exp nya masih lama produk halal udah BPOM pula. mudah²an cocok di kulit saya yang agak kusam.kurir nya baik dan ramah toko nya amanah terimakasih
Heyxi Retinol Glowing Tone Up Cream,W***p,5,Heyxi nya bagus sudah order beberapa x... Alhamdulillah cocok dan kulit jadi glowing dan cerah sudah BPOM juga harga terjangkau
Heyxi Retinol Glowing Tone Up Cream,K***w,5,"Barang dah sampai, trima kasih buat toko dan selernya serta kurir yg baik, moga prodaknya berhasiat buat kulit ku, ntar kalo ada perubahan, akan ku order lagi. Dan semoga cocok buat kulitku. Bahan: Bagus dan wangi Manfaat produk: Semoga bisa memudarkan plek di kulitku Jenis kulit: Berminyak dan banyak noda pleknya."
Heyxi Retinol Glowing Tone Up Cream,C***g,5,"Bahan: Wangi Manfaat produk: Mencerahkan wajah Jenis kulit: Kulit kering Baru datang paketnya ,ini yg ORI semoga cocok biar terus langganan di toko ini. Ini prodag sudah BPOM ,kalau yg sebelah sama bentuk tapi beda di tutup nya . Semoga cocok ya kak 🥰🙏😊pengiriman nya sangat cepat ya .... Dan pelayanan nya ramah, pakai bubble wrap juga"
Heyxi Retinol Glowing Tone Up Cream,O***b,5,"Bahan: berkualitas Manfaat produk: mencerahkan Jenis kulit: semua jenis kulit alhamdulillah... yg di tunggu akhir nya ready juga,suka sama tekstur nya gampang di bland dan wangi nya seka bgt👍🏻👍🏻🙏🏻🙏🏻🥰"
Heyxi Retinol Glowing Tone Up Cream,L***a,5,"Baru pertama kali coba semoga cocok, produknya bagus sekali😍wangi, harga terjangkau, respon penjual juga ramah dan baik sekali, kalo cocok next bakal order lagi🙏"
Heyxi Retinol Glowing Tone Up Cream,J***k,5,Bahan: Alami Manfaat produk: Pembersihan Jenis kulit: Normal Kualitas produk bagus bahan alami packing aman pengiriman cepat harga terjangkau semoga bisa terlihat khasiatnya
Heyxi Retinol Glowing Tone Up Cream,A***n,5,"Alhamdulillah paketnya datang dengan baik dan aman,meskipun ada sedikit kendala ,mudah""an cocok"
Heyxi Retinol Glowing Tone Up Cream,R***m,5,"Bahan: Cair dan kenyal Manfaat produk: Sesuai Jenis kulit: Belom coba tapi mdh"" an cocok.trimakasih"
Heyxi Retinol Glowing Tone Up Cream,Z***h,5,Kemasannya cantik bgt semoga hasilnya sebagus itu 🤭🙏🥰 next order lagi kalau cocok 🙏🙏
Heyxi Retinol Glowing Tone Up Cream,M***t,5,"Bahan: Krim Manfaat produk: Memutihkan kulit Jenis kulit: Normal Baru pertama x co, smoga cocok d kulit aku."
Heyxi Retinol Glowing Tone Up Cream,Y***g,5,Paket sudah diterima Buat tonup cream sangat bagus tanpa pakai bedak lagi
Heyxi Retinol Glowing Tone Up Cream,Y***q,5,Bagus Ga perlu pake bedak lg krn ini bagus untuk santai dn acara bikin wajah kencang
Heyxi Retinol Glowing Tone Up Cream,Q***y,5,Manfaat produk: Mencerahkan Bagus mencerahkan dan meratakan warna kulit
Heyxi Retinol Glowing Tone Up Cream,P***i,5,"Jenis kulit: Normal kering Manfaat produk: Mois, serum melembabkan dan mencerahkan kulit Baru mau coba keracunan toktok wkwk"
Heyxi Retinol Glowing Tone Up Cream,I***z,5,"Di Terima Dg Baik paketnya sesuai dengan Pesanan Pengiriman dan Pengemasan Baik dan Cepat, mumpung dpt Harga Murah,Buat Stock juga, Terimakasih..."
Heyxi Retinol Glowing Tone Up Cream,C***g,5,Paket sampai dengan aman.pesan 2 heyxi semoga cocok di aku masih pemula.aromanya wangi.
Heyxi Retinol Glowing Tone Up Cream,J***j,5,"Semoga cocok insya Allah klw cocok kita lanjutkan aku baru pakai 1 kali pas nympe langsung coba tekstur, lembut"
Heyxi Retinol Glowing Tone Up Cream,U***x,5,"Paket sudah keterima dgn baik, baru pertama kalinya beli, creamnya semoga cocok di mukaku biar beli lagi dsni.mksh kk"
Heyxi Retinol Glowing Tone Up Cream,O***c,5,Bahan: skincare Manfaat produk: mencerahkan Jenis kulit: kombinasi thanks seller brg mendarat dg selamat😍😍 pembelian ke 2 dr per 2pcs brg😍
Heyxi Retinol Glowing Tone Up Cream,F***n,5,"Paket sdh sampai,barang aman,ku coba gk ngedempul,ringan utk sehari”"
Heyxi Retinol Glowing Tone Up Cream,P***a,5,"Paket aku sudah smpai, murah dpat diharga 54rb 2pcs , blom dicoba sih moga aja cocok nih, sngat berharap bngat bisa cocok😌😇"
Heyxi Retinol Glowing Tone Up Cream,U***r,5,"Paketku sudah Dateng tadi pagi, baru pertama order dan baru pertama mau pake juga, dan langsung cek out 2 , mudah mudahan cocok next order lagi."
Heyxi Retinol Glowing Tone Up Cream,A***b,5,Bisa bikin glowing.aku pemakaian Bru 3 hari guys doain cocok yh biar bs co terus disini
Heyxi Retinol Glowing Tone Up Cream,J***t,5,Mewwwah banget kemasannya... Mudah2n cocok di aku ... Langsung d pakai enak juga sih
Heyxi Retinol Glowing Tone Up Cream,L***i,5,Bahan: Bagus Manfaat produk: Untuk memutihkan kulit wajah Jenis kulit: Kuning langsat
Heyxi Retinol Glowing Tone Up Cream,A***m,5,"Packing aman, barangnya mewah pengemassnya rapih. Belum d coba semoga cocok"
Heyxi Retinol Glowing Tone Up Cream,V***t,5,Terimakasih paketnya sudah sampai dgn selamat barang aslinya ya sesuai dengan keinginan no tpu2 pokonya mantul Tpi blm cobaya baru ini semoga cocok tokonya amanah bgt terimakasih selrnya ramah n kurinya baik .
Heyxi Retinol Glowing Tone Up Cream,S***e,5,suka banget sama cream ini aku udah restock lain lagi dan yang aku pake aja mau habis ni
Heyxi Retinol Glowing Tone Up Cream,Q***h,5,"Bahan: Cream pencerah Mencerahkan wajah Jenis kulit: Semua jenis kulit Baru pertama kali beli jadi gak tahu hasilnya gimana karena belum dipakai, mudah mudahan bagus seperti kata orang orang"
Heyxi Retinol Glowing Tone Up Cream,C***w,5,"Paket nya sudah sampai dengan cepat, tapi sayang isi nya dikit bolong tengah nya nga penuh, tapi bagus lah baru di pakai sekali nyobain bikin kulit putih langsung putih, belum di coba ke muka, klo bagus next order lagi👍"
Heyxi Retinol Glowing Tone Up Cream,X***t,5,Produk bagus tekstur lembut wangi mudah2an cocok
Heyxi Retinol Glowing Tone Up Cream,Y***n,5,"Paket sudah diterima dengan kondisi baik.... Ini pembelian ke 2, Alhamdulillah cocok flek sudah memudar,"
Heyxi Retinol Glowing Tone Up Cream,X***q,5,Alhamdulillah.cocok di kulit aku udah mulai ada perubahan selama pemakaian 3 bln ini piks bkal pesan lagi nanti 👍👍
Heyxi Retinol Glowing Tone Up Cream,E***b,5,Makasih kak paket udah sampai dengan kemasan yang baik walaupun ekspedisi lumayan lama kak tapi aku suka banget dengan produk Heyxi retinol cream dan aku udah pake 2 kali semoga cocok dimuka dan semoga ada hasilnya juga ya kak sukses selalu Ki untuk produk Heyxi retinol cream dan semangatnya kak
Heyxi Retinol Glowing Tone Up Cream,G***m,5,"Manfaat produk: Mencerahkan Jenis kulit: Semua kulit Smoga cocok, harus dn cpet meresap ke kulit enakk, smoga ada hasil nya, klo ada hasil nya bakalan langganan ini, pengiriman cpet"
Heyxi Retinol Glowing Tone Up Cream,U***c,5,Sayaaa suka sekali baru pertama kali beli semoga cocok 🥰🫶 Ringan dimukaa Wangi Tidak dempul
Heyxi Retinol Glowing Tone Up Cream,F***n,5,"Baru nyoba, produk nya bagus, cepat meresap dan tidak lengket. Kalau cocok order lagi"
Heyxi Retinol Glowing Tone Up Cream,T***q,5,"ihhh beneran dua datang x,,bagus aku coba oles kn di wajah aku langsung bening,,mudahan cocok ,klo cocok aku mau beli terus🙂👍👍,,bgus bgtt kinclong x aku suka ,ringan di kulit,good♥️👍👍👍"
Heyxi Retinol Glowing Tone Up Cream,X***o,5,"Pengiriman agak lambat sih, tp produk nya bagus sudah ku coba dan bneran glow banget makasih ya untuk seler nya kurir yang sekarang baik juga ramah Manfaat produk: Bagus"
Heyxi Retinol Glowing Tone Up Cream,C***r,5,"Pengiriman lumayan cepat, packing rapi sesuai pesanan 2 pcs 57 rb dan sesuai live, baru pertama kali coba moga cocok dgn kulit wajah saya yg sensitif ini semua sdh dicoba. Moga cocok dan bisa langganan terus... Manfaat produk: Moga mantul sesuai iklannya. Jenis kulit: Semua jenis kulit Bahan: Macam jelly2 gitu"
Heyxi Retinol Glowing Tone Up Cream,J***w,5,Bahan: menggunakan bahan yang bagus Manfaat produk: bisa mencerahkan dan melebabkan Jenis kulit: cocok untuk semua jenis kulit
Heyxi Retinol Glowing Tone Up Cream,P***h,5,Bahan: Gel Manfaat produk: Manfaat membuat wajah lebih putih Jenis kulit: Jenis kulit normal Pesanan sesuai creamnya enak dipakai mudah diblend
Heyxi Retinol Glowing Tone Up Cream,L***a,5,"Pengiriman cepat, cream nya bagus , pas di pakai muka jadi lebih cerah, penjual ramah"
Heyxi Retinol Glowing Tone Up Cream,W***i,5,terima kasih paket ku dh dtg barusan peking rapih aman..sesusi mudah mudahan cocok..ni aku langsung coba.enak d muka adem wangi.kya pers gitu seger dn enak glowing juga. mudah mudahan cocok baru nyoba.klo bagus order lgi..abg ny dh langganan ya baik dn sopan.ok mkasih
Heyxi Retinol Glowing Tone Up Cream,B***b,5,"Bahan: Jel Manfaat produk: Wangi, Katanya menyamarkan pori"" n memperbaiki muka kusam, blm di coba sih tp di tangan sdh ada after n before nya, semoga aku cocok soalnya aku baru"" pake cream yg bermercuri😔🙈 Jenis kulit: Kuning langsat"
Heyxi Retinol Glowing Tone Up Cream,J***n,5,Bahan: Lembut dan wangi Manfaat produk: Sangat bagus di kulit Jenis kulit: Semua jenis kulit
Heyxi Retinol Glowing Tone Up Cream,U***z,5,"Senang banget pas waktu barang nya tiba, langsung ku buka trus ku coba eehhh tau nya bagus banget, ak suka sekali produknya, amanah juga gak kecewa dech. Makasih ya🥰"
Heyxi Retinol Glowing Tone Up Cream,G***s,5,Jenis kulit: Ok Manfaat produk: Bagus Bahan: Baik Semoga bermanfaat dan ada perubahan di kulit menjadi lebih cerah tidak kusam .next kalo hasil baik bisa beli lagi trima kasih seler ramai selalu sukses trus🙏
Heyxi Retinol Glowing Tone Up Cream,U***o,5,Bahan: Sangat nyaman lembut di pake Manfaat produk: Mencerahkan dan mengencangkan Jenis kulit: Kulit kering
Heyxi Retinol Glowing Tone Up Cream,I***j,5,"Bahan: lembut tdk lengket dan sedikit bau harum Manfaat produk: bedakan no ribet sat sit set jdi Jenis kulit: Semua jenis kulit ,semoga cocok"
Heyxi Retinol Glowing Tone Up Cream,I***h,5,"Alhamdulillah pakainya sudah sampai, saya di paciran jatim pesan tgl 4 sampai tgl 7, terima kasih admin🙏🏻 semoga cocok😇 Teksturnya padat lumayan cair ,ringan di kulit"
Heyxi Retinol Glowing Tone Up Cream,I***j,5,Bahan: Adem gampang menyerap kedalam kulit Manfaat produk: Mencerahkan Jenis kulit: Normal
Heyxi Retinol Glowing Tone Up Cream,K***m,5,Bahan: berkualitas Manfaat produk: mencerahkan dan melembabkan kulit wajah Jenis kulit: cocok untuk semua jenis kulit
Heyxi Retinol Glowing Tone Up Cream,S***c,5,"Bahan: cremi ngk lengket Manfaat produk: buat cerahkan muka ,dn memudarkn flek Jenis kulit: berminyak"
Heyxi Retinol Glowing Tone Up Cream,F***m,5,"Bimillah cocok orderan pertama lgsg beli 2 krn lebih murah, di coba k tangan cepet meresap , tp tone up keliatan ntah mungkin krn banyak kerutan di tangan, baunya harum"
Heyxi Retinol Glowing Tone Up Cream,J***q,5,Jenis kulit: Normal Manfaat produk: Mencerahkan dan merawat kulit Bahan: Sensasi adem ketika di aplikasi in ke muka
Heyxi Retinol Glowing Tone Up Cream,X***v,5,Masya Allah paket aku dah sampai. Di pakai nya lembut dan ringan di kulit. Adem dan nyaman Mudah mudahan aku cocok 🤗🥰
Heyxi Retinol Glowing Tone Up Cream,T***b,5,"Jenis kulit: Semua jenis kulit Pengiriman cepat adminx ramah tdk mengecewakan semoga cocok soalx muka ku berminyak dan berjerawat semoga deegan pake produk heyxi bisa merasa mendingan,kalau cocok nanti pesan lagi Makasih"
Heyxi Retinol Glowing Tone Up Cream,J***v,5,"Bau nya wangi bgt, tempatnya juga terlihat bagus dan mewah, kemasannya juga rapi....😍😍 Nyoba satu dulu, mudah2an cocok, kalo cocok dan hasilnya bagus pasti beli lagi🥰"
Heyxi Retinol Glowing Tone Up Cream,P***j,5,Bahan: Oke lembut wangi Manfaat produk: Semoga seperti iklanya manfaat mujarab. Semoga flek menahunku segera pudar membaik balik seperti sebelumnya.
Heyxi Retinol Glowing Tone Up Cream,C***m,5,"Bahan: Halus, dingin di kulit. Manfaat produk: Menghaluskan dan meratakan warna kulit Jenis kulit: Normal"
Heyxi Retinol Glowing Tone Up Cream,S***n,5,Alhamdulillah sudah sampai paket nya BPOM heyxi retinol cream nya sangat bagus dimuka saya sangat cocok ini order yg kedua x nya . sangat sesuai.mantaaap
Heyxi Retinol Glowing Tone Up Cream,K***h,5,"Teksturnya ringan, gk lengket, langsung nyerap dikulit dan nggak ndempul"
Heyxi Retinol Glowing Tone Up Cream,J***m,5,"Sesuai pesanan, barang sampai dlm kondisi aman, lengkap, msh segel dan terlindung dengan baik. Pengiriman cepat dan seller sll memberikan info ttg produknya. Pak kurir ramah dan sdh mjd langganan. Produk blm dicoba smg hasilnya memuaskan dan cocok ☺🙏"
Heyxi Retinol Glowing Tone Up Cream,M***d,5,"Bahan: Ok. Manfaat produk : pengganti bedak, ada kandungan vitamin baik untuk wajah dan cocok untuk semua jenis kulit."
Heyxi Retinol Glowing Tone Up Cream,Q***f,5,Packing rapi dan asli bagus sekali produk Nya Sekali pakai aja udah tahan sampai Berjam & gak luntur walau kena air/ keringat suka banget 🥰🥰🥰🥰🥰
Heyxi Retinol Glowing Tone Up Cream,P***v,5,"Paket sudah d terima . Pesanan yang k dua x nya . Alhamdulilah baru abis 1 pot . Ya walau pun jarang"" pake nya tapi berasa bgt ada perubahan ny d wajah . Lembut kenyal halus . Terimakasih semua nya amanah 🙏🏻🙏🏻"
Heyxi Retinol Glowing Tone Up Cream,H***p,5,"Masya Allah bagus banget cocok sama aku crim heyxi ny , pesanan yg ke 2x ny,crim lembut wangi, trimksh udh amanah"
Heyxi Retinol Glowing Tone Up Cream,V***e,5,Mencerahkan kulit wajah Banyak varian Heyxi mengandung retinol & tone-up effect yang membantu: Kulit tampak lebih cerah instan (efek makeup) Mencerahkan bertahap dengan pemakaian rutin
Heyxi Retinol Glowing Tone Up Cream,V***n,5,Wangi dan murah lagi beli 2 cuman 54 RB Kulit ku cerah dlm 3 hari pemakaian 😘🥰
Heyxi Retinol Glowing Tone Up Cream,M***t,5,"Paket udah sampe packing nya rapih bagus, tebel,cream nya wangi semoga cocok d kulit aku terMakasih😍😍"
Heyxi Retinol Glowing Tone Up Cream,P***e,5,"Manfaat produk: Mencerahkan Jenis kulit: Semua jenis kulit Pas di pakai langsung meresap dan tidak lengket sama SE x ,mencerahkan"
Heyxi Retinol Glowing Tone Up Cream,U***l,5,"Aku udah beli 2 kali di toko ini bagus, Toko nya Amanah,, cocok d kulit aku bikin halus cerahh"
Heyxi Retinol Glowing Tone Up Cream,U***r,5,Barang sampai dengan aman Bahan: Bertektur jell Manfaat produk: Mencerahkan menghilangkan flek Jenis kulit: Aman semua jenis kulit
Heyxi Retinol Glowing Tone Up Cream,Q***n,5,masyallah alhamdulillah kk barang nya bagus banget kk di kulit ku cocok kk hilang semua noda hitam ku kk aku mw order lg kk 🤗🥰
Heyxi Retinol Glowing Tone Up Cream,T***x,5,"Baru mau coba semogga cocok🤲 Pengiriman nya sangat cepat👍 Packing nya rapih dan sangat amat aman terkendali🫶 Barang nya mendarat sampe rumah dengan aman tidak ada yg rusak,bocor/pecah👍👍👍 dapat harga 27ribu😍"
Heyxi Retinol Glowing Tone Up Cream,V***w,5,Baru pertama x coba tapi dikulit bagus bgt lembut gampang nyerap gak perlu pake bedak lagi wkwkw
Heyxi Retinol Glowing Tone Up Cream,M***o,5,Cream heyxi nya sudah sampai Alhamdulillah.... Kmaren pernah bli di tko sebelah rupanya gk asli yg asli cm di tko ini jdi jgn ragu untuk membeli produk di tko ini asli bpom dan amanah dtgnya tk pernah berbeda dgn pesanan yg pertama
Heyxi Retinol Glowing Tone Up Cream,P***k,5,Bahan: Wangi dan lembut Manfaat produk: Mencerahkan dan glowing Jenis kulit: Kulit kering
Heyxi Retinol Glowing Tone Up Cream,X***w,5,Paket sampai dengan aman... Baru pertama kali coba semoga cocok
Heyxi Retinol Glowing Tone Up Cream,Z***m,5,Paket sudah sampai Tapi tidak ada garis dua nya ini yang asli apa yang palsu ya? Belum di coba sih semoga aja cocok
Heyxi Retinol Glowing Tone Up Cream,Y***r,5,"Alhamdulillah Udh yg 3×, cocok di kulit wajahku..hasilnya mantul & glowing bngt🙏👍 Sukaaa 😍"
Heyxi Retinol Glowing Tone Up Cream,X***g,5,"Dah sampai barangnya kak,perdana pertama kali cobain semoga aja cocok ya kak kalau cocok bakal co lagi, thank you kaka"
Heyxi Retinol Glowing Tone Up Cream,I***b,5,"Brang smua sesuai ok bngt dpt harga 34 rb pula 😁 2pcs ,, bru prtma mau coba mudah2an cocok,, nexs order lgi klo cocok. Smoga sukses sllu ⭐⭐⭐⭐⭐Mksih untuk smuanya 🙏🙏🙏"
Heyxi Retinol Glowing Tone Up Cream,T***z,5,"Maaf baru kasih ulasn,barang sesuai pesann..semoga aja ccok soal ya baru coba🥰"
Heyxi Retinol Glowing Tone Up Cream,D***a,5,Paket sudah sampai.. Do'a kan cocok flek gak banyak dan tebal biar cepat hilang.. Terimakasih kak 👍🏼
Heyxi Retinol Glowing Tone Up Cream,R***y,5,"Alhamdulillah paket nya udah sampai kemasan rapi , baru mau coba mudah mudahan cocok makasih sukses selalu 🙏🏻"
Heyxi Retinol Glowing Tone Up Cream,M***s,5,"Baru d buka paketnya, sesuai pesanan semoga cocok d kulit wajah ku, kurir ramah sudah langganan"
Heyxi Retinol Glowing Tone Up Cream,T***l,5,"Alhamdulillah yang ditunggu akhirnya dtng jg makasih kk q udah cocok pakai ini,pokok semua 👍👍"
Heyxi Retinol Glowing Tone Up Cream,D***s,5,"alhamdullilah paketnya dah sampai dengan selamat,kurirnya ramah,pekingnya rapi,sesuai dengan live semoga cocok dan jadi langganan amin...."
Heyxi Retinol Glowing Tone Up Cream,X***p,5,Bahan: Aman Manfaat produk: Mencerahkan kulit Jenis kulit: Normal
Heyxi Retinol Glowing Tone Up Cream,Q***q,5,"Manfaat produk: Mencerahkan kulit wajah, semoga cocok di ibu ku"
Heyxi Retinol Glowing Tone Up Cream,V***b,5,"Barang baik,mncerahkan baru pemakaian sekali oles,next bli lg"
Heyxi Retinol Glowing Tone Up Cream,B***z,5,"Paket ke 2 sdh tiba, tinggal nunggu paket ke 3, Alhamdulillah msh dpet hrga promo gratis ongkir juga dpet hrga diskon,paket ke 1 udh nyampe kemarin, terimakasih seller semoga cocok bisa jdi langganan 🙏🙏"
Heyxi Retinol Glowing Tone Up Cream,F***s,5,Paket sdh sampai dgn selamat. Tokonya amanah sesuai pesenan semuga cocok di aku next order lg mksh...
Heyxi Retinol Glowing Tone Up Cream,L***g,5,"Alhamdulillah barang nya sudah sampai,,,packing nya juga aman,,,semoga cocok ya di aku 😀"
Heyxi Retinol Glowing Tone Up Cream,G***i,5,Alhamdulillah paket sudah sampai barang sesuai baru pertama beli semoga cocok bisa jdi langganan
Heyxi Retinol Glowing Tone Up Cream,J***m,5,Alhamdulillah paketnya sudah datang & baru pertama nyoba semoga cocok yh 😊 Alhamdulillah dapat harga 42rebu dapat 2 nichhh 😀🙏😘
Heyxi Retinol Glowing Tone Up Cream,P***r,5,"Barang sampai sesuai pesanan, semoga cocok dengan kulit berminyak aku.. Kurir ramah.."
Heyxi Retinol Glowing Tone Up Cream,H***w,5,MasyaAllah paket ya sdh dtg langsung aku cobain emg sebagus ini produknya suka bgt
Heyxi Retinol Glowing Tone Up Cream,L***q,5,"Produk nya asli, penjual amanah, semoga cocok di kulit ku"
Heyxi Retinol Glowing Tone Up Cream,D***z,5,Alhamdulillah paket nya udah datang dapat harga 36 ribu 2 picis. Mudah mudahan cocok blm di coba
Heyxi Retinol Glowing Tone Up Cream,D***m,5,Makasih kk paketnya sudah sampe pengirimannya gercep banget 🤗 semoga cocok di aq Mas kurir nya juga baik makasih 🙏 Klau cocok nanti bakal order lagi 😊
Heyxi Retinol Glowing Tone Up Cream,S***o,5,"Alhamdulillah udah datang belum coba semoga cocok untuk kulit wajah aku,dpt harga promo saat live klo cocok next order lagi"
Heyxi Retinol Glowing Tone Up Cream,W***a,5,Belum si coba jdi gak tau cocok apa enggak tpi mudah2n ccok ya.. Dan mudah2n ini ori krn di ttup nnya gak ad garis gtu dan tdk lengket teksturnnya..
Heyxi Retinol Glowing Tone Up Cream,G***t,5,"Realpict sesuai pesanan, baru mau coba² semoga cocok d kulit badak ku ini🤲🤭"
Heyxi Retinol Glowing Tone Up Cream,L***s,5,Manfaat produk: Mencerahkan melembapkan Jenis kulit: Berminyak
Heyxi Retinol Glowing Tone Up Cream,W***b,5,Bahan: Mantul Manfaat produk: Sangat baik Jenis kulit: Normal
Heyxi Retinol Glowing Tone Up Cream,I***g,5,Senengnya sdh nyampai isinya benar 2 mudah2an makin tambah gllowing ya kak terimakasih
Heyxi Retinol Glowing Tone Up Cream,B***q,5,SDH yg kesekian x nya pake produk ini cocok bnget JD co dan co terus mksh ya SMG gak naik naik harganya 😁🥰🥰🥰🙏🙏🙏
Heyxi Retinol Glowing Tone Up Cream,H***k,5,"baru pertama kali, semoga cocok 🙏 pengiriman nya cepat terima kasih 🤗"
Heyxi Retinol Glowing Tone Up Cream,O***d,5,Paket nya dating dengan selamat Dan pekejing nya rapih Tapi bedak nya Blum di coba tunggu review yang selanjut nya ya gaes Semoga cocok di aku ya بِسْمِ اللَّهِ الرَّحْمَنِ الرَّحِيمِ Percobaan pertama semoga cocok aminn🥰 Semoga touch nya amanah ya
Heyxi Retinol Glowing Tone Up Cream,R***y,5,Bahan: mantul Jenis kulit: semua jenis kulit Manfaat produk: mencerahkan
Heyxi Retinol Glowing Tone Up Cream,A***w,5,"Alhamdulilah sesuai pesanan,mudahan cocok hasilnya..., kalau cocok,bagus... insyaallah jadi langganan terimakasih 🙏🏻"
Heyxi Retinol Glowing Tone Up Cream,X***i,5,"Terimakasih Sudah sampai, baru mau nyoba semoga cocok, kalo udah 2minggu mau balik lagi kasih testimoni"
Heyxi Retinol Glowing Tone Up Cream,Z***b,5,"Terima kasih paket ku sudah tiba diantar tadi kemasan nya rapih, aku udah hampir abis lima pot"
Heyxi Retinol Glowing Tone Up Cream,W***y,5,"Alhmdulillah barangnya baru nyampe,ini pertama x beli mudah""an cocok di kulitnya"
Heyxi Retinol Glowing Tone Up Cream,M***d,5,"Mantul... Skincare 2in1, yang pengen sat set tanpa ribet cocok pakai heyxi"
Heyxi Retinol Glowing Tone Up Cream,K***p,5,"packaging bagusss, semoga cocok soalnya baru order prtma kali, wangi."
Heyxi Retinol Glowing Tone Up Cream,P***l,5,"Paket dah sampai, semoga cocok di muka aku yang sensitif"
Heyxi Retinol Glowing Tone Up Cream,O***x,5,"Alhamdulillah penguriman cepat, produk sangat baik cocok"
Heyxi Retinol Glowing Tone Up Cream,X***m,5,Sesuai pict semoga cocok di muka aku🥰🥰 ini kemasan lama yaa😁
Heyxi Retinol Glowing Tone Up Cream,D***e,5,"Baru sampai,,langsung di coba ehh di luar dugaan ternyata bagus banget🥰 Pertama kali memakainya udah se wow ini🥰🥰"
Heyxi Retinol Glowing Tone Up Cream,F***u,5,Aku udah abis tiga pot sama yang sekarang heyxi nya Bagussss 👍👍👍
Heyxi Retinol Glowing Tone Up Cream,H***f,5,"Alhamdulillah... Paketnya baru nyampe, sudah dicoba mudah2 cocok"
Heyxi Retinol Glowing Tone Up Cream,H***h,5,Terima kasih ya kak sdh cepat dikirim ke alamat saya dan saya coba diwajah saya mudah2an cocok ya kak terimakasih... 😊
Heyxi Retinol Glowing Tone Up Cream,X***u,5,"pengiriman cepat bru kmren pesen pertama x pake mudah""an cocok bismillah,terima kasih sukses trus buat toko sma abang kurir"
Heyxi Retinol Glowing Tone Up Cream,Q***d,5,Maap baru saya kasih ulasan paketnya sudah sampai sesuai pesanan bagus sekali saya suka sekali makasih banyak ya kak semoga lancar terus usaha amin 🙏
Heyxi Retinol Glowing Tone Up Cream,G***u,5,"Alhamdulillah paket sudah sampai dengan amanah, saya pemula semoga cocok ya🥰"
Heyxi Retinol Glowing Tone Up Cream,Z***x,5,paketnya dah datang wangi .moga cocok harga murceu .dapet 2 lg makasih kak 🙏 kl cocok nanti beli lg ea 🥰
Heyxi Retinol Glowing Tone Up Cream,O***d,5,"Pket mendarat dngan bagus,Peking rapi,kurir baik,,baru pertama nyoba smga cocok,,,Nex tim order lagi🫰🫰🫰👌"
Heyxi Retinol Glowing Tone Up Cream,X***g,5,"Paket cream nya SDH DTG ,semoga cocok bisa menghilangkan flek di muka sy ."
Heyxi Retinol Glowing Tone Up Cream,Y***u,5,"Bagus kok, semoga lbh bagus lg setelah pemakean rutin"
Heyxi Retinol Glowing Tone Up Cream,X***u,5,Kualitasnya bagus sekali dan produknya bagus sekalidan dan cocok untuk kulit wajah
Heyxi Retinol Glowing Tone Up Cream,Y***v,5,Bahan: Retinoid cream Manfaat produk: Menutrisi kulit mengurangi garis2 halus Jenis kulit: Semua
Heyxi Retinol Glowing Tone Up Cream,K***y,5,Alhamdulilah paket datang cepat kurir langganan 👍 masih mau coba Smg cocok jadi langganan 👍
Heyxi Retinol Glowing Tone Up Cream,O***x,5,Baru pertama kali coba. Produk ori semoga cocok buat mama🙏😇
Heyxi Retinol Glowing Tone Up Cream,U***u,5,"Bahan: Tekstur ringan, lembut, jelly, cepat menyerap aman dan wanginya harum. Manfaat produk: Menghaluskan tekstur kulit,melembabkan, mencerahkan, mengurangi garis² halus pada kulit muka. Jenis kulit: Berminyak"
Heyxi Retinol Glowing Tone Up Cream,S***w,5,"Bahan: Lembut dan cepat merata dikulit dan halus Manfaat produk: Melembabkan, meratakan dan mengurangi noda hitam dan keriput serta mecerahkan kulit, dipakai awet dan lebih glowing"
Heyxi Retinol Glowing Tone Up Cream,K***i,5,Maaf kak sangaja baru ngasih ulasan karna pingin tau hasil nya dulu...Alhamdulillah...cocok bangat di muka saya fkek memudar wajah lebih cerah cuma pemakaian 2kali hasil nya wooww seneng bangat nemu produk yang cocok di muka saya yang sebelumnya gonta ganti produk makasih kak..sukses slalu....
Heyxi Retinol Glowing Tone Up Cream,E***h,5,"Sudah sampai dngn selamat, kemasan cntik n unik, aromany wangi, mdh*n cocok sm sy🥰"
Heyxi Retinol Glowing Tone Up Cream,W***f,5,Bagus d pake langsung glowing muka ku makasih reseller dah jual barang bagus makasih juga utk kurir yang selalu ramah 🙏 next order lagi
Heyxi Retinol Glowing Tone Up Cream,J***e,5,Wangi sy cb bener ada tone up kulit wajah JD cerah Cm sprtinya isinya kurang penuh y cm setengahnya pas dibuka Terimakasih banyak
Heyxi Retinol Glowing Tone Up Cream,N***u,5,Bahan: Cream Manfaat produk: Untuk wajah bikin glowing Jenis kulit: Semua jenis Alhamdulillah sampe dgn aman dapat harga murce 2picis dapat 46rb
Heyxi Retinol Glowing Tone Up Cream,V***c,5,Crim siangnya udh sampai pengemasan rapi barang aman tdk rusak semoga cocok bisa menghilangkan flek aku next time order lg
Heyxi Retinol Glowing Tone Up Cream,X***f,5,"Alhamdulillah paket aku dah sampai, sesuai sama pesanan aku, paketannya rapi, mewah banget bentuk creamnya, cuma agak lama sampainya oleh kurirnya berbelit belit, tingkatkan lagi ya kurirnya terima kasihh"
Heyxi Retinol Glowing Tone Up Cream,J***c,5,"Alhamdulillah yg kutunggu2 datang juga pengiriman cpt,cream nya enk di pke nyaman mudah2an cocok klu cocok co Lg buat langganan sdh BPOM,mksh toko amanah mksh bang kurir nya langganan ku 👍👍"
Heyxi Retinol Glowing Tone Up Cream,L***u,5,Itu aku udh amboksing paket yg KK ya kirim bagus wagi bedakya dan di pakek digin di kulit dan semoga cocok Ama produknya biar jadi lagganan ya semoga slalu amanah ya dan makassih PK kurir yg udh anterin
Heyxi Retinol Glowing Tone Up Cream,I***n,5,"Enak sih dipakai ringan , mewah lg ttupnya bsa buat ngaca wkwkwk semoga cocok"
Heyxi Retinol Glowing Tone Up Cream,Z***y,5,Bahan: Dingin Manfaat produk: Melembabkan Jenis kulit: Berminyak pengiriman sangat cepet ... mudah²an cocok baru cobaa...abang kurir ya ufh langganan .... sukses y kk amanah ya di pertahankan
Heyxi Retinol Glowing Tone Up Cream,S***k,5,"Bagus bngettt,produknya lmbut,wangi..aq suka bru 2hri pemakaian ... The best pokonya bkin kulit glowing parah 🥰🥰🥰🥰"
Heyxi Retinol Glowing Tone Up Cream,C***y,5,"Paket aku sudah sampai packing nya rapi trus kurirnya juga ramah pengirimannya juga cepat, trus produknya wangi tp masih belum di coba semoga cocok di wajah aku ya biar bisa langganan trus di toko ini,,, sukses selalu buat tokonya 🥰"
Heyxi Retinol Glowing Tone Up Cream,B***e,5,"Alhamdulillah paket sudah sampai, cream nya harum , baru pertama kali pakai semoga ccok di aku klo ccok bisa Co lagi😁"
Heyxi Retinol Glowing Tone Up Cream,T***d,5,Bahan: Lembut Manfaat produk: Bisa membantu kulit gelap Jenis kulit: Sawo mateng
Heyxi Retinol Glowing Tone Up Cream,D***s,5,Alhamdulillah akhirnya yg ku tunggu-tunggu datang jga asli barang nya bgus bnget smga cocok di muka aku
Heyxi Retinol Glowing Tone Up Cream,Q***r,5,Pas di pake ke muka dingin dan wangii semoga cocok Dapat hrga 35rb 2pcs😊
Heyxi Retinol Glowing Tone Up Cream,A***b,5,"yeyyyy paket ku udh sampai,,kondisi sangat aman, cepet bgt pengirimannya nya cuman sehari udh smpe, gakaleng2 emg krim HEYXI ini,, cocok di aku,, ini yg ke 2x nya aku order,, kurir ramah dan udh langganan juga 🤭 berkah slalu buat produk HEYXI makasih juga buat abang kurir nya 👍🙏"
Heyxi Retinol Glowing Tone Up Cream,Y***w,5,Bahan: Tekstur nya lembut Manfaat produk: Belum di coba Jenis kulit: Normal Belom di coba semoga cocok ya Dan jujur kyk nya ini toko nya sedekah soal nya harga murah banget di kasih bonus juga baik banget reseller nya
Heyxi Retinol Glowing Tone Up Cream,J***o,5,"Toko amanah beli yg kedua kali udh punya 6 buat stok Klu soal hasil ga bisa mastikan Krn ga setiap hari pake,dipake klu mau pergi2 aja pengganti beda bagus wangi lembut Terimakasih"
Heyxi Retinol Glowing Tone Up Cream,Y***o,5,"Alhamdulillah paket saya sudah datang, kemasannya rapi, cream Heyxi nya wangi, smoga cocok sama saya nanti order di toko ini lagi, kurirnya juga ramah terimakasih 🙏🏿🙏🏿"
Heyxi Retinol Glowing Tone Up Cream,T***f,5,"Alhamdulillah sudah sampai Bauk nya wangi,hasilnya belum tau karna baru kali ini Makai,mudahan cocok ya, trimakasih mbak selernya amanah pakingannya jugak rapi,kurir nya baik ramah trimakasih banyak"
Heyxi Retinol Glowing Tone Up Cream,P***r,5,Bahan: Lembut Manfaat produk: Membantu mencerahkan wajah Jenis kulit: Semua jenis kulit
Heyxi Retinol Glowing Tone Up Cream,M***w,5,"Alhamdulillah sekian lama menunggu akhirnya barangnya sampai dengan aman paking nya rapi bangat,semoga cocok dengan produk ini di wajah aku.😊"
Heyxi Retinol Glowing Tone Up Cream,Z***o,5,Paket sdh saya terima y KK langsung saya coba trnyta bagus lho tekstur'y ringan TDK lengket smga toko'y berkah barokah...amin🤲
Heyxi Retinol Glowing Tone Up Cream,C***w,5,"Good texture, smells good too, hopefully suits my sensitive skin...thank you seller!"
Heyxi Retinol Glowing Tone Up Cream,A***y,5,pengiriman lumayan cpet dan cara pengemasannya juga sangat rapih..aroma creamnya wangi semoga cocok di kulit aku dan terima kasih buat abang kurirnya yg sangat baik dan sopan dan juga terima kasih buat tokonya sangat amanah sekali 🥰😍🙏🙏
Heyxi Retinol Glowing Tone Up Cream,I***l,5,"Bahan: Creame Manfaat produk: Mencerahkan kulit muka Jenis kulit: Semua jenis kulit Paket sudah diterima dengan baik… Puas sesuai pesanan,Makasih"
Heyxi Retinol Glowing Tone Up Cream,D***v,5,Bahan: Halus Manfaat produk: Untuk menghilangkan sel kulit mati dan mencegah penuwaan dini Jenis kulit: Biyasa
Heyxi Retinol Glowing Tone Up Cream,R***a,5,Bagus banget. Muka ku glowing bersih . Sebelum mandi dan sesudah di pakai. Ginclong banget. Jangan ragu beli ini beneran ORI bagus. Pasti langganan sukses tokonya berkah amanah 🫰🥰⭐⭐⭐⭐ ⭐⭐⭐⭐⭐⭐⭐⭐
Heyxi Retinol Glowing Tone Up Cream,T***o,5,Paket sudah Dateng udah di pakai beberapa hari ini awal Makai agak perih sikit sekarang udahh ngak lagi mungkin dia menutrisi kewajah Kali ya Semoga mangkin cocok next bakalan order lagi😘😘😘😘😘
Heyxi Retinol Glowing Tone Up Cream,V***g,5,Waaah.... produk ini benar2 mantaaaap abiiiissss josss gandos abis unboxing lsg pakai di wajah lsg ada perubahannya terbukti kulit jadi lebih kencang awalnya wajah keriput jangan ragu utk beli produk ini terima kasih
Heyxi Retinol Glowing Tone Up Cream,R***e,5,"Syukaaa bnget dgn Retinol Hiexy ini😍pkokny Produkny bukan kaleng², mna kurirnya jg ramah bnget, ini udah psanan yg ke 3 kalinya ntuk aku, Sembari ku pake dan ku jual jg, di daerah ku bnyak yg suka dgn produk ini😍 Pkoknya love Sekeboonnn🫶🏻🫶🏻🫶🏻🫶🏻🫶🏻"
Heyxi Retinol Glowing Tone Up Cream,S***i,5,"Liat reviewnya pada komen bagus, sya jd penasaran,ini pembelian pertama...mari kita coba utk kondisi kulit sya yg kering dan berflek apakah akan ada perubahan, apakah cocok...mudah2an cocok sih yah, terimakasih"
Heyxi Retinol Glowing Tone Up Cream,E***m,5,"Alhamdulillah paket udh smpe dgn baik,,tokonya bener"" amanah,barang sesuai yg di harapkan,,cream nya lmbut,wangi,mudah""n cocok di muka aku,mksih buat smuanya,Abang kurir ramah udh lngganan,,"
Heyxi Retinol Glowing Tone Up Cream,K***y,5,"sudah co ke 2 kalinya, produknya enteng banget buat di pakai di muka"
Heyxi Retinol Glowing Tone Up Cream,G***l,5,"Akhamdulillah paket nya sdh datang,barang sesuai dgn pesenan murah dan wangi lg,semoga aku cocok dgn cream ini"
Heyxi Retinol Glowing Tone Up Cream,S***n,5,"Barangnya udah sampai kemarin,dan aku Uda coba tadi bagus banget.tapi mudah-mudahan cocok dan ngk merusak wajahku"
Heyxi Retinol Glowing Tone Up Cream,C***n,5,Paket nya dah datang cepat bagat. Semoga cocok di muka aku biar jadi langganan. Aku suka bauk nya wanggi bagaaaat.
Heyxi Retinol Glowing Tone Up Cream,T***z,5,Maaf baru kasih ulasan karna mau liat hasilnya..semuanya bagus Bahan: Alus lembut Manfaat produk: Muka Jenis kulit: Semua jenis kulit
Heyxi Retinol Glowing Tone Up Cream,M***n,5,allhmdulilah udh aku pake dan udh abis 1 enak dpakenya lngsung meresap kwajah dan ini psnan aku yg ke 2 kalinya dan dpt harga murah dan tokonya jg amanhpokonya sukses buat smuanya🤗🤗👍🏻👍🏻⭐⭐⭐⭐⭐🙏🙏
Heyxi Retinol Glowing Tone Up Cream,K***i,5,Barang sdh sampai Aku coba di tangan enk resep dan tidak panas.suka aku dengan produk ini semoga cocok ya aku nya.
Heyxi Retinol Glowing Tone Up Cream,C***b,5,Wangi teksturnya lembut ada cair2 nya gitu baru mau Coba pakai ini moga cocok
Heyxi Retinol Glowing Tone Up Cream,P***s,5,"Alhamdulillah Udah psan yg ke 3 kalinya, Aku Pkai smbil ku jual jg, bnyak bnget yg suka dgn Retinol Hiexy ini🤩 skrg aku CO lgi 4 Pot, smoga Amanah slalu yah tokonya, & Kurirnya jg Ramah bnget plissss💃🏻🥰"
Heyxi Retinol Glowing Tone Up Cream,H***e,5,"cocok diwajah aku jadi bersih ,tokonya amanah pembelian kedua ini dikasih bonus trimakasih bonusnya🙏🥰"
Heyxi Retinol Glowing Tone Up Cream,O***q,5,Bahan: Original Manfaat produk: Menghilang flek hitam Jenis kulit: Semua jenis kulit Semoga bagus ya covok sm ini 😍 baru mau coba semoga gak kemakan iklan lagi q mah q rutinin pake soalnya q langsung beli 4 😁
Heyxi Retinol Glowing Tone Up Cream,P***q,5,"Bahan: cream retinol Manfaat produk: belum ada hasil krna baru dicoba sekali Jenis kulit: semua jenis kulit diterima dalam keadaan baik, terimakasih reseller semoga ada perubahan untuk warna kulit ku yg tidak merata, saya beli seadanya minta rela ya 🙏"
Heyxi Retinol Glowing Tone Up Cream,E***x,5,Bahan: Krim Manfaat produk: Muka Jenis kulit: Semua jenis kulit Maaf telat kasih ulasan nya kak PKK nya produk sesuai dengan pesanan dan sesuai gambar dan smoga cocok d aq 👍 Thanks yahh seller & kurir semoga sukses selalu 🤲🙏
Heyxi Retinol Glowing Tone Up Cream,L***k,5,Bagus banget aku pas Dateng udah langsung tak coba dan waw muka ku langsung glowing gthhhh
Heyxi Retinol Glowing Tone Up Cream,S***v,5,Dari tekstur heyxi nya enaken dingin langsung menyerap ke kulit Muka gelap pake heyxi semoga aja cocok di muka
Heyxi Retinol Glowing Tone Up Cream,A***x,5,"Alhamdulillah barang sudah diterima dan sesuai dengan pesanan, semoga cocok dikukit saya yang berminyak, terimakasih banyak"
Heyxi Retinol Glowing Tone Up Cream,F***o,5,"Bahan: Cantik Manfaat produk: Untuk menghilangkan flek Jenis kulit: Semua jenis kulit Semoga segera terangkan yah Flek yg ada di muka ku ini, Semoga juga cocok soalnya baru mau pke"
Heyxi Retinol Glowing Tone Up Cream,S***r,5,"Bahan: Adem, gel campur krim Manfaat produk: Membuat kulit kenyal Jenis kulit: Berminyak"
Heyxi Retinol Glowing Tone Up Cream,P***v,5,Bru mau coba semoga cocok packing nya mewah harum dingin dan ringan klau cocok bisa berlangganan ini
Heyxi Retinol Glowing Tone Up Cream,Z***b,5,"Bahan: Lembut Manfaat produk: Bagus Jenis kulit: Normal Alhamdulillah pket dah mendarat dapet yg tutup nya polos isi nya ga penuh perdana mudh""n cocok.."
Heyxi Retinol Glowing Tone Up Cream,T***l,5,"Bahan: Sangat lembut wangu Manfaat produk: Menceratkan ,mengglowingkan Jenis kulit: Kulit kering"
Heyxi Retinol Glowing Tone Up Cream,Z***b,5,Pesasanan untuk yg ke 2 kali nya secinta ini aku sama heyxi enak banget sekarang ke mna.mna gk usah pke bedak cukup sanscren sama heyxi🥰❤️❤️❤️
Heyxi Retinol Glowing Tone Up Cream,X***r,5,"Bahan: Jel Manfaat produk: Perawatan wajah Jenis kulit: Normal Alhamdulillah heyxi nya udah dateng, pengirimannya ceper cuma 1 hari, pengepakannya rapi, tokonya amanah, heyxi nya isinya sedikit cuma setengahnya, semoga cocok di aku, nanti aku beli lagi, abang kurirnya baik ramah sopan dan jujur, makasih dan sukses selalu juga berkah"
Heyxi Retinol Glowing Tone Up Cream,R***e,5,"Bahan: lembut Manfaat produk: mencerahkan muka Jenis kulit: cocok untik semua jenis kulit belum tau hasil nya y baru coba ni klu produk nya bagus BPOM,klu cocok order lgi"
Heyxi Retinol Glowing Tone Up Cream,B***u,5,"Udah di coba EMG meng-glowingkan sih entah sementara atau EMG mencerah kan,GK tau juga TPI semoga cocok dan EMG bener mencerahkan ya.."
Heyxi Retinol Glowing Tone Up Cream,R***m,5,Sesuai pesanan Bahan: Bagus Manfaat produk: Baik Jenis kulit: Semua jenis kulit
Heyxi Retinol Glowing Tone Up Cream,Q***p,5,Baru sya pake beberapa hari semoha cocok tpi awal pake emang gk dempul trus lembap dikulit smoga cocok dgn kulit muka sya
Heyxi Retinol Glowing Tone Up Cream,W***h,5,"Dah dua kali beli disini,,ngak nyesal krn paket nya dtg dengan tepat ,kurir nya ramah dan sangat bermanfaat juga ,,,sukak bangat,,sukses selalu😇"
Heyxi Retinol Glowing Tone Up Cream,B***i,5,"Suka banget makai produk ini karena bisa mengtuneup,bikin kulit cerah."
Heyxi Retinol Glowing Tone Up Cream,S***n,5,"Bahan: Halus Manfaat produk: Buat wajah kusam Jenis kulit: Normal Semoga cocok di wajahku, langsung ku coba bagus kayaknya,. Semoga cocok sama aku."
Heyxi Retinol Glowing Tone Up Cream,B***f,5,Bagus banget enak jugaaa lembut pokoknya enak banget harus cobaa murah tp ngga murahan koooo dijamin aman
Heyxi Retinol Glowing Tone Up Cream,F***y,5,"Puji Tuhan barang sdh datang , yg satu isinya gak penuh dan agak encer , yg satu isinya penuh dan gak encer ..dua2nya mudah di blend ,baru di coba di tangan blm di muka ..ini pertama x saya beli ini"
Heyxi Retinol Glowing Tone Up Cream,B***b,5,Bagus banget enak jugaaa lembut pokoknya enak banget harus cobaa murah tp ngga murahan koooo dijamin aman
Heyxi Retinol Glowing Tone Up Cream,K***a,5,Manfaat produk: Mencerahkan kulit Tekstur kulit lembut dan sedikit cerah baru pertama mencoba dan beli 2 HEYXI
Heyxi Retinol Glowing Tone Up Cream,C***b,5,Coba apply di tangan adem gampang menyerap juga... Bluk coba ke wajah smoga cocok🥰🥰
Heyxi Retinol Glowing Tone Up Cream,U***f,5,Alhamdulillah bedaknya sudah sampai dengan aman walopun agak lama ☺ Bedaknya wangi lembutttt saya sukaaa Makasih yaa kak
Heyxi Retinol Glowing Tone Up Cream,E***t,5,Bahan: Tidak lengket Manfaat produk: Bagus di kulit aku Jenis kulit: Cocok
Heyxi Retinol Glowing Tone Up Cream,L***h,5,Skin type: Kombinasi Product benefit: Di wajah aq first time jadi glass skin gitu deeeh. Pertama di aplikasi aq pake yang ada di penutup nya kan yaah. Naah aq pake itu look like bedak gitu pas di wajah tapi gak pektay atau abu”. Aq pake pagi niih gpp kan yaah. Yaaah video nya kurang 6detik. Jd gak bisa d unboxing
Heyxi Retinol Glowing Tone Up Cream,B***d,5,"Sengaja baru kasih ulasan wow gong bgtt Masya Allah baru pake langsung glowing putih cerah wajah aku bersih bersinar bercahaya, kalian wajib cek out buwanyak sih aku nyesel cuma cek out satu , ahhh pokoknya mau beli lagi sebelum PO atau kehabisan stok sumpah deh kalian wajib co sebelum kehabisan beb"
Heyxi Retinol Glowing Tone Up Cream,L***u,5,Bahan: Lembut dan harum Manfaat produk: Mencerahkan Jenis kulit: Semua jenis kulit
Heyxi Retinol Glowing Tone Up Cream,F***q,5,Manfaat produk: Bagus bikin lembab kulit Jenis kulit: Semua kulit Bahan: Ok
Heyxi Retinol Glowing Tone Up Cream,D***i,5,Bagus wanginya soft coba di tangan ringan semoga cocok untuk nenek saya
Heyxi Retinol Glowing Tone Up Cream,G***q,5,paket sudah sampai.barang yang sy beli sesuai dengan di video.wangi & tidak melekat.produknya bagus srkali
Heyxi Retinol Glowing Tone Up Cream,Z***f,5,Barang bagus Peking dan kemasan rapih kualitas oke punya harga murce..tapi sayang pengiriman yg lumayan lama keseluruhan ok trimakasi 🙏😊
Heyxi Retinol Glowing Tone Up Cream,J***q,5,Terimakasih seler paket udah sampe rumah rapi aman bagus👍🏽👍🏽👍🏽👍🏽 isi nya penu.langsong saya pakek..benar benar berkuwalitas bagus.bikin ganteng betoll👍🏽👍🏽👍🏽🤩
Heyxi Retinol Glowing Tone Up Cream,D***n,5,Alhamdulillah paketnya sudah datang kemasan rapi ini aku udan co yang kedua kalinya pokoknya bagus deh krimya
Heyxi Retinol Glowing Tone Up Cream,M***b,5,"Ngak sempet foto brngnya pas masih utuh, ini aku cmn foto aja pas udah di unboxing, jadi ngak lama ya. Dan arangnya udah sampai pengiriman nya cpt dan ini pertama kali nyoba semoga produknya cocok ya sama aku."
Heyxi Retinol Glowing Tone Up Cream,Umi,5,"paketnya datang dengan selamat, produknya cukup bagus, senangnya biss cod, baru di coba, kalau cocok mau beli lagi, ok... trima kasih kk"
Heyxi Retinol Glowing Tone Up Cream,A***l,5,"Paket sampai dengan selamat, pengemasan rapi dan aman, pengiriman cepat dan fast respon, seller juga responsif. Belum di coba, tapi semoga cocok. Terimakasih seller semoga sukses selalu."
Heyxi Retinol Glowing Tone Up Cream,J***y,5,Paket sudah diterima dengan baik pengiriman Sangat cepat..sengaja Bru ksih ulasan krna mau tau dulu bgus/gx...produk ORI wangi ..dapet 2pcs dgn hrga 34.cuman pas d pake d muka AQ malah jerawatan &komedo😓😓..
Heyxi Retinol Glowing Tone Up Cream,C***s,5,Bahan: Retinol Manfaat produk: Utk mencerahkan kulit wajah Jenis kulit: Semua jenis kulit kecuali yg sensitif
Heyxi Retinol Glowing Tone Up Cream,Y***i,5,"Bahan: Retinol crean Manfaat produk: Mengatasi masalah kulit wajah,seperti,noda bekas jerawat,muka kusam dll,membantu mencerahkan kulit wajaw Jenis kulit: Kulit wajah"
Heyxi Retinol Glowing Tone Up Cream,U***a,5,Jenis kulit: Cocok untuk kulit sensitif Manfaat produk: Jadi glowing Bahan: Wangi Bagus dan wangi mudah mudahan cocok ya
Heyxi Retinol Glowing Tone Up Cream,O***f,5,"Bahan: tekstur mix Jenis kulit: sensitif saya belum tau manfaatnya karna belum coba tapi mudah2an bneran manjur dikulit wajahku, pusing nyari2 skincare apa yg cocok dikulitku mau ke klinik ada duit tapi masih sayang hhhee semoga sesuai yg saya harapkan biar langganan beli HEYXI 😇😇"
Heyxi Retinol Glowing Tone Up Cream,O***t,5,"alhamdulillah pAket datang sesuai yang saya harapkan, respon cepat, kurir ramah sopan ,gati pokok nya sangat puasss dengan toko ini, harga murah, pesen 2 dikirim 2 makasih seller, sudah amanah"
Heyxi Retinol Glowing Tone Up Cream,S***y,5,"Alhamdulillah makasih,,, barangnya udah nyampek semoga cocok,,"
Heyxi Retinol Glowing Tone Up Cream,W***a,5,Belum coba tapi moga cocok ya Bahan: Wangi lembut Manfaat produk: Mencerahkan Jenis kulit: Semua kuliat
Heyxi Retinol Glowing Tone Up Cream,G***n,5,Bahan : bagus Manfaat produk : belum dicoba Jenis kulit: berminyak
Heyxi Retinol Glowing Tone Up Cream,G***x,5,Sudah saya Terima produknya tapi belum dicoba.. Semoga cocok
Heyxi Retinol Glowing Tone Up Cream,M***y,5,barang sudah diterima 🥰 belum di coba semoga cocok 👍🏻
Heyxi Retinol Glowing Tone Up Cream,B***b,5,Manfaat produk: untuk meghilgkn plk Jenis kulit: Normal👍🙏
Heyxi Retinol Glowing Tone Up Cream,X***e,5,"TERNYATA PRODUK dr HEYKI ininlebih kecil drpd produk China SBLHnya ada difoto/gambar... MUDAH2an cocok🤲🙏🤗 TERIMAKASIH seller,kurir & tokopedia_TIKTOK🙏"
Heyxi Retinol Glowing Tone Up Cream,R***h,5,Heyxi nya dah dtg mudah2an cocok dimuka aku kl cocok pasti aku CO terus
Heyxi Retinol Glowing Tone Up Cream,M***i,5,Semoga cocok di kulit aq dan semoga produk asli.. bukan plestong ..
Heyxi Retinol Glowing Tone Up Cream,K***j,5,"Paket sdh sy terima ya,belomsy coba,SMG flek dipipi sy hilang,"
Heyxi Retinol Glowing Tone Up Cream,D***d,5,Alhamdulillah paket grim aku udah Sampek semuga cvk pake grim ini makasi ka udah Amanah pengiriman cepat da amanah semuga berkah🤲🏻🤗🥰
Heyxi Retinol Glowing Tone Up Cream,F***i,5,Kotak warnanya gak sama beda..produk berasal dari Indonesia & China
Heyxi Retinol Glowing Tone Up Cream,Q***z,5,Pket d terima dg baik 👍🏻 blm d coba smga cocok n bisa repead lgi
Heyxi Retinol Glowing Tone Up Cream,R***r,5,"Sesuai pesanan trmksih ,smoga cocok di saya ,sukses trs bwt tokonya."
Heyxi Retinol Glowing Tone Up Cream,E***l,5,"Baru mau coba pakai Hayxi, semoga aja cocok di kulit muka ku.. Klau cocok mau beli lagi.."
Heyxi Retinol Glowing Tone Up Cream,Q***i,5,Manfaat produk: Mencerahkan muka Jenis kulit: Semua jenis kulit
Heyxi Retinol Glowing Tone Up Cream,J***b,5,Paket sesuai pengiriman cepat bgt terima kasih seller
Heyxi Retinol Glowing Tone Up Cream,M***c,5,"mf bru kash ulsan krim'y udah dtng cuman blum q cba mudh""an cock"
Heyxi Retinol Glowing Tone Up Cream,I***r,5,Manfaat produk: kecantikan Bahan: bpom Jenis kulit: biasa
Heyxi Retinol Glowing Tone Up Cream,K***v,5,Makasih...barang sudah sampai...baru mau cobain semoga cocok ya...kalo cocok bakal order lagii
Heyxi Retinol Glowing Tone Up Cream,X***d,5,Bagus harum halus juga sesuai BANGET 🫶🏻🫶🏻🫶🏻
Heyxi Retinol Glowing Tone Up Cream,N***t,5,Paketannya udah sampe semoga cocok soalnya baru pertama kali nyoba
Heyxi Retinol Glowing Tone Up Cream,E***l,5,"Alhamdulillah paket nya sudah datang pertam kali order, semoga cocok.. Aamiin"
Heyxi Retinol Glowing Tone Up Cream,C***y,5,Barang bagus terima kasih tikonamanah beneran glowing
Heyxi Retinol Glowing Tone Up Cream,E***s,5,"Alhamdulillah sdh smpy barang nya semoga cocok.. wajah AQ masih berjerawat semoga ad kerim nch semoga ad hasil nya 🤲🤲,, semoga cocok wajah AQ 🤲🤲"
Heyxi Retinol Glowing Tone Up Cream,S***w,5,Pket sudh smpe suka bget tgn lmbut di pke nya👍👍👍👍🌟🌟🌟🌟🌟🌟🌟
Heyxi Retinol Glowing Tone Up Cream,K***l,5,Alhamdulillah PKT sudah sampai mudahan cocok baru pertama kali coba
Heyxi Retinol Glowing Tone Up Cream,B***b,5,Sudah sampai .. semoga cocok dan glowing sebelum lebaran Ya hehe .. terimakasih kak
Heyxi Retinol Glowing Tone Up Cream,I***s,5,"Mantap nech produknya slalu ori klw ditoko ini👍🏻👍🏻👍🏻👍🏻👍🏻👍🏻👍🏻👍🏻👍🏻👍🏻 pokoknya jgn ragu beli ditoko ini dijamin 100% ori,👍🏻👍🏻👍🏻👍🏻👍🏻👍🏻👍🏻👍🏻 Sukses selalu ya dan tetap amanah👍🏻👍🏻👍🏻👍🏻👍🏻👍🏻👍🏻👍🏻 Kurirnya jg baik 👍🏻👍🏻👍🏻👍🏻👍🏻👍🏻👍🏻"
Heyxi Retinol Glowing Tone Up Cream,A***p,5,Mashaallah senang bnget Pket nya sudah tiba..ni yg ke 2 x nya...knpa aku pesan lgii krna senyaman ituu ringan di wajah . menyamar kan wajah' yg kusam .gak lengket.. pokok nya produk nya best bnget
Heyxi Retinol Glowing Tone Up Cream,T***e,5,Bahan: Bagus nyaman di pakai Manfaat produk: Mencerahkan melembabkan dan bikin nyaman di kulit ku Jenis kulit: Semua jenis kulit Mudah2an cocok yah aku titip Poto pemakaian pertama nanti kalo udah seminggu liat lagi perbedaan nya kalo cocok bakalan sering beli inimah
Heyxi Retinol Glowing Tone Up Cream,E***d,5,"Bahan: Lembut wangi Manfaat produk: Bikin muka glowing Jenis kulit: Bs Semua jenis kulit Bagus d pakenya adem bikin fress muka,,bikin glowing jg d muka,,pokoknya HEYXI the best rekomend bgt sblmnya udh nyoba punya mmh eh bagus ikutan beli dech"
Heyxi Retinol Glowing Tone Up Cream,Q***x,5,"bagus banget,🥰 harga terjangkau lagi.....kayak nya aku harus jadi pelanggan tetap nih buat owner nya tolong Redy stok terus biar aku bisa beli kapan aja😭😭 ❤️❤️❤️ jatuh cinta banget deh Bahan: Lebut,mudah di blen dan ngak lengket,udh gitu wangi❤️ Manfaat produk: Bisa bikin glowing beneran🥰"
Heyxi Retinol Glowing Tone Up Cream,Y***n,5,"Bahan: Mudah di bland Manfaat produk: Baru coba ya Jenis kulit: Kombinasi Aku suka bangetbya td sudah test dan aku suka teksturnya. Mudah di bland juga. Langsung meresap kekulit. Pengiriman cepat, Packing aman banget Kurir juga bersahabat Semoga cocok ya. Aamiin"
Heyxi Retinol Glowing Tone Up Cream,Z***x,5,"Awalnya ragu takut dpt yg gk ory, tp setelah sampai lgsg nyoba ... Harum, gampang di bland, bikin kulit terasa halus, semoga cocok di kulit aku dan bs ngilangin flekku ini."
Heyxi Retinol Glowing Tone Up Cream,D***p,5,"Sengaja baru ngasih ulasan soalnya nunggu hasil pemakain,dan Alhamdulillah.... ternyata cocok di aku,kulit muka aku jadi lebih cerah,nanti kalau habis bakalan Checkout lagi😍"
Heyxi Retinol Glowing Tone Up Cream,E***v,5,"Trimakasih pesanan pesanan dah sampai, moga bermanfaat buat aku, trimakasih buat toko dan selernya serta kurir yg baik,kalo ada rezki ntar bolehlah di order lagi. Bahan: Sangat lembut dan wangi Manfaat produk: Mencerahkan kulit dan menghilangkan kerutan wajah. Jenis kulit: Cocok buat aku yg kulit agak berminyak."
Heyxi Retinol Glowing Tone Up Cream,P***r,5,"Semurah itu udah halal BPOM ya ampun aku sampe cek keaslian nya ternyata emang bener udah BPOM keren sih ini, baru nyoba mudah mudahan cocok ya untuk muka aku yang berpori pori besar semoga pori² nya menghilang. Bakal repeat order"
Heyxi Retinol Glowing Tone Up Cream,Y***l,5,"Pesanan udah yg kesekian kalinya emang the best bgt.. Alhamdulillah setelah rutin pemakaian heyxi wajah semakin lembab, bersih dan cerah. Terimakasih buat sellernya pengiriman gercep bgt Good job yaaa😊baru sempat kasih ulasan🙏"
Heyxi Retinol Glowing Tone Up Cream,F***f,5,"Bahan: Lembut, dan tdk lengket Manfaat produk: Mencerahkan wajah & enak cepat meresap Jenis kulit: Cocok buat kulit wajahku yg berminyak & kering"
Heyxi Retinol Glowing Tone Up Cream,G***c,5,"Terima kasih, sudah sampai creamnya...baru dicoba sekali,wanginya enak,tidak terlalu lengkekalau cocok dan flek saya memudar/ bisa hilang.Insyaa Allah bakal terus order.Kalau cocok, rela ninggalin cream yg sudah dipakai bertahun-tahun, tapi masih agak panas kalu dipakai,dan flek masih suka muncul😇"
Heyxi Retinol Glowing Tone Up Cream,I***q,5,"Aplikasi produknya bagus banget dan mudah diserap kulit.pokoknya aku suka banget 🥰 Ini yang kedua kalinya aku pesan, bakal jadi langganan 👍"
Heyxi Retinol Glowing Tone Up Cream,D***o,5,"Baru sempat ngasih ulasan MasyaAllah... Elegan banget wadah nya, BPOM lagi, pas di coba cocok banget d muka, wangi lagi.. rekomendasi & amanah banget ni, nyesal beli satu 🥹 Sukses & Amanah ya.. 🙏🏻😉"
Heyxi Retinol Glowing Tone Up Cream,Y***n,5,"masyaAllah aku pake ini udah mau 1 bulan bagus bangat,btw ini aku pake HEYXI sama sunscreen aja cocok bgt sama jenis kulit aku jadi keliatan glowing dan cerahan gitu padahal muka aku kusam dan kering gitu,NO TIPU"" aku gayss😍🥰"
Heyxi Retinol Glowing Tone Up Cream,Q***g,5,"Bahan: Retinol cream Manfaat produk: Menutrisi kulit, memberikan hidrasi tahan lama, menghaluskan dan melembabkan kulit, mengurangi garis garis halus, membuat kulit tampak lebih bercahaya secara alami Jenis kulit: Normal"
Heyxi Retinol Glowing Tone Up Cream,I***x,5,"Bahan: Ini produk saya belum tes, endah ori entag kw, yg penting aku tes dulu."
Heyxi Retinol Glowing Tone Up Cream,L***b,5,Paket baru sampai setelah jalan2 dulu ke daerah lain😂... Khasiatnya blm tau karena belum dicoba
Heyxi Retinol Glowing Tone Up Cream,K***s,5,Paket sudah sampe hari jumat pagi tanggal 21 November 2025 Terima kasih tiktok / toko pedis dan seller
Heyxi Retinol Glowing Tone Up Cream,W***n,5,belomm di coba sihh tapii nanti kalo cocok nanti co lagi
Heyxi Retinol Glowing Tone Up Cream,D***o,5,Alhamdulillah paket nya sdh dtng semoga aja cocok Aamiin 🤲
Heyxi Retinol Glowing Tone Up Cream,W***p,5,Barang tidak sesuai...saya tidak mau pakai barang seperti itu...tidak sesuai harapan
Heyxi Retinol Glowing Tone Up Cream,M***n,5,"Baru dicoba, semoga cocok untuk kulit wajah saya"
Heyxi Retinol Glowing Tone Up Cream,E***u,5,"Mau cobak semoga cocok,barang sampai dengan aman"
Heyxi Retinol Glowing Tone Up Cream,Y***q,5,Baru datang langsung d coba ..enak d blen ya wow bikin glowing
Heyxi Retinol Glowing Tone Up Cream,F***f,5,Packet udah smpai Barang nya bagus dan memuaskan Kuri nya Ramah packing yang baik Semoga cocok di aku
Heyxi Retinol Glowing Tone Up Cream,I***i,5,"Pengemsssn baik, sesuai pesanan dn di live, blm fi pakai semoga cocok dn bagus hasilnya👍"
Heyxi Retinol Glowing Tone Up Cream,Q***v,5,"Sesuai foto kak semoga cocok di saya,karna baru pertama coba kalau cocok bakal jdi langganan deh😁"
Heyxi Retinol Glowing Tone Up Cream,L***s,5,paket nya sudah sampai packing nya bagus dan prodak ny juga bagus semoga çocok ya soal nya baru pertama beli nya
Heyxi Retinol Glowing Tone Up Cream,B***v,5,Order yang pertama semoga cocok di kulit aku yang berminyak dan kerutan tipis
Heyxi Retinol Glowing Tone Up Cream,L***b,5,"Pesanan nya sudah sampai, barang nya bagus sesuai pesanan, trimakasih banyak buat seller dan juga buat toko nya yang sudah amanah 👍"
Heyxi Retinol Glowing Tone Up Cream,U***x,5,Maaf bru kasih ulasan sya puas dengan pesanan sy tdk mengecewaka.. Semoga cocok di muka sya cremnya thank you
Heyxi Retinol Glowing Tone Up Cream,N***e,5,"barangx udah sampek semoga hasilnya memuaskan yaa , dan cocok di wajah q yg sawo matang paketx kebuka tapi isinya aman"
Heyxi Retinol Glowing Tone Up Cream,U***l,5,"Bungkus rapi, di segel, baru nyampe barangnya hari ini, belum coba, semoga cocok. Real picture. Makasihhh😍"
Heyxi Retinol Glowing Tone Up Cream,P***j,5,Bahan: Hàrum dan lembut Manfaat produk: Tuk kulit muka Jenis kulit: Sensitif
Heyxi Retinol Glowing Tone Up Cream,D***u,5,Bahan: kayak jel wangi yaa trus ada bintik² putih gk tau itu apanya Manfaat produk: Katanya bisa buat glowing mudah²an jaa yaa asal jgn kemakan iklan aje lu bedak
Heyxi Retinol Glowing Tone Up Cream,E***k,5,"Alhamdulillah paket mendarat dengan selamat. Barang sesuai pesanan. Semoga cocok ya, klo cocok next order lagi. Exp nya jga mash lama."
Heyxi Retinol Glowing Tone Up Cream,P***z,5,Baru sampai. Langsung d coba. Bagus Mudah²an cocok ya . Ada foto sbelum dan sesudah AQ pakai nih. 😁
Heyxi Retinol Glowing Tone Up Cream,W***h,5,Alhamdulillah barang nya real pict semoga cocok ya pakai produk ini. Asli sihh 46rb dapet 2 . Makasih ya seller dan tiktok 🥰🙏
Heyxi Retinol Glowing Tone Up Cream,H***u,5,"Terima kasih barang sudah sampai respon cs nya cepet dan barang cepat datang packing nya rapih kurir nya ramah, produk exp panjang blm di coba mudah2an cocok klo cocok tak pesan lagi terimaksih 🙏😊"
Heyxi Retinol Glowing Tone Up Cream,K***l,5,"Paketnya SDH sampai sesuai deskripsi,tokonya amanah kurirnya pun ramah,blom dicoba semoga cocok yah"
Heyxi Retinol Glowing Tone Up Cream,D***b,5,Pas di pakai emang naikin tone kulit tapi lama kelamaan jdi abu² kek oxidasi gtu😁 Blm ada perubahan di wajah aku rasa nya malah makin menggelap dan kusam🙏
Heyxi Retinol Glowing Tone Up Cream,T***p,5,Alhamdulillah paket datang tepat waktu dan pengiriman barang bagus terbungkus rapi terimakasih skincare ya sangat bagus
Heyxi Retinol Glowing Tone Up Cream,I***w,5,Bahan: Bagus Manfaat produk: Mengglowingkan Jenis kulit: Sensitif
Heyxi Retinol Glowing Tone Up Cream,D***y,5,"Baru pertama kali nyobain, semoga cocok di kulitQ yang kusam, dan flek membandel cepat ngacir 🤫"
Heyxi Retinol Glowing Tone Up Cream,N***i,5,Manfaat produk: Bagus Bahan: Bagus Jenis kulit: Berminyak dan berjerawat
Heyxi Retinol Glowing Tone Up Cream,V***l,5,"Bgs langsung pangling Bahan: Bgs , lembut adem Jenis kulit: Bermiyak,"
Heyxi Retinol Glowing Tone Up Cream,Q***u,5,Bahan: Original Manfaat produk: Sangat bagus asli Jenis kulit: Susah putih
Heyxi Retinol Glowing Tone Up Cream,J***w,5,Bahan: Wangi Manfaat produk: Untuk kulit cwrah dan glowing Jenis kulit: Untuk semua jenus kulit
Heyxi Retinol Glowing Tone Up Cream,D***n,5,"Sesuai.. Gak lengket di mukaKu.. Tapi di HPku gak bisa di Cek BPOM'@ gak tau kenapa Y.. Coba liat fotoKu 2 2 nya juga beda kemasan beda no BPOM juga entah lah.. Q udah pake sih sekarang nanti kalau Co""k Q pesen lagi.. Kalau di mukaKu iritasi Y paling ku buang nanti nih.. Penjual'@ ramah Lz Chat cpt."
Heyxi Retinol Glowing Tone Up Cream,V***u,5,Enak banget wangi nya.semoga cocok sama aku.dapat 2 harga murah. Semoga jerawat ku hilang
Heyxi Retinol Glowing Tone Up Cream,A***x,5,"Sesuai pic ada BPOM,baru pertama kali coba semoga Ada hasilnya"
Heyxi Retinol Glowing Tone Up Cream,U***m,5,Alhamdulillah paketan nya udah sampai dan sesuai sama yg aku pesan semoga aja cocok di muka aku nya dan dengan harga segitu dpt 2pcs okeh lah yaa.. Terimakasih.. 🙏😍🥰😘
Heyxi Retinol Glowing Tone Up Cream,I***n,5,"udah dtg,baru coba, mudahan cocok.mw ilangin noda hitam bekas luka dimuka.tp masih tampak itu hitam ny."
Heyxi Retinol Glowing Tone Up Cream,Q***i,5,"Barang sesuai pesanan dan gambar,blm dicb cocok atau tidaknya semoga az cocok dikulit aq, terimakasih untuk seller dan kurirnya semoga kalian sukses selalu 👌👍🤲🙏"
Heyxi Retinol Glowing Tone Up Cream,U***s,5,ini bagus bgt plsss coveragenya trus bikin agak lembab gituuu
Heyxi Retinol Glowing Tone Up Cream,M***j,5,"🤗Mkch Heyxi Cream nya baru nyampe nie,kemasan rapih,lengkap 🥰🙏🏻Mau dicoba mudah2 an cocok dikulit wajahku."
Heyxi Retinol Glowing Tone Up Cream,G***d,5,"Paket sudah di datang,packing aman tidak ada masalah,belum dicoba karena baru pertama beli mudah2 an bisa cocok di wajah saya.makasih seller."
Heyxi Retinol Glowing Tone Up Cream,Z***h,5,"Makasih sesuai pesanan saya walau pun brang ny blom di coba mudahan cock dengan muka saya, 😊 dan pengiriman ny jga cepat, dan bang kurir ny jga ramah skli lgi mksih tiktok shope 😊 semoga cocok ya 😊🙏"
Heyxi Retinol Glowing Tone Up Cream,N***q,5,Cepet banget pengirimanx FAST respon Belum di coba n blm tau hasilx tpi semoga cocok yah.... Klo cocok next bakal repeat order Pengemasan aman n smp dgn selamat
Heyxi Retinol Glowing Tone Up Cream,I***k,5,"alhamdulillah yg d pesan udh smpek,lebih cepat dari depriksi ny.ini baru pertama pesan sih semoga cocok y dan bisa beli lg☺️"
Heyxi Retinol Glowing Tone Up Cream,J***z,5,"Maaf ya kak bru bagi ulasan,saya bru cuba produk ni,mudah2an bagus..mcam ny tngok barang ni ori punya la,saya suka..nt boleh blnja lg kat sini ya,trima kasih kak..🙏"
Heyxi Retinol Glowing Tone Up Cream,G***m,5,Paket nya sudah ke terima dengan baik cuman belum d coba ngevek apa engga nya d muka aku.. semoga ada hasilnya lebih cerah lg dari sebelumnya
Heyxi Retinol Glowing Tone Up Cream,O***e,5,Barang udah nyampe cepet bgt.. Packingnya aman dan rapih smoga cocok d muka ku
Heyxi Retinol Glowing Tone Up Cream,B***o,5,"Terimakasih paket nya sudah sampe dengan selamat, kurir nya juga ramah, belum nyoba semoga cocok di aku sesuai dengan ekspektasi"
Heyxi Retinol Glowing Tone Up Cream,E***t,5,"Paket sampai langsung saya coba, terasa dingin di muka, semoga cocok,"
Heyxi Retinol Glowing Tone Up Cream,U***m,5,"Paket sudah sampai dengan selamat,,, tapi untuk hasilnya masih belum tau karena belum di pakai,,oh, iya tapi bau creamnya wangi"
Heyxi Retinol Glowing Tone Up Cream,L***e,5,Semoga cocok di akuu yaaa👍🏻👍🏻👍🏻👍🏻👍🏻👍🏻👍🏻👍🏻👍🏻👍🏻👍🏻👍🏻
Heyxi Retinol Glowing Tone Up Cream,X***d,5,Bagusssss banget enakan dipake cerah dimukaaa
Heyxi Retinol Glowing Tone Up Cream,N***g,5,Manfaat produk: Belum di coba Jenis kulit: Normal
Heyxi Retinol Glowing Tone Up Cream,Y***t,5,Baru pertama kali coba semoga cocok dikulit aku
Heyxi Retinol Glowing Tone Up Cream,S***f,5,Paketku udh dateng yg ditunggu.sesuai pesanan.amanah.semoga cocok makasih ya kak semoga selalu sukses dan dimurahkan rezekinya🥰🥰👍👍👍
Heyxi Retinol Glowing Tone Up Cream,S***a,5,"Alhamdulillah paketnya sudah datang dengan baik sesuai,blm dicoba semoga aja cocok,lgsg co 2 pot"
Heyxi Retinol Glowing Tone Up Cream,F***x,5,Paket sudah di terima dengan aman baru kali ini beli mudahan cocok tokonya amanah kulir nya baik' 👍
Heyxi Retinol Glowing Tone Up Cream,C***k,5,Jenis kulit: Semua jenis kulit Manfaat produk: Memutihkan dn mengglowingkan wajah Heyxi emng the best 👍 Sukses selalu. Trmksh yaaa Heyxi. Trmksh yaa abang kurir langganan
Heyxi Retinol Glowing Tone Up Cream,D***w,4,Manfaat produk: memcerahkan Jenis kulit: semua Bahan: alami bikin glowing di muka dan wangi nya harum juga
Heyxi Retinol Glowing Tone Up Cream,R***j,4,Alhamdulillah sudah datang walaupun ada keterlambatan Semoga cocok blom dicoba hasilx toko amanah barang sesuai gambar Peking sangat rapii trimakasih kurir ramah Bahan: Jelly Manfaat produk: Pelembap Jenis kulit: Cocok
Heyxi Retinol Glowing Tone Up Cream,J***s,4,Sangat lembut Manfaat produk: Untuk mencerahkan kulit wajah Jenis kulit: Untuk semua jenis kulit Terimakasih barangnya sudah sampai sesuai gambar semoga aja barangnya ORI dan semoga aja cocok di kulit wajah aku
Heyxi Retinol Glowing Tone Up Cream,M***m,4,"Alhamdulillah paketnya udah datang sesuai prediksi,aman jg lengkap.tokonya amanah dikemas rapi jg bublewrapnya tebal.belum q coba dimuka tp udah dicoba ditngan anakku hasilnya bagus.semoga cocok dikulitku dan flek hitamnya hilang.nanti klau hasilnya ok q pasti order Lg.trima kasih semoga sukses."
Heyxi Retinol Glowing Tone Up Cream,W***j,4,Baru nyoba karena penasaran aja sama iklannya tapi memang lumayan bagus sudah ada kandungan ton up tidak usah pakai bedak lagi tapi ya harus tetap pakai sunscreen setelah pakai HEYXI karena tidak ada spf nya
Heyxi Retinol Glowing Tone Up Cream,T***f,4,Manfaat produk: Mencerahkan kulit dan menghilangkan flek2 hitam pd muka. Smoga cocok dimuka aku... Nnti bisa beelanjut. Kemasan aman disegel dan dtng sesuai pesanan.
Heyxi Retinol Glowing Tone Up Cream,G***o,4,"Baru bgt pertama nyoba.jd blm tau bakal cocok atau nggk. Btw yg rada bingung pernyataan yg katanya ini gak bisa untuk ibu hamil/menyusui, tp ada juga yang membolehkan. So, lebih selektif lg aja bagi yg emng skin nya sensitiv. Btw ini aku coba di tangan, sejujurnya agak seremn sama warna putihnya"
Heyxi Retinol Glowing Tone Up Cream,S***k,4,"Orderan pertama, baru mau coba, semoga cocok di muka wajah saya Mencerahkan wajah Bahan: Kosmetik Jenis kulit: Semua jenis kulit"
Heyxi Retinol Glowing Tone Up Cream,K***i,4,"Baru pertama kali order, texturnya memang seperti belum halus y kaya kasar gitu, tp belum coba di blend ke muka, kasi bintang 4 dulu klo cocok nanti aku kasi 5, moga cocok di kulit ku"
Heyxi Retinol Glowing Tone Up Cream,K***v,4,Udh beli yg ke 2kalinya.tpi ko kemasan masih sama a cuman dari segi warna kemasan depan nya beda ya warnanya yg awal rosgold yg ini gold terus dari tulisan juga aga beda nya..dari wangi dalemnya juga aga beda yg pertama wangi ini mh beda..ini bner aman kan
Heyxi Retinol Glowing Tone Up Cream,T***u,4,"Bahan: Texturnya lembut,ringan dn dingin di wajah."
Heyxi Retinol Glowing Tone Up Cream,F***j,4,"Pesanan baru nyampe kemarin, moga cocok dan berefek seperti iklannya. Kalau ada efeknya next bakal beli lagi. Pengemasan sangat baik dan aman. Exp 2028."
Heyxi Retinol Glowing Tone Up Cream,A***g,4,Paket udah diterima sesuai dengan pesanan pengiriman cepat mudahan cocok sama sku Bahan: Halus dan wangi Jenis kulit: Untuk semua jenis kulit
Heyxi Retinol Glowing Tone Up Cream,B***i,4,"Bagus za,semoga cocok di kulitku.dan pengirimannya juga cepat puas banget. Aku juga sudah coba di jari tanganku bener bener beda bagus baunya juga harum."
Heyxi Retinol Glowing Tone Up Cream,Q***u,4,"Bahan: oke dan wangi Manfaat produk: mencerahkan wajah Jenis kulit: semua jenis kulit terimakasih seller barang saya sdh sampai wlw terlambat..semoga cocok biar bisa order lagi. kurir oke,baik dan juga ramah..gesit juga"
Heyxi Retinol Glowing Tone Up Cream,B***k,4,"Barang sudah diterima dengan selamat n sesuai pesanan 😁 Masih mau coba sih, moga cocok di wajahku n jadi bersih glowing serta gada efek sampingnya ☺️ Thanks seller, ttshop, n kurir ttep amanah yak 😉 Ingredient: Good Product benefit: Good Skin type: Normal"
Heyxi Retinol Glowing Tone Up Cream,B***t,4,"Bahan: lembut di kulit Manfaat produk: Buat befakan simple yg gak. Mau ribet, cck dibwa kmna2, lngsung ngeblen ma kulit, cm blm tau hasilnya gimna soalnya bru mkk bbrp hari, itu jga uda mo habis 1 pot, blm tau hasilnya gmna nnti smoga aja gak ngecawain, pketx uda dateng bbrp hari llu tpi baru kadi ulasan 🙏 Jenis kulit: -"
Heyxi Retinol Glowing Tone Up Cream,T***c,4,Bagus tapi blm ada perubahan nya di wajah aku dan flek hitam nya gak berkurang tolong dong owner nya klarifikasi
Heyxi Retinol Glowing Tone Up Cream,I***h,4,"barang sudah sampai sesuai pesanan , suka banget sm packagingnya , aman pastinyaa .. Bismillah ya Allah semoga kali ini muka ak cocok Aamiin"
Heyxi Retinol Glowing Tone Up Cream,D***f,4,Paket sudah saya terima Semoga cocok di kulit wajah saya Tapi yg satu isinya kurang penuh
Heyxi Retinol Glowing Tone Up Cream,Z***d,4,"Terima kasih paket nya udah nyampe,sesuai banget,smoga cocok ya di aku Pengiriman nya juga lumayan cepet ke daerah ku di kuningan Sllu amanah ya,next aku order lgi Terima kasih🙏🙏"
Heyxi Retinol Glowing Tone Up Cream,F***s,4,Bahan: Ok Manfaat produk: Untuk wajah Jenis kulit: . Baru pertama coba ini mudahan aja cocok dimuka aq ya. Terimakasih
Heyxi Retinol Glowing Tone Up Cream,T***x,4,Barang sudah sampai diterima sesuai dengan pesanan terimakasih . Saya kasih 4 dulu nnti lihat hasilnya semoga cocok ya d kulit wajah aku yg susah cerah dan putih konsisten ini .
Heyxi Retinol Glowing Tone Up Cream,S***t,4,Krim nya lembut.ngk lengket dimuka.dingin dimuka..bagus Semoga cocok..bisa langganan lgi
Heyxi Retinol Glowing Tone Up Cream,U***b,4,"Terimakasih kak paketnya saya terima dngn baik,untuk nilai mohon maaf saya kasih 🌟 4 dulu ya kak,karna untuk hasil blm ketauan bagus apa tidak,semoga cck dikulit wajah & bisa memudarkan flek saya,semoga cocok in syaa Allah berlangganan..sukses sellu kak terimakasih"
Heyxi Retinol Glowing Tone Up Cream,E***u,4,"Barang sudah sampai tapi agak berbeda dengan heyxi yg saya beli pertama itu kemasannya bahasa inggris sedangkan yg saya beli disini bahasa indonesia tapi mudah""an asli🫠"
Heyxi Retinol Glowing Tone Up Cream,P***e,4,"Ngk tau bhan nya saya, kalau manfaat nya mencerahkan kulit, bisa di gunakan untuk semua jenis kulit kayak nya, saya baru nyoba ini soal nya, semoga cocok biar bisa berlangganan di sini. Poto pertama blum pakai produk. Poto ke 2 sudah memakai produk. Silahkan di nilai sendiri."
Heyxi Retinol Glowing Tone Up Cream,W***m,4,"Baru mau coba, smg aja cocok, dan benar bisa glowing muka 😁 cuma sayang isinya nggak penuh, setengah kosong 😔😔"
Heyxi Retinol Glowing Tone Up Cream,S***v,4,"Alhamdulillah sudah di pake, tekstur nya lembut, nyaman, ringan di kulit, udah BPOM, ada barcode dan halal nya, realpict, packing aman dan cepat, ada free ongkir juga, insyaa Alloh cocok, makasih seller."
Heyxi Retinol Glowing Tone Up Cream,N***j,4,"Bintang 4 dulu karna belom dicoba baru datang moga cocok jadi bisa repeat order Isinya cuma dibawah leher botolnya kirain full,wangi sih Makasih seller dan tiktok"
Heyxi Retinol Glowing Tone Up Cream,O***o,4,"Paket udah datang,... Baru pertama coba semoga cocok Isi nya tapi gk penuh"
Heyxi Retinol Glowing Tone Up Cream,J***y,4,Maaf ya kk kok Aroma dan bentuk kotaknya tidak sama ya...yang lama punya ku harum bunga ini dag ada wangi nya Apa kayak gini pengemasannya sekarang...
Heyxi Retinol Glowing Tone Up Cream,C***l,4,Heyxiretinolcrem Baru pertamakali cobak produk ini semoga cocok aminn Jenis kulit berbinyak
Heyxi Retinol Glowing Tone Up Cream,P***b,4,Sesuai pesanan walau pun lama sampainya lengkap datangnya.terima kasih
Heyxi Retinol Glowing Tone Up Cream,G***f,4,Manfaat produk: Penganti bedak Jenis kulit: Semua jenis kulit
Heyxi Retinol Glowing Tone Up Cream,K***i,4,belum dicoba dan ini baru pertama kali mudah mudahan cocok diaku .
Heyxi Retinol Glowing Tone Up Cream,K***g,4,Baru pertama coba. Mudah-mudahan cocok. Pengiriman cepat
Heyxi Retinol Glowing Tone Up Cream,J***q,4,Bahan: retinol Manfaat produk: mencerahkan moga cocok
Heyxi Retinol Glowing Tone Up Cream,Y***u,4,"Eumm, baru pertama kali beli untuk mamah, kalau cocok nnti cus check out lagi"
Heyxi Retinol Glowing Tone Up Cream,C***o,4,"Barang sudah sampai, tapi kok ga penuh isi nya. Cuma ini baru pertama beli bedak ini, blom pernah coba jg. Mudah2an bisa memutihkan kyk di iklan ya.🤭"
Heyxi Retinol Glowing Tone Up Cream,U***v,4,Bahan: Oke Manfaat produk: Bagus Jenis kulit: Sesuai dgn kulit aq
Heyxi Retinol Glowing Tone Up Cream,I***x,4,"Paket udah DTG, pengiriman cepat, seller fast respon. Produk blm dicoba dan ini pertama x saya beli setelah sebelumnya aku beli yg animet kapsul. Mudah-mudahan sih cocok ya 🤲 tq ya semuanya 🙏"
Heyxi Retinol Glowing Tone Up Cream,N***q,4,"Udh dtg ka pesanannya, udh di pakai tp kok ky abu"" y di pakai nya ( apa krn kulit sy sawo mateng) 🤭🤭"
Heyxi Retinol Glowing Tone Up Cream,H***k,4,Baru coba product ini.. semoga cocok yaa... Klo cocok bakalan repeat order 🤗 Thank you seller and TikTok 🙏
Heyxi Retinol Glowing Tone Up Cream,D***a,4,"Beda sama pas pertama beli, baunya jg beda pdhl uda cocok sama yg pertama, moga ini jg cocok biar gk mubazir kalau gk dipakek"
Heyxi Retinol Glowing Tone Up Cream,I***h,4,Bagus mudah2han cocok biar bisa langganan Peking rapi next bakal order lagi nanti 🥰🥰
Heyxi Retinol Glowing Tone Up Cream,P***k,4,Bintang 5 dulu mau nyobain dulu bau nya aku suka wangi nya enak ☺️
Heyxi Retinol Glowing Tone Up Cream,Y***u,4,"Belum dicoba yaa.. semoga sih aman dikulit dan sesuai bpom yaa, packing rapi, expired masih lama, seller ramah.. Pengiriman via JNT supercepat, sehat selalu buat tim ekspedisi jnt, berkah rejeki buat semuanya yaa"
Heyxi Retinol Glowing Tone Up Cream,R***v,4,"paket udah nyampek baru d coba tp kok rasanya berair ya,tp sy g tau ya sprti apa teksturnya krn prtama kali pakai"
Heyxi Retinol Glowing Tone Up Cream,B***l,4,Bahan: Baguss... pokoknya sesuai deh yg di iklannya😁 Manfaat produk: Mengglowingkan🤣 Jenis kulit: Sensitif.. pokoknya apa aja deh
Heyxi Retinol Glowing Tone Up Cream,O***g,4,"Maf baru bgi ulasan, trimkash bargnya sda smpe.hrap2 cocok sy sda cba muda di aplikasi ke muka, 🥰🥰😘"
Heyxi Retinol Glowing Tone Up Cream,R***k,4,paket sdh datang wangi belum pakai semoga cocok dapat 2 beli satu gratis satu good job
Heyxi Retinol Glowing Tone Up Cream,G***a,4,"Dapat harga 48rb 2pcs alhamdulillah... Semoga dimuka ku cocok, soalnya pembelian pertama kalinya... Thankyuuuuuu"
Heyxi Retinol Glowing Tone Up Cream,Q***p,4,"Pesanan saya sudah sampai baru sempat foto skrg, semoga cocok karena baru pertama pesan di sini."
Heyxi Retinol Glowing Tone Up Cream,Y***w,4,Alhamdulillah nympe paket nya mudah2n cocok deh
Heyxi Retinol Glowing Tone Up Cream,H***y,4,Alhamdulilah brng sdah smpai... Baru pertama kli beli.. Mudah2an cocok...
Heyxi Retinol Glowing Tone Up Cream,Y***f,4,"Brang udah smpai baru pertma coba smga cocok,klw ccok neks order lagi nnti"
Heyxi Retinol Glowing Tone Up Cream,D***a,4,Ini pertama kali nya aq beli semuga cocok dn bukn kawe 👍
Heyxi Retinol Glowing Tone Up Cream,T***t,4,"Alhamdulillah Dateng , smoga cocok Tp kok isinya dikit ya"
Heyxi Retinol Glowing Tone Up Cream,V***e,4,Smoga cocok untuk hasil 1 minggu kmudian bru share ulng😊
Heyxi Retinol Glowing Tone Up Cream,E***k,4,order langsung 2 soal nya baru pake 1 pot udh jatuh cinta ku
Heyxi Retinol Glowing Tone Up Cream,E***w,4,"Ini yg asli bukan sii kok gx ada garis putih ny di tutup ny, isi ny juga gx penuh dalem ny bolong, isi ny setengah gx full"
Heyxi Retinol Glowing Tone Up Cream,R***d,4,"Alhamdulillah barang sampai, blom di coba di wajah , baru di tes di tangan"
Heyxi Retinol Glowing Tone Up Cream,L***t,4,Paket nya cepat juga sampai nya..👍 Wangi banget..🤓
Heyxi Retinol Glowing Tone Up Cream,Z***k,4,"Pesanan saya sudah dtg,, Alhamdulillah, toko nya amanah kurirnya ramah trimks Tik tok"
Heyxi Retinol Glowing Tone Up Cream,C***v,4,Bahan: Adem lembut Manfaat produk: Menghilangkan plek dan melembabkan wajah Jenis kulit: Normal Mudah2 cocok di wajah baru coba blum keliatan hasil nya
Heyxi Retinol Glowing Tone Up Cream,K***q,4,Bahan: Tidak lengket ditangan menyatu dengan kulit Manfaat produk: Mencerahkan wajah Jenis kulit: Normal
Heyxi Retinol Glowing Tone Up Cream,Q***n,4,"Jenis kulit: Berminyak Mencerahkan menghilangkn bekas jerawat Semoga aja cocok,,,walaupun lAma sampai nya tp barang nya bgus tidak lecet/pecah kemasan rapi banget,,,,"
Heyxi Retinol Glowing Tone Up Cream,K***e,4,Barang baru sampai sesuai gambar... Bahan: Cream Manfaat produk: Menghaluskan dan mengurangi garis-garis halus pada kulit wajah Jenis kulit: AQ punya kulit wajah kombinasi kering dan berminyak..
Heyxi Retinol Glowing Tone Up Cream,W***p,4,maaf baru sekali dicoba..saya kasih bintang 4🙏🏽 Jenis kulit: berminyak muka saya Manfaat produk: saat dipake sih bgs lgsg bisa nyatu hanya saja dimuka saya nampak ngemblok mungkin muka berminyak jdnya kaya tebel gt.. Bahan: aroma nya kaya permen n halus
Heyxi Retinol Glowing Tone Up Cream,M***n,4,Saya kasi 4 bintang dlu ya. Ini br pertama kali sy pakai. Nnt sy akan ksi ulasan lagi stlah pemakaian
Heyxi Retinol Glowing Tone Up Cream,G***k,4,Alhamdulillah udh sampai paket saya mudah 2sesuai. Isisesuai.
Heyxi Retinol Glowing Tone Up Cream,V***u,4,"Real fic, tpi d muka ku blm ada perubahan."
Heyxi Retinol Glowing Tone Up Cream,A***y,4,"Sudah sampai tdi paketnya kemasan rapih, kurirnya jga ramah .,baru mau coba smoga x ini aku cocok dgn cream heyxi,kasih bintang 4 dlu ya karena ini bener baru permulaan jadi blum tau khasiatnya klo dari bahan enak gak lengket dan lgsg menyerap di kulit aku yg kering ini"
Heyxi Retinol Glowing Tone Up Cream,D***e,4,"Nyaman dipakai,TDK perlu pakai bedak lg"
Heyxi Retinol Glowing Tone Up Cream,Y***m,4,Bahan: Agak licin teksturnya ringan pas diaplikasikan ke wajah Manfaat produk: Menghilangkan flek dan jerawat Jenis kulit: Untuk semua jenis kulit
Heyxi Retinol Glowing Tone Up Cream,N***j,4,"Manfaat produk: menutrisi kulit secara mendalam, melembabkan, membantu mengurangi garis garis halus Jenis kulit: untuk semua jenis kulit"
Heyxi Retinol Glowing Tone Up Cream,U***h,4,Bentuknya sama namun komposisi berbeda yg kiri aroma harum bunga( wrna pink)biasa Yg kanan aroma obat (wrna merah )kental Sblmnya saya beli sprti yg kanan tapi sekarang d kirimnya ada perbedaan yg asli yg mana KK saya lebih suka yg d kirim sblmnya
Heyxi Retinol Glowing Tone Up Cream,O***h,4,Bahan: Lembut Manfaat produk: Mencerahkan kulit dari flek-flek hitam Jenis kulit: Semua jenis kulit
Heyxi Retinol Glowing Tone Up Cream,R***i,4,Alhamdulillah Pket kita terima sesuai ekspektasi. Dapet harga diskon.Beneran d kirim 2 pot loh ini. Dengan harga d bawah 60 ribu . Dan ini perdana buat ku. Semoga cocok. Biar langganan kita y kk. Seller baik dan ramah. Kurir juga amanah 😊
Heyxi Retinol Glowing Tone Up Cream,S***e,4,Barang yang diterima dalam keadaan baikk semua amann worit lah semuanya kurir juga baikk nexss bulan depan balik lagi kalo cocok diaku btw ini first time aku coba produk nya doain y gayss cocok biar langganan teruss
Heyxi Retinol Glowing Tone Up Cream,Y***a,4,"Untuk krim ny bagus, wangi, cuma sayang kurang aman aj d packingnya ny, cream ku dlm keadaan pecah satu pot, sudah bercampur dgn pecahan kaca kecil2, ya kali saya harus pake cream pecahan kaca, yg ada muka ny bukan ny glowing malah luka2 🙄"
Heyxi Retinol Glowing Tone Up Cream,U***y,4,Kaya jely.. Harum dingin tdk lengket mudah meresap
Heyxi Retinol Glowing Tone Up Cream,Z***p,4,Bentuk cream yg unik ringan dan harum baru coba.... Semoga cocok Terima kasih 😘💕
Heyxi Retinol Glowing Tone Up Cream,I***g,4,Manfaat produk: Blm di coba Jenis kulit: Kering
Heyxi Retinol Glowing Tone Up Cream,Y***w,4,"Produknya bagus, cocok di kulit wajah saya"
Heyxi Retinol Glowing Tone Up Cream,U***s,4,"Paket ditrm dg baik,sy perhatikan dan cocokkan tp knp tulisan yg dibawah HEYXI ( huruf cina )tidak sama ya,..???dg yg di foto produk yg dijual ,dan g penuh isinya .,SMG aman di kulit."
Heyxi Retinol Glowing Tone Up Cream,G***o,4,"Paketnya udah nyampe semoga cocok di muka aku ya ka soalnya ini pembelian pertama, kalo cocok Nex jadi langganan. Info logistik nya bagus.pengiriman cepat aku beli yg paket 2 lebih hemat dapet geratis ongkir pula"
Heyxi Retinol Glowing Tone Up Cream,D***k,4,"Tadi pagi aku coba dan hasilnya mudah diblend dan gk dempul, tiap hari bakal aku pake kalau ada perubahan aku pesan lagi"
Heyxi Retinol Glowing Tone Up Cream,G***y,4,"Sangat bagus, baru 3 kali pemakaian langsung kinclong... Mantap deh.. kemaren sy pesan 2,jadi KLO dah habis akn sy order balik deh.."
Heyxi Retinol Glowing Tone Up Cream,M***f,4,Paket ny nyampek dan saya udah Terima Dan tmpt sangat cantik dan bahan sangat lembut Aku baru pake 1 olesan mudah2 an ada perubahan Jika ada perubahan aku pesan lgi Pokoknya mantap tenan👍☺
Heyxi Retinol Glowing Tone Up Cream,U***b,4,"Udah co yang kedua cnta pas live semoga aja yang asli juga cocok dimuka, pemakaian udah agak cerah tapi pori sama bekas jerawat masih moga aja nyoba lagi ini pori2 halus bkas jerawat ilang amin"
Heyxi Retinol Glowing Tone Up Cream,F***n,4,Bahan: Lumayan Manfaat produk: Memutihkan kulit wajah Jenis kulit: Kusam Pertama kali beli semoga cocok dipakai dan ada hasil yang memuaskan next beli lagi ok
Heyxi Retinol Glowing Tone Up Cream,F***j,4,Baru pertama kali coba semoga cocok ya.
Heyxi Retinol Glowing Tone Up Cream,S***n,4,Kalau packingnya mah aman banget Rapi juga terus cepet juga pengirimannya tapi minusnya menurutku siang putih-putih bulir-bulirnya itu susah diblend susah merata sih bukan susah diblend kalau di Blend mah emang gampang cuma kurang merata gitu menurutku kalau wanginya sih enak
Heyxi Retinol Glowing Tone Up Cream,I***w,4,Baru pertama nyoba semoga cocok kemasannya bagus bnget mendarat dengan aman.. Makasih seller
Heyxi Retinol Glowing Tone Up Cream,J***a,4,"Kemasan aman,..blm dicoba mudah mudahan cocok y kak Dan juga sudah BPOM insyaallah aman..mudah""an cocok.. Klo cocok neck order lg"
Heyxi Retinol Glowing Tone Up Cream,D***g,4,alhamdulilah udah datang paketnya kemasan rapih aman beli 2 dikirim 4 makasih mudah mudahan cocok biar bisa jadi Langan aku tekan empat bintang jika cocok tambah
Heyxi Retinol Glowing Tone Up Cream,T***k,4,Baru pertama kali beli jadi masih belum bisa banyak berkomentar semoga bermanfaat dan bisa sesuai dengan kebutuhan kita packing rapi dan pengiriman barang cepat Manfaat produk: Belum tau
Heyxi Retinol Glowing Tone Up Cream,E***a,4,"Smpe dngn selamat packing rapi bahan wangi semoga benar"" Ngefek sma flek aq"
Heyxi Retinol Glowing Tone Up Cream,S***v,4,"Paket ny sudah sampai dengan baik' Bahan: Tekstur ny lembut, mudah di blend di muka, TDK Panas di pakai, semoga cocok di muka aku,"
Heyxi Retinol Glowing Tone Up Cream,O***h,4,Gak tau cocok atau tidak baru mau coba
Heyxi Retinol Glowing Tone Up Cream,Q***e,4,semoga cocok barang sampai dengan selamat
Heyxi Retinol Glowing Tone Up Cream,N***k,4,Bahan: Enak dipake gampang meresap tidak lengket Jenis kulit: Berminyak Habis dipake langsung kelihatan bersih padahal g usah tambah bedak cukup pake heyxi aj Semoga memang cocok n tmbh bagus dwajahku
Heyxi Retinol Glowing Tone Up Cream,T***n,4,"Mohon Packingnya lebih baik lagi agar cream sampai dg baik kepada konsumen. Beli 2 pot cream keduanya datang dg kondisi pot didlm pecah, dan di ganti 1 pcs aja. Alhamdulillah 5 hri kemudian cream yg diganti 1 pcs itu datang dg baik kondisinya,"
Heyxi Retinol Glowing Tone Up Cream,M***m,4,"Alhamdulillah barang dh sampe.kmsan rapi.sayang isinya gk penuh,,di iklan isinya pul penuh katanya..tapi ini gk 😀. Biarpun begitu semoga cocok di aq ..terimakasih🙏"
Heyxi Retinol Glowing Tone Up Cream,U***q,4,Manfaat produk: Bisa mencerahkan kulit wajah Jenis kulit: Cocok untuk jenis kulit hitam dan putih
Heyxi Retinol Glowing Tone Up Cream,L***h,4,"Alhamdulillah, akhirnya yg d tunggu sdh sampai, mksh buat abg kurir,bru pertama x pkai,smga cocok aamiin..dn buat tokohnya smga amanah slalu kk😍😍klw cocok neks order lgi😘😘 Bahan: Lembut dn wangi, Jenis kulit: Smua jenis kulit wajah,yg tdk bersensitif"
Heyxi Retinol Glowing Tone Up Cream,B***x,4,"Bahan: Lembut, wangi, agak cair, Baru nyoba, Semoga cocok dgn wajahku dan ada perubahan"
Heyxi Retinol Glowing Tone Up Cream,I***j,4,"Harum dan ringan di pakai, ngak lengket, Semoga cocok,"
Heyxi Retinol Glowing Tone Up Cream,O***b,4,"Bahan: Gel/Gely dan dingin Manfaat produk: Untuk mencerahkan dan menghilangkan flek"" hitam Jenis kulit: Semua jenis kulit"
Heyxi Retinol Glowing Tone Up Cream,C***k,4,"Bahan: lembut Manfaat produk: untuk wajah Jenis kulit: semoga kulitku rata putih , semoga cocok,klo cck bkl JD langganan , terimakasih untuk Abang kurir baik ramah sopan sukses sllu untuk toko jg Abang nya"
Heyxi Retinol Glowing Tone Up Cream,B***w,4,"Saya dpt 2 sesuai dgn harga, sangat wangi, baru pertama kali coba semoga cocok klo cocok saya order lg in sebelum memakai ya saya berikan 4 bintang klo cocok di kulit wajah saya baru 5 bintang 👍"
Heyxi Retinol Glowing Tone Up Cream,O***g,4,"CO kedua , barang udh sampai Tapi kemasan botol yg pertama SM yg kedua berbeda tampak dr tulisannya. yg pertama GK ada tgl exp ny. Yg kedua ada. Bau retinol cream yg pertama harum, yg kedua baunya agak menyengat."
Heyxi Retinol Glowing Tone Up Cream,Y***a,4,"psenan sdh smpe , real pict yg yg kurg cm stu psenan ke 2 dan ke 3 HEYXI nya gak ada wangi nya beda bgd sama pesenan yg pertama kali aku beli wangi nya harum bgd .. pdhl produk nya sama semua ak suka bgd aroma tapi gda wangi ny ud gpp ` yg pnting kualitas tetp bagus ori & BPOM"
Heyxi Retinol Glowing Tone Up Cream,F***b,4,"Produknya cukup bagus, tapi pengirimannya agak lambat. Semoga cocok di wajah aku"
Heyxi Retinol Glowing Tone Up Cream,E***l,4,"pengiriman standard, dapet harga ambyar, warnanya lucu kombinasi merah pinky dan putih, agak unik creamnya, mudah2an cocok🫰"
Heyxi Retinol Glowing Tone Up Cream,K***p,4,"Udah 3 x pembelian sama ini, jujur ya sebenarnya selama aku pakai yg per1 botol nya beda beda pdhl 1 toko, 2 ini ga buat MUKAK jadi putih diaku. Dia hanya sementara aja, seperti bedak gituloh.pahamkan.seperti foundation gitu.memang cantik wajah kita tapi dia gak ada buat wajah bisa putih.di aku ya.."
Heyxi Retinol Glowing Tone Up Cream,A***f,4,"Alhamdulillah paketnya sudah sampai dengan cepat dan aman, untuk prodaknya, bagus,harum, lembut dikult wajah dan ada terasa dingin saat dipoles kan di wajah, semoga,aja cocok, jadi bisa saya pakai dalam jangka panjang"
Heyxi Retinol Glowing Tone Up Cream,B***t,4,"barang baru sampai agak lambat dari sebelum nya,tapi untuk barang nya aman²aja gak ada ynag rusak Bahan: bagus. Manfaat produk: memudarkan flek hitam/bekas jerawat serta membantu mencerahkan kulit wajah. Jenis kulit: untuk semua jenis kulit gak ngedempul."
Heyxi Retinol Glowing Tone Up Cream,C***u,4,"Pembelian untuk yg ke-3xnya & SDH direkomendasikan ke sodaraku & dia jg beli karna cocok juga. Manfaat produk: Membuat wajah glowing, cerah, ga kusam. Jenis kulit: Cocok untuk semua jenis kulit Bahan: Mudah diaplikasikan ke kulit wajah & leher"
Heyxi Retinol Glowing Tone Up Cream,E***e,4,"Pengiriman cepatt baru mau nyoba mudah mudahan cocok dikulit ak,🥰🙏"
Heyxi Retinol Glowing Tone Up Cream,O***x,4,"Alhamdulillah paket sdh tiba maaf Bru ksih ulasan, produk x bagus mundhn cocok ya Bru mau nyoba"
Heyxi Retinol Glowing Tone Up Cream,A***x,4,"Mendarat dengan aman sentosa, pAkingan rapi, baru pertama coba semoga cocok"
Heyxi Retinol Glowing Tone Up Cream,X***j,4,Ini orderan ke 2 ku selalu puas kok.dgn krim ini Dpt harga murce
Heyxi Retinol Glowing Tone Up Cream,N***k,4,Baru pertama nyoba.. Karna review banyakk yg bagus.. Semoga cocok 😊buat ngilangin bekas jerawat..
Heyxi Retinol Glowing Tone Up Cream,K***c,4,Baunya wangi dan gampang blend. Kl hsil blm tau y..blm d coba
Heyxi Retinol Glowing Tone Up Cream,V***d,4,"Paketnya baru datang baru mau coba mudah2an ccok d mukaku, langsung co 2 klu ccok mau jdi langganan terima kasih tiktok SOP kurirnya ramh"
Heyxi Retinol Glowing Tone Up Cream,K***m,4,"Jenis kulit: Krim wajah, muda mudahan cocok di aku, pengantarannya cepat"
Heyxi Retinol Glowing Tone Up Cream,L***w,4,Paket dah sampai.. Blm penggunaan. Mudah mudahan cocok dikulit wajah aku. Kemasan rapi dan bagus.
Heyxi Retinol Glowing Tone Up Cream,C***t,4,Barang SDH saya terima barang aman dan semoga aja cocok diwajh aku
Heyxi Retinol Glowing Tone Up Cream,Z***g,4,Baru dtg. Bkm diapply. Semoga cocok ya bun.... Kemasan super rapi & cantik. Kemasan aman. Pengiriman cepat. Exp & bp.kurir garcep ❤️❤️
Heyxi Retinol Glowing Tone Up Cream,K***l,4,Alhamdulillah... Cocok.. Udah jalan seminggu pakai ... Sdh sedkit terlihat hasilnya...
Heyxi Retinol Glowing Tone Up Cream,F***r,4,Semoga wajah saya lebih cerah Kalau bedak ya bagus kita blanja kembali.......... Makasih sebelumnya
Heyxi Retinol Glowing Tone Up Cream,A***e,4,Bahan: Baru coba semoga bagus Manfaat produk: Belom tau Jenis kulit: Semua jenis kulit
Heyxi Retinol Glowing Tone Up Cream,E***l,4,"Sdh sampai barusan, blm dicoba mudah""an cocok..mksh tik tok shop mksh toko pedia dan mksh bang kurir langganan 🙏🤗"
Heyxi Retinol Glowing Tone Up Cream,N***i,4,"Alhamdulillah pakety SDH tiba,tp blum aku coba soaly SDH konsultasi SM penjual TDK bleh d pakai klw TDK pke sunscreen,Jd beli sunscreen dlu Wangi y harum"
Heyxi Retinol Glowing Tone Up Cream,P***c,4,"pesennya kan yang 2 ,tapi pas datengnya beda, dicoba dulu bagus apa engga nya"
Heyxi Retinol Glowing Tone Up Cream,Q***y,4,Belum tau hasilnya karna baru mau coba... Mudah mudahan cocok amin
Heyxi Retinol Glowing Tone Up Cream,W***o,4,"Paketnya sudah datang dan aman,semoga selalu amanah ya jualannya"
Heyxi Retinol Glowing Tone Up Cream,O***b,4,Alhamdulillah brgnya udh Sampek walalau lama yg mo DTG semoga cocok
Heyxi Retinol Glowing Tone Up Cream,I***a,4,Alhamdulillah paket sdh smp .. Semoga cocok dipakenya
Heyxi Retinol Glowing Tone Up Cream,Z***c,4,Bahan: Bpom Manfaat produk: Memutihkan Jenis kulit: Normal
Heyxi Retinol Glowing Tone Up Cream,X***m,4,"Paketnya udh nyampe hari ini, mudahan bgus di pakaidi wajahku"
Heyxi Retinol Glowing Tone Up Cream,Z***v,4,"Manfaat produk: Sayang sekali kemasannya sudah berjamur, datang dalam keadaan produk sudah lembab"
Heyxi Retinol Glowing Tone Up Cream,S***m,4,Makasih kak brg sdh dtg sesuai pesanan. Pengiriman cepat. Kurir baik. Pengemasan rapi dan aman. Brg blm di coba bagus apa tidak. Semoga cocok di muka aku
Heyxi Retinol Glowing Tone Up Cream,H***i,4,"Barang nya baru sampai sesuai pesanan packing nya juga rapi,, mudah2n cocok di wajah ku"
Heyxi Retinol Glowing Tone Up Cream,O***y,4,Bahan: Halus Jenis kulit: Semua kulit Manfaat produk: Mencerahkan kulit Alhamdulillah Bru nympk semoga cocok
Heyxi Retinol Glowing Tone Up Cream,L***c,4,Bagus.. Nggak dempul.. Tapi klo di gosok terus menghilang jadi kayak daki gitu...
Heyxi Retinol Glowing Tone Up Cream,E***m,4,Bagus sih cuman saya pakai kurang glowing gak kyak iklanya sx pakai langsung glowing
Heyxi Retinol Glowing Tone Up Cream,X***u,4,"Paket udah sampai, packing amann sesuai pesanan,udah d coba dingin d kulit semoga cocok Makasih kk seller n mas kurir 🙏🙏"
Heyxi Retinol Glowing Tone Up Cream,P***k,4,Bagus sangat puas tapi liat dalam nya sedikit gak penuh semoga cocok
Heyxi Retinol Glowing Tone Up Cream,D***d,4,Sudah pembelian kedua dan hasilnya lumayan nampak diwajah.
Heyxi Retinol Glowing Tone Up Cream,J***n,4,"Paket sudah sampai hari ini, semoga bagus dan Cocok ke wajah ku..narubmau coba jadi mau lihat hasilnya dulu jadi aku kasih *4 dulu ya...nanti kasih ""5 klau sdh nampak hasil glowing nya"
Heyxi Retinol Glowing Tone Up Cream,P***h,4,Barang udh nyampe Peking rapih kulirnya sangat baik smoga cocok buat ngilangin flek hitam
Heyxi Retinol Glowing Tone Up Cream,B***w,4,"Hexi yg aku beli pertama sama yg aku beli sekarang kenapa beda wangi dan warnanya juga, kloyg pertama beli wangi klo yg sekarang ada bau obatnya gitu, truswarna crimnya yg pertama agak muda klo yg sekarang lebih tua wadahnya sama gk tau yg mna yg asli ya,"
Heyxi Retinol Glowing Tone Up Cream,I***a,4,"Bahan: Cream Manfaat produk: Skincare Jenis kulit: Segala jenis kulit Alhamdulillah paket mendarat dengan aman, semoga cocok 🥰"
Heyxi Retinol Glowing Tone Up Cream,Y***g,4,"Belum ku cobaa semoga cocok,baru pertama kali beli,tapi yang aku heranin kooo wadah dalemnya kotor ya??kaya lembab gtuu baunyaaa,basah kaya abis kehujanan,tapi packing bagus kooo masih disegel juga dus nya.ada bubblewrab nya juga tebel bukan tipisss,knpa dalemnya lembab plus kotor ya??"
Heyxi Retinol Glowing Tone Up Cream,Z***a,4,Bahan: Cair Manfaat produk: Bagus GK dempul Jenis kulit: Semua jenis kulit semoga cocok yhh bismillahirrahmanirrahim
Heyxi Retinol Glowing Tone Up Cream,R***h,4,"Barang cepat sampai sesuai pesanan,,semoga cocok"
Heyxi Retinol Glowing Tone Up Cream,G***r,4,Bahan: Cream Manfaat produk: Untuk menghilangkan bekas jerawat dan glow Jenis kulit: Semua jenis kulit
Heyxi Retinol Glowing Tone Up Cream,C***p,4,"Baru pertama kali mau coba, mogah cocok,tp isinya sedikit sekali"
Heyxi Retinol Glowing Tone Up Cream,N***v,4,Pesanan sudah sampai.. Barang sesuai.. Baru pertama kali coba.. Semoga hasilnya sesuai ..
Heyxi Retinol Glowing Tone Up Cream,Y***o,4,"Paket sdh datang blm dicoba,smogacocoj di kulit aq dapat hrga murce. Klu cocok dan habis nti bli lgi,tokonya amanah beneran dapat 2. Kurirnya baik dan ramah. Terima kasih"
Heyxi Retinol Glowing Tone Up Cream,P***d,4,Bahan: Bagus Bagus aku suka sama bunga nya Jenis kulit: Sawo matang
Heyxi Retinol Glowing Tone Up Cream,A***t,4,Sementara 4bintang dlu.. karena bgtu di terima.. dbuka tenyata dus nya kog berjamur 🥺 jd bertanya² isinya aman ngga ya... Blm dcoba jg even dus nya agak mengecewakan smga cream nya g knpa² dan cocok di pakainya
Heyxi Retinol Glowing Tone Up Cream,Q***e,4,Bahan: Lembut Manfaat produk: Mencerahkan Jenis kulit: Kering
Heyxi Retinol Glowing Tone Up Cream,C***o,4,"Bahan: - Jenis kulit: - sawo matang Manfaat produk: Skincare Aku kasih bintang 4 dulu ya, soalnya baru mau coba, paket pertama semoga cocok"
Heyxi Retinol Glowing Tone Up Cream,E***k,4,"mksh pesanan udh dtg dgn baik,kemasan rapi, pengiriman cepat, bang kurir jg baik, mksh jg buat toko nya 🙏🙏"
Heyxi Retinol Glowing Tone Up Cream,H***y,4,"Barangnya dah sampe tepat wktu,kemasan rapi,kurirnya juga baik dan bertanggung jawab Skrg waktunya dicoba yaaahh"
Heyxi Retinol Glowing Tone Up Cream,O***h,4,Baru pertama nyoba semoga cocok di kulit ku yang kusam ini
Heyxi Retinol Glowing Tone Up Cream,I***t,4,"Barang sudah diterima dalam keadaan bagus,,semoga cocok dimuka aku, terimakasih,,"
Heyxi Retinol Glowing Tone Up Cream,F***z,4,"Maaf telat ngasih ulasan soalnya mau di coba dulu biar tau hasilnya, aku udah habis 1 pot dan belum ada perubahan apapun"
Heyxi Retinol Glowing Tone Up Cream,Q***o,4,Pakit nya SDH sampai bungkusan nya rapi aman muga cucuk nanti Makai nya
Heyxi Retinol Glowing Tone Up Cream,H***c,4,"Blom di coba si smoga aja cocok, klau udah di coba puas dgn hasil nya next order lagii , trimakasih pesanan sampai dengan tujuan peringatan oke. Sukses slalu"
Heyxi Retinol Glowing Tone Up Cream,N***u,4,Bahan: Cream Manfaat produk: Mencerahkan wajah Jenis kulit: Normal
Heyxi Retinol Glowing Tone Up Cream,S***e,4,Packing barang nya rapi aman...bismilah smoga cocok perdana pertama nyoba
Heyxi Retinol Glowing Tone Up Cream,M***e,4,Paketnya sampai...kemasan rapih tersegel..semoga cocok
Heyxi Retinol Glowing Tone Up Cream,H***w,4,"Baru di coba semoga cocok, pengiriman cepat barang sampai dengan baik"
Heyxi Retinol Glowing Tone Up Cream,J***s,4,"Sampe dengan tepat waktu, pertama kali pakai mudah""an cocokk"
Heyxi Retinol Glowing Tone Up Cream,H***d,4,Wangi dan enak di pakai semoga cocok sma kulit ku ya
Heyxi Retinol Glowing Tone Up Cream,U***j,4,Baru mau nyoba semoga cocok Warna nya memang banyak putih nya kah
Heyxi Retinol Glowing Tone Up Cream,V***n,4,"Brsan nyoba ,klo cocok nnt beli lgi k depan nya"
Heyxi Retinol Glowing Tone Up Cream,V***y,4,"Barang nya sudah sampai dalam keadaan aman,mudah²han cocok."
Heyxi Retinol Glowing Tone Up Cream,M***b,4,"Brng nya Bru dtng,BNR Yg Kya gni orie GX sih Mudah2n. Cocok dimuka aku yg kusam"
Heyxi Retinol Glowing Tone Up Cream,S***e,4,"Baru pertama beli engga tau bagus atau engga,cocok atau engga.ya moga aja cocok."
Heyxi Retinol Glowing Tone Up Cream,X***x,4,Bru pertama kali. Cobasmg cocok dan kulitnku sehat
Heyxi Retinol Glowing Tone Up Cream,H***k,4,"Udh 2x beli d toko ini pengiriman aman, tapi kok yg k2x ini beda ya yg satu nya"
Heyxi Retinol Glowing Tone Up Cream,W***m,4,"Baru mau coba mudah"" N ccok d kulit aku.bang kulir ny pun ramah makasih seler..."
Heyxi Retinol Glowing Tone Up Cream,N***h,4,Brngnya dh smpe trimksih..Oia ktanya KLO yg asli tutupnya BKN Kya gni KA..ap bnar ?
Heyxi Retinol Glowing Tone Up Cream,E***t,4,"Barang sampai dengan selamat,baru sekali pakai semoga cocok,"
Heyxi Retinol Glowing Tone Up Cream,R***x,4,"Maaf mau nanya? Ko beda yah cream yg org2 pake dgn cream yg aku beli, aku belinya sama di toko ini, kalo di org2 seperti jel, kalo ini di pakai seperti air, tulisan dpn belakang jg beda 🙏🏻mohon maaf itu kenapa yah?"
Heyxi Retinol Glowing Tone Up Cream,A***m,4,Bukan asli di coba lasung gatal dulu beli d toko sebalah HEYXI dragon bool krem sama dengan poto tapi yg ini aga cair HEYXI RETINOL KREM ARI GAMBAR HEYXI DRAGON BAAL KRIM jau beda ..dengan punya ku..
Heyxi Retinol Glowing Tone Up Cream,T***x,4,"Bedak SDH sampai , baru mau di coba semoga cocok ,"
Heyxi Retinol Glowing Tone Up Cream,O***y,4,"𝑩𝒂𝒉𝒂𝒏 𝒍𝒆𝒎𝒃𝒖𝒕 𝒅𝒂𝒏 𝒕𝒊𝒅𝒂𝒌 𝒍𝒆𝒏𝒈𝒌𝒆𝒕 𝒅𝒊 𝒌𝒖𝒍𝒊𝒕 𝒔𝒆𝒎𝒐𝒈𝒂 𝒄𝒐𝒄𝒐𝒌, 𝒌𝒂𝒍𝒐 𝒄𝒐𝒄𝒐𝒌 𝒏𝒆𝒌𝒛 𝒐𝒅𝒓 𝒍𝒂𝒈𝒊"
Heyxi Retinol Glowing Tone Up Cream,H***o,4,"Bener gak si ini produk nya kak, soalnya lihat di ulasan yang lain tulisan china beda, yang lain tulisan nya besar, dan aku baru pertama kali beli, baru di coba sekali"
Heyxi Retinol Glowing Tone Up Cream,V***o,4,kok aku jd ngeri ya liat isi nya....😁 lagi di coba di tangan ✋🏻 dulu lah 😁😁 cream 37.rb nya 🥰 soalnya muka ku mudah nge flek susah bersih...
Heyxi Retinol Glowing Tone Up Cream,L***n,4,"𝘚𝘦𝘮𝘰𝘨𝘢 𝘤𝘰𝘤𝘰𝘬 𝘥𝘪 𝘸𝘢𝘫𝘢𝘩𝘬𝘶, 𝘱𝘢𝘬𝘦𝘵 𝘵𝘦𝘭𝘢𝘩 𝘵𝘪𝘣𝘢"
Heyxi Retinol Glowing Tone Up Cream,S***l,4,Alhamdulilah barang sudah sampai mudah mudahan cocok di muka aku
Heyxi Retinol Glowing Tone Up Cream,J***h,4,Saya baru pesan semoga cocok diwajah saya Manfaat produk: 😊
Heyxi Retinol Glowing Tone Up Cream,T***l,4,"Terimakasih barangnya sudh sampai dengan baik,semoga cocok dn kembali CO lagi🙏🙏"
Heyxi Retinol Glowing Tone Up Cream,L***n,4,"Terima kasih barangnya baru sampai tadi, dan baru mau coba moga aja cocok Terima kasih buat seller Dan abang kurir nya"
Heyxi Retinol Glowing Tone Up Cream,G***q,4,Bags sih tapi aku kasih ulsan berikutnya stelah hbis 1 pot lagi jrawatan parah saolnha moga cocok. Ini stelah pemakaian 2 Minggu sya kasih Ulsan lagi yaaa.fto yg pekk krudung item stelah pemakaian 2 Minggu jrawat hempas tinggal bekase tok .ini sya bicara real ya guyss. Ringan kok di pakeknya.
Heyxi Retinol Glowing Tone Up Cream,F***l,4,"Baru coba Semoga cocok yah kak, kurir ramah pengiriman cepat,"
Heyxi Retinol Glowing Tone Up Cream,S***r,4,Paket sudah sampai dengan aman Peking nya rapi. Dan mas kurir nya baik ramah
Heyxi Retinol Glowing Tone Up Cream,B***m,4,"Udah sampai dan unboxing Belom dicoba sih, semoga aja ngaruh di kulit Terimakasih"
Heyxi Retinol Glowing Tone Up Cream,H***v,4,𝘛𝘦𝘳𝘪𝘮𝘢 𝘬𝘢𝘢𝘪𝘩 𝘗𝘢𝘬𝘦𝘵 𝘴𝘶𝘥𝘢𝘩 𝘥𝘢𝘵𝘢𝘯𝘨.. 𝘉𝘢𝘳𝘶 𝘱𝘦𝘳𝘵𝘢𝘮𝘢 𝘣𝘭𝘰𝘮 𝘥𝘪 𝘤𝘰𝘣𝘢.. 𝘚𝘦𝘮𝘶𝘨𝘢 𝘢𝘥𝘢 𝘩𝘢𝘴𝘪𝘭 𝘴𝘦𝘴𝘶𝘢𝘪 𝘺𝘢𝘯𝘨 𝘥𝘪 𝘪𝘬𝘭𝘢𝘯𝘬𝘢𝘯..
Heyxi Retinol Glowing Tone Up Cream,L***g,4,"Alhamdulillah paket nya baru aja sampai. Mudah2an cocok di saya,terimakasih...🙏"
Heyxi Retinol Glowing Tone Up Cream,K***r,4,"Semoga cocok di muka aku, kalo cocok ntar pesen lagi"
Heyxi Retinol Glowing Tone Up Cream,A***f,4,Bahan: Lembut Manfaat produk: Bagus Jenis kulit: Semua kulit
Heyxi Retinol Glowing Tone Up Cream,I***y,4,Ok Aku Terima dengan selamat paket nya Terimakasih Semoga cocok
Heyxi Retinol Glowing Tone Up Cream,I***d,4,knpa beda sama yg pertama aku beli ya.. yg datang ga ad wangi ny samsek terus tulisan ny juga beda kira² ori ga nih jadi takut mau nyoba ke wajah😭😭😭😭😭
Heyxi Retinol Glowing Tone Up Cream,O***x,4,Baru nyoba moga y cocok di muka Q
Heyxi Retinol Glowing Tone Up Cream,E***l,4,"Pesanan sesuai dengan deskribsinya, soal produk belum mencobanya"
Heyxi Retinol Glowing Tone Up Cream,B***z,4,"Muda""Han cocok terimakasih sudah smpe barangnya .."
Heyxi Retinol Glowing Tone Up Cream,I***k,4,Alhamdulillah paket udah nyampe semoga cocok🙏🙏
Heyxi Retinol Glowing Tone Up Cream,S***d,4,Manfaat produk: SEMOGA COCOK HILANG JERAWAT 🙏😇
Heyxi Retinol Glowing Tone Up Cream,K***c,4,Maap baru kasih ulasan pertama mudah'mudahan cocok ea
Heyxi Retinol Glowing Tone Up Cream,T***b,4,"Maap Bru ngasih ulasan skrng,, baru mau coba mudah""an cocok iya"
Heyxi Retinol Glowing Tone Up Cream,K***e,4,Barang datang...semoga cocok ya min...biar bisa back order.
Heyxi Retinol Glowing Tone Up Cream,D***n,4,Bahan: blom d coba Manfaat produk: semoga cocok Jenis kulit: kata nya sih semua kulit
Heyxi Retinol Glowing Tone Up Cream,S***g,4,Jenis kulit: Oily Moga cocok
Heyxi Retinol Glowing Tone Up Cream,E***x,4,Harum Baru mau coba semoga ada manfaaynya👍
Heyxi Retinol Glowing Tone Up Cream,U***y,4,Semoga cocok baru coba harini pengemasan baik
Heyxi Retinol Glowing Tone Up Cream,W***d,4,"Alhamdulillah 🤲 Udh keterima, moga cocok🙏"
Heyxi Retinol Glowing Tone Up Cream,Y***e,4,Baru mau coba di Semoga cocok
Heyxi Retinol Glowing Tone Up Cream,N***j,4,Paket sudah sampai belum dicoba
Heyxi Retinol Glowing Tone Up Cream,A***n,4,"Barang sudah sampai, semoga cocok. Belum dicoba"
Heyxi Retinol Glowing Tone Up Cream,U***u,4,Baru coba mudah mudahan cocok seperti iklannya
Heyxi Retinol Glowing Tone Up Cream,V***w,4,Alhamdulillah sdh smpai pktnya
Heyxi Retinol Glowing Tone Up Cream,Y***q,4,"Toner up nya bagus deh dikulitku nggak bikin kering,aku baru pertama kali coba,semoga cocok dimuka ku ya"
Heyxi Retinol Glowing Tone Up Cream,X***i,4,Udah sampai paket nya sesuai pesanan makasih ya kak belum d coba mudah2an cocok 👍🙏
Heyxi Retinol Glowing Tone Up Cream,V***d,4,Semoga cocok di muka aku
Heyxi Retinol Glowing Tone Up Cream,R***r,4,"Alhamdulillah,pesanan sdh sampai dengan selamat,baru perdana pakai,dan sdh q coba ternyata jd abu2 d kulit wajahku yg kering"
Heyxi Retinol Glowing Tone Up Cream,U***x,4,Q ud makai 2 kok g ad perubahan y 🙏🙏🙏
Heyxi Retinol Glowing Tone Up Cream,Y***y,4,Mau coba siapa tau cocok
Heyxi Retinol Glowing Tone Up Cream,D***i,4,"baguss sih ni cream,ud hbis 1 pot dn ni pot yg k'2,, wlaupon hrgany murah tapi GK murahan gong parah pokoknya,flek2 dwjahku prlhan mulai memudar,, terimakasih heyxi,,😁"
Heyxi Retinol Glowing Tone Up Cream,I***o,4,"Paketnya sudah sampai kak trimakasih ya 🙏 Q baru prtama kali mau pake hexy ini, smoga cocok ya, produknya sesuai sama deskripsi dan foto, packing aman super rapi pake buble warp 😁"
Heyxi Retinol Glowing Tone Up Cream,C***b,4,Bagus untuk pemakaian sehari² agar muka terlihat lebih putih&kinclong.Semoga tak ada efek jangka panjang sehingga bisa buat rekomendasi untuk teman².
Heyxi Retinol Glowing Tone Up Cream,V***r,4,Baru pertama Pakai produk ini..pas pemakaian pertama di wajah tidak perih seperti ada sensasi dingin gitu cepat meresap di wajah langsung terpancar glow nya di wajah mantulll sukaaaaaa🥰🥰🥰🥰😍😍😍 semoga cucok dan bisa CO lagi di toko ini…tetap jaga kualitas produk ya…🥰🥰🥰🥰
Heyxi Retinol Glowing Tone Up Cream,D***y,4,Bahan: Lembut mudah meresap di kulit Manfaat produk: Untuk melembabkan kulit Jenis kulit: Semua jenis kulit
Heyxi Retinol Glowing Tone Up Cream,U***l,4,"Bismillah semoga cocok aamiin, begitu aku pake nyaman rasanaya di kulit, adem, wangi dan ada perbedaan lansung cerah dan glowing semoga cocok dan berlangganan tetus,, makasih kk paket sampai dengan selamat👌😘😘😘👍👍👍👍"
Heyxi Retinol Glowing Tone Up Cream,H***v,4,Semoga cocok ya aku baru mau coba soalnya..
Heyxi Retinol Glowing Tone Up Cream,E***y,4,Bahan: Cepet nyerap ke kulit di pakenya adem ga lengket pokonya lumyan enak lah di pake nya dan semoga cocok d mukakuu. Manfaat produk: Manpaatnya belum ke liatan semoga aja bener kata orng orng bisa memudarkn flek hitam. Jenis kulit: Bikin kulit lembab
Heyxi Retinol Glowing Tone Up Cream,X***a,4,Wangi Baru Mesan semoga Cocok dgn Kulit wajah q.. Bahan: Lembut Manfaat produk: Mncerahkan
Heyxi Retinol Glowing Tone Up Cream,C***l,4,"Awalnya mau kasih bintang 2 karna paket aku yg 2 pcs tapi satunya bukan pecah lagi tapi udah remuk dan toko gak mau tanggung jawab soalnya gak ad video unboxing, tpi karna brp hari ini aku pake dn ternyata ada perubahan sama kulit wajah aku jdi nya aku berubah fikiran dn kasih bintang 4 🤭"
Heyxi Retinol Glowing Tone Up Cream,E***d,4,"Bahan: Jelly Manfaat produk: Mengencangkan dan bercahaya Jenis kulit: Apa aja Bagus tpi,aku beli yg pertama, ada bacaan halal, beli yg ke dua kalinya tidak ada bacaan halal nya"
Heyxi Retinol Glowing Tone Up Cream,O***b,4,Bahan: Lembut pas diblen Manfaat produk: Memutihkan Jenis kulit: Kulit sensitif bisa pakai
Heyxi Retinol Glowing Tone Up Cream,T***u,4,"Paket aman. Baru mau coba pakai. Karena rekomen dari teman. Dia cocok . Harap saya cocok dan harap juga bahannya asli , bukan tipu - tipu"
Heyxi Retinol Glowing Tone Up Cream,M***u,4,"Baru nyoba,smoga cocok dikulit wajahku. Creamnya lembut dan serasa dah pake bedak 👍🏻"
Heyxi Retinol Glowing Tone Up Cream,N***c,4,Bahan: Alami Manfaat produk: Mencerahkan kulit wajah flek hitam Jenis kulit: Semua jenis kulit
Heyxi Retinol Glowing Tone Up Cream,Y***o,4,"Jenis kulit: Oily Manfaat produk: Mencerahkan dmuka aku Bahan: Bahan lmbut g bau Baru nyoba dua hari mudah""an cocok.. biasa'y cmn pke serum dan sunscreen."
Heyxi Retinol Glowing Tone Up Cream,U***n,4,Bahan: Bagus lembut Manfaat produk: Memutihkan wajah Jenis kulit: Semua jenis kulit wajah
Heyxi Retinol Glowing Tone Up Cream,U***f,4,Blm ada perubahan d wajahku.. Mang saat d pake terasa riingan dn tdk dempul.. Suka si cuman katanx bs memutihkan tp gak ada putihnx..
Heyxi Retinol Glowing Tone Up Cream,Y***m,4,Bahan: Cream Manfaat produk: Menutrisi kulit secara mendalam dan memberikan tahan lama dng tekstur ringan. Jenis kulit: Wajah *Ga ekspek di kasih 2 picis pdhl beli satu. Ga nyangka di kirim nya 2 dgn harga yg segitu di kasih gratis 1 lagi
Heyxi Retinol Glowing Tone Up Cream,L***s,4,"Sepertinya harus dobel cleansing biar gak komedo ,di aplikasikan terlihat beda nya semoga cocok terimakasih"
Heyxi Retinol Glowing Tone Up Cream,U***m,4,Jenis kulit: Cocok untk smua jenis kulit Manfaat produk: Mencerahkan kulit Bahan: Sngat lembut
Heyxi Retinol Glowing Tone Up Cream,D***v,4,Alkhamdulillah udah Dateng...teksturnya lembut ea mudah meresap kekulit...semoga cocok ea
Heyxi Retinol Glowing Tone Up Cream,X***c,4,Bahan: Lembut Manfaat produk: Untuk mencerahkan kulit wajah Jenis kulit: Kayaknya semua jenis kulit cocok
Heyxi Retinol Glowing Tone Up Cream,B***g,4,Manfaat produk: Wajah jadi cerah sekarang Cocok makasih ya Package nya kuranga ya kak Harus pack dlm box Spy aman
Heyxi Retinol Glowing Tone Up Cream,K***b,4,Baru mau cba.. ga tau cocok gak.. smoga si cocok.. isinya gak penuh.. kosong cma stgh...udh d cba d tngan.. rasanya dingin n ga lengket.. smoga ja bneran asli
Heyxi Retinol Glowing Tone Up Cream,I***h,4,"Bahan: Sepertinya lembut sih. Karena blm dicoba. Dan semoga cocok Manfaat produk: Mengurangi garis"" Halus dan wajah tampak berchaya Jenis kulit: Semua jenis kulit"
Heyxi Retinol Glowing Tone Up Cream,V***z,4,Bahan: Bahannya alus mudah di poles Manfaat produk: Semoga cocok dan berkilau Jenis kulit: Aman semua jenis kulit
Heyxi Retinol Glowing Tone Up Cream,L***n,4,Bahan nya sesui krim nya dingin trus cocok untuk kulit q yg kusam makasih kuri nya juga rama
Heyxi Retinol Glowing Tone Up Cream,Z***e,4,Wangi banget baru sampe aku udah coba semoga cocok di wajah aku Nex akan order LG 🥰🥰🥰 aku kasi bintang 4 dulu ya KLW suda ada perubahan baru aku kasi ful bintangnya
Heyxi Retinol Glowing Tone Up Cream,X***z,4,"Paket nya sudah datang 2 hari yg lalu . pengiriman cepat bgt ,kurir yg baik humble . Langsung try on adem dipakai semoga cocok dwajahku. Thank u 👌"
Heyxi Retinol Glowing Tone Up Cream,Q***d,4,"Baru prtama kali coba langsung suka, wangi langsung nyatu ma kulit,. Mudah2n cocok"
Heyxi Retinol Glowing Tone Up Cream,F***z,4,Mudah meresap di wajah ga lengket ga dempul suka dengan peroduk ini
Heyxi Retinol Glowing Tone Up Cream,D***y,4,"Mudah di blend, ringan di kulit, semoga cocok ya cs baru pertama kali nyoba."
Heyxi Retinol Glowing Tone Up Cream,Q***c,4,"Barangnya sudah sampai kakak, dua hari yg lalu, maaf baru buat ulasan🙏 Bahan: Lembut dikulit Manfaat produk: Melembabkan dan mecerahkan kulit wajah Jenis kulit: Utk kulit yg sudah mulai muncul melasma dan kisah sangat membantu, berharap dapat mengurangi dan menghilangkan melasma"
Heyxi Retinol Glowing Tone Up Cream,C***j,4,Barang sudah sampai sesuai dengan pesanan
Heyxi Retinol Glowing Tone Up Cream,Q***f,4,Ok trimksih sya blm coba
Heyxi Retinol Glowing Tone Up Cream,C***g,4,Udah nyampe tapi blm d coba semoga cocok
Heyxi Retinol Glowing Tone Up Cream,D***g,4,Bahan: Bguss Manfaat produk: Bisa melembabkan kulit aku AP lgi kulit yg kering kek akuu Jenis kulit: Ccok untuk smua jenis kulit yaa
Heyxi Retinol Glowing Tone Up Cream,X***c,4,"Bahan: Lembut Manfaat produk: Mencerah kan Jenis kulit: Kuning Ini pertama kali aku pesan product ini semoga cocok sama kulit aku, tapi ngk ada logo halal ya product nya, mudah2 aman di kulit ku, kalau cocok aku co lgi"
Heyxi Retinol Glowing Tone Up Cream,K***g,4,"Mudah di aplikasikan,ringan dimuka, aku sukaa+murah lagi 50 dpt 2😁"
Heyxi Retinol Glowing Tone Up Cream,U***f,4,baru coba smoga memuaskan. dipake nyaman gampang di blend gk tll dempul (sedikit white case) saat dipake trasa agak sedikit panas spt cream pemutih
Heyxi Retinol Glowing Tone Up Cream,T***e,4,Bahan nya jell lembut di coba dulu mudah mudahan cocok di kulit muka yang kering ....pengemasan bagus barang segel ORI dapet promolumayan juga terimakasih sudah amanah...
Heyxi Retinol Glowing Tone Up Cream,T***g,4,"Teksturnya lembut dingin cpt menyerap tdk lengket di kulit,mg cocok di kulit ku"
Heyxi Retinol Glowing Tone Up Cream,W***k,4,"Bahan: Sangat ringan mudah diaplikasikan diwajah Manfaat produk: Belom dipakek semoga cocok Jenis kulit: Normal Pengiriman nya cepat thanks kk, kalau cocok next order lagi😍"
Heyxi Retinol Glowing Tone Up Cream,X***g,4,Bahan: Lembut Manfaat produk: Mengglowingkan wajah Jenis kulit: Normal ataw kulit badak Barang sesuai pesanan ok saya liat hasilnya dulu klau cocok saya order lg dan kasih bintang 5
Heyxi Retinol Glowing Tone Up Cream,P***b,4,"Manfaat produk: Melembabkan dan mencerahkan kulit Jenis kulit: Normal Terimakasih barang sudah sampai pengiriman cepat sekali, semoga cocok sih baru pertama kali nyoba pakai heyxi"
Heyxi Retinol Glowing Tone Up Cream,U***s,4,"Pengiriman sangat cepat, pesan hari kmren hari ini sudah sampai. Produk nya sesuai deskripsi dan iklan di foto. Wangi nya kalem, belum di coba. Smoga cocok, terimakasih seller. Kalo cocok produk nya next order lagi"
Heyxi Retinol Glowing Tone Up Cream,Z***t,4,Wangi dn lembut si teksturnya tp lama banget smpix mgk PO.. Saran sy jika klean cocok dgn krimx. Sebaiknya co sblm krim klean hbs biar gk tertunda krn lama smpix..
Heyxi Retinol Glowing Tone Up Cream,F***j,4,"Lembut, cepat menyerap ke kulit trus bau nya lembut and ngk menyengat, semoga cocok dikulit"
Heyxi Retinol Glowing Tone Up Cream,G***y,4,Barang sudah sampe dengan aman.ternyata di pake adem banget dan ngak lengket di muka semoga cocok
Heyxi Retinol Glowing Tone Up Cream,G***p,4,"Paket nya udah sampai semoga cocok bismillah,baru aku coba pake Bahan: Tektur nya lembut Manfaat produk: Semoga cocok d kulit saya Jenis kulit: Agak kering n kusam"
Heyxi Retinol Glowing Tone Up Cream,O***w,4,Manfaat produk: mencerahkan kulit wajah Jenis kulit: semua jenis kulit syukaa banget semoga cocok d aku ga lengket wangi natural
Heyxi Retinol Glowing Tone Up Cream,X***p,4,Bahan: harum Manfaat produk: cocok untuk semua kulit Jenis kulit: kering
Heyxi Retinol Glowing Tone Up Cream,D***e,4,Bahan: Ringan Manfaat produk: Mencerahkan wajah Jenis kulit: Sensitif
Heyxi Retinol Glowing Tone Up Cream,Y***z,4,"Belum di coba mudah""an cocok bsa jadi langganan ,pengirimannya cepat dan barang nya sesuai ,tokonya juga amanah,jgn ragu blnja si toko ini."
Heyxi Retinol Glowing Tone Up Cream,P***d,4,Sesuai pesanan pengiriman nya juga cepat dapet harga 57 ribu 2 semoga cocok di muka ku terima kasih
Heyxi Retinol Glowing Tone Up Cream,E***h,4,Alhamdulillah paket nya udah sampe ini aku mau coba dulu soal nya liat yang lain pada bagus²kulitnya makanya aku mau coba dulu mau tau gumana hasil nya kalo bagus mo co lagi🤞
Heyxi Retinol Glowing Tone Up Cream,R***l,4,"Barang nya sudah smpe baru mau coba semoga cocok dan sesuai dengan ekspetasi semoga aj kali ini bener"" bisa menghilangkan plek tidak termakan iklan 🫣👍🏻🙏🏻🙏🏻"
Heyxi Retinol Glowing Tone Up Cream,M***p,4,Bahan: Teksturnya lembut Manfaat produk: Belom dicoba baru mau nyoba Jenis kulit: Normal semoga cocok di kulit aku
Heyxi Retinol Glowing Tone Up Cream,V***k,4,"Barang sampai dg keadaan aman gada yg lecet sama sekali,belum dicoba juga cuman emg kya gini tah ya produknya ga penuh gini tengahnya aga kopong?"
Heyxi Retinol Glowing Tone Up Cream,B***a,4,"Barang sesuai, baru mau nyoba sih semoga cocok dan ada hasilnya..packingan rapi pengiriman cepat..."
Heyxi Retinol Glowing Tone Up Cream,V***a,4,"Barang sesuai pesanan,, packing rapi , baru pertama coba semoga cocok dan ber langganan"
Heyxi Retinol Glowing Tone Up Cream,Y***x,4,"Semoga cocok buat saya,,, klau cocok bisa langganan ini☺👍👍 maksih jg buat pengatar nya,, cpet sampek, pekingan barang nya jg rapi,, 👍👍👍🥰"
Heyxi Retinol Glowing Tone Up Cream,R***z,4,Creamnya Lembut dingin tpi baru di coba di tangan lum berani coba di muka.
Heyxi Retinol Glowing Tone Up Cream,P***k,4,"Baru pertama kali pake, barangnya sudah datang baunya wangi🤩semoga cocok"
Heyxi Retinol Glowing Tone Up Cream,K***b,4,Bahan: Bagus Jenis kulit: Semua kulit Kulit menjadi agak cerah
Heyxi Retinol Glowing Tone Up Cream,Q***m,4,"Baguus kak tapi di gudangnya bungkusannya rusak huhu, tapi dalam nya isinya bagus kok"
Heyxi Retinol Glowing Tone Up Cream,X***t,4,"Bahan: Krim Manfaat produk: Untuk mencerahkan wajah Jenis kulit: Normal Baru pertama kali beli, semoga cocok"
Heyxi Retinol Glowing Tone Up Cream,C***s,4,"Baru sampai, belum pernah coba sebelum nya semoga cocok dan bagus hasilnya.. Dapat harga diskon 50rb dapat 2 tapi isinya kurang penuh min 😁 Tapi gpp krn mungkin dapet 2 yaa... Wanginya enak, packaging cantik, dan warna nya juga cantik👍"
Heyxi Retinol Glowing Tone Up Cream,L***q,4,"Bahan: Yang jelas retinol cream, wangi Manfaat produk: Bikin glowing, cocok untuk muka nya yg putih, karena bikin muka putih. Jenis kulit: Aku mah jenis kulitnya, normal, dingin ke kulit Sdh BPOM, tapi aku cari cari lebel halal nya g ada."
Heyxi Retinol Glowing Tone Up Cream,D***g,4,Manfaat produk: Untuk mencerahkan wajah Jenis kulit: Kulitku kering Bahan: Bahanya lembut teksturnya enak smoga aja cocok dikulitku ya baunya juga wangi
Heyxi Retinol Glowing Tone Up Cream,V***j,4,"Masya Allah banget🥰🥰 Udh habis 2 pcs Lanjut yg 3 dn 4 ini Manfaat produk: Kulit AQ jdi glowing,dn bekas jerawat menghilang Itu foto sebelum dn sesudah Makai ya🥰🥰"
Heyxi Retinol Glowing Tone Up Cream,M***u,4,Barang sudah sampai.creamnya harum.sdh coba pke.hasilnya bagus.merata dan menyerap di kulit.mudah2n flek hitam ku bs hilang dgn cream ini.mksih
Heyxi Retinol Glowing Tone Up Cream,O***m,4,"Manfaat produk: Mencerahkan kulit kusam , memudarkan flek hitam , mengencangkan kulit karena ada anti aging Jenis kulit: Semua jenis kulit"
Heyxi Retinol Glowing Tone Up Cream,Y***r,4,"Manfaat produk: Katanya mencerahkan pertama kali makay semogah cocok Bahan: Asli seperti di foto sangat tidak menipu, Jenis kulit: Agak plek hitam karna jerawat semogah bisah hilang Peking Anya tapi, dan bedaknya juga sangat mirip di foto tidak ada menipu dan bohong semuanya asli kalok cocok nanti aku pasan lagi😌🙏🏻"
Heyxi Retinol Glowing Tone Up Cream,X***h,4,"Alhamdulillah sudah mendarat dengan selamat, pekingannya juga rapih, kurir ramah Harganya murce bgt beli 2 dpt harga 46rb. Dan dikulit sawo matang bagus² aja kog, ngebland nya juga mudah.. Thanks ya seller🫶 Jenis kulit: Sawo matang"
Heyxi Retinol Glowing Tone Up Cream,Q***c,4,Semoga cocok dpake dan repeat order
Heyxi Retinol Glowing Tone Up Cream,R***c,4,Semoga cocok di kulit aku.... pengemasan rapi...masih segel... tapi isinya gak full ya
Heyxi Retinol Glowing Tone Up Cream,P***e,4,Bahan: Adem halus cepat meresap Manfaat produk: Pemutih Jenis kulit: Sensitif Semoga ccok
Heyxi Retinol Glowing Tone Up Cream,K***f,4,"Di kulit aku masih belum ada perubahan yaa mungkin masih proses,krimnya wangi mudah meressp, nanti kalau udah ada perubahan kasih bintang 5🙏🙏"
Heyxi Retinol Glowing Tone Up Cream,L***p,4,Bahan: Tekstur lembut Manfaat produk: Pakai dikit udh putih bnget Jenis kulit: Putih Smga ccok
Heyxi Retinol Glowing Tone Up Cream,L***c,4,Bahan: Tekstur lembut Manfaat produk: Kualitas bagus Jenis kulit: Untuk semua jenis kulit
Heyxi Retinol Glowing Tone Up Cream,F***m,4,"Pengiriman cepat baget, barang sesuai udh dicoba cm buat dibland diwajah kok agar susah.terlalu cepat kering"
Heyxi Retinol Glowing Tone Up Cream,P***h,4,Jenis kulit: Cocok untuk semua jenis kulit Bagus juga ada ton up nya jadi gk usah pake cushion lagi🤩tapi sayangnya aku beli yang 2 pecah 1 nya😭
Heyxi Retinol Glowing Tone Up Cream,J***u,4,"Alhamdulillah paket saya sudah sampai,mudah mudahan produk nya cocok sama kulit wajah saya.tapi isi cream nya gak penuh."
Heyxi Retinol Glowing Tone Up Cream,B***d,4,"Barang nya bagus udh mulai kliatan hasil nya,bisa mengurangi bekas jerawat yg hitam"""
Heyxi Retinol Glowing Tone Up Cream,N***f,4,"Lembut dan harum Manfaat produk: Mudah ""cocok untuk flek aku Jenis kulit: Berminyak Potonya mewah &elegan"
Heyxi Retinol Glowing Tone Up Cream,K***o,4,"Packaging nya baguss, pengiriman cepatt Tapi mau nnyak kak, ini produknya emng sedikit berair gtu ya kak?"
Heyxi Retinol Glowing Tone Up Cream,W***h,4,Paket sudah datang baru mau coba semoga dapat hasil yang memuaskan semoga cocok terimakasih buat tokohnya semoga selalu amanah menjaga kepercayaan pelanggan maaf tak kasih bintang empat soalnya sebelumnya belum pernah mencoba besok kalau cocok pasti order lagi sekali lagi terimakasih
Heyxi Retinol Glowing Tone Up Cream,G***b,4,"Assalamu'alaikum,,, mohon maaf terlambat ngasih ulasan,, alhamdulillah ini paket saya yg kedua,, karna cocok di kulit saya, jadinya saya co yg kedua terimakasih🙏"
Heyxi Retinol Glowing Tone Up Cream,Z***u,4,"Wangi dan lembutt , pengiriman nya cepet banget aku beli 2 cuma d harga 30 rebu"
Heyxi Retinol Glowing Tone Up Cream,Y***x,4,"Paket sudah tiba dengan baik dan aman Produknya pas di buka wangi banget,baru pertama kali coba semoga cocok...terimakasih"
Heyxi Retinol Glowing Tone Up Cream,I***l,4,"Pesanan sudah sampai dan sesuai dengan pesanan saya terimakasih selerr sudah amanah,dan ini baru pertama kali saya coba semoga cocok dkulit wajah saya terimakasih"
Heyxi Retinol Glowing Tone Up Cream,W***j,4,Alhamdulillah barang nya cpt sampe ini sy perdana sy cb dulu klo cocok sy akan beli langsung 2 pcs mksh ya respon nya cpt pengiriman nya jg rapih top
Heyxi Retinol Glowing Tone Up Cream,G***q,4,Jenis kulit: Kering Manfaat produk: Muka kusam Bahan: Lembut mudah diaplikasikan semoga cocok sama produk HEYXI
Heyxi Retinol Glowing Tone Up Cream,G***l,4,Takut bgt ga BPOM krn lgi posisi hamil takut g boleh tpi pas pke mudah bgt ngaplikasiinnya dan di pke ortu juga bisa cuma klo di kulit item itu bikin belang
Heyxi Retinol Glowing Tone Up Cream,Q***d,4,"Manfaat produk: Memutihkan, glowing Bahan: Lembab, cream Jenis kulit: Kuning langsat"
Heyxi Retinol Glowing Tone Up Cream,A***k,4,Manfaat produk: Bagus barang Rapih Semoga cocok di kulit aku Baru pertama X Nyoba Jenis kulit: Normal
Heyxi Retinol Glowing Tone Up Cream,W***t,4,"Alhamdulillah barang tiba dlm kondisi baik, dan aman. Krim lembut di wajah, semoga cocok di kulit."
Heyxi Retinol Glowing Tone Up Cream,R***z,4,"Bahan: Gampang diblaen Manfaat produk: Buat glowing Jenis kulit: Berminyak Masih pertama beli,semoga aja cocok pakai heyki cream ini"
Heyxi Retinol Glowing Tone Up Cream,G***x,4,Bahan: Aman Manfaat produk: Mencerahkan Jenis kulit: Semua Baru coba mudah2an cocok.. Untuk BPOM beneran ada sudah saya cek
Heyxi Retinol Glowing Tone Up Cream,N***c,4,Bahan: Mudah di blender lembut Manfaat produk: Bisa mencerahkan semoga jaj Karan baru mau coba Jenis kulit: Normal Barang udh dtang dr kapan hari tp Bru aja di anter ma kurirnya JD kepanasan krim aga rusak
Heyxi Retinol Glowing Tone Up Cream,A***j,4,makasih barang sudah tiba.producknya bagus. bikin glowing. saya suka.. saya sudah buka pakai 1 dulu.
Heyxi Retinol Glowing Tone Up Cream,J***y,4,Alhamdulillah barangnya udah sampai dan produknya wanginya lembut dan nge blank Semoga hasilnya memuaskan di wajah aku aminn ya rabb
Heyxi Retinol Glowing Tone Up Cream,E***y,4,"Bahan: Aman Manfaat produk: Mencegah keriput,mengglowingkan wajah Jenis kulit: Normal"
Heyxi Retinol Glowing Tone Up Cream,O***l,4,"Barang sudah diterima dengan baik, realpic sesuai gambar. Packing rapih kurirnya ramah... Belum dicoba semoga cocok... Terimakasih buat tokonya sudah amanah..."
Heyxi Retinol Glowing Tone Up Cream,L***r,4,Alhamdulillah paketnya udah sampe kemasannya mewah pengirimannya juga cepat semoga produknya cocok di kulit aku.. soalnya baru pertama kali nyoba terimakasih seller
Heyxi Retinol Glowing Tone Up Cream,T***i,4,Paket sudah sampai Teksturnya lembut dan wangi Belum coba mudah2an cocok sama kulit ku
Heyxi Retinol Glowing Tone Up Cream,M***s,4,Barang dtang sesuai pesanan... Packing aman... Kemasan nya mewah...dan udah cek bpom jg...ok lah... Smga cocok dan sesuai ekspetasi
Heyxi Retinol Glowing Tone Up Cream,X***n,4,"Sesuai ekspektasi😍😍, pengemasan pakai bubble wrap jadi pas datang aman suka dech , semoga seterusnya beramanah tokonya 🤲🏻🤲🏻 semogal lagi cocok diwajah aku bismillah"
Heyxi Retinol Glowing Tone Up Cream,W***j,4,"Barangnya realpict sesuai dengan yang d live,packingnya rapi memakai bublewrap,pengirimannya ok,blm d coba mudah² an cocok d wajahku"
Heyxi Retinol Glowing Tone Up Cream,W***f,4,"Maaf baru beri ulasan.. teksturnya bagus mudah di blend semoga cocok di aku,kurir ramah"
Heyxi Retinol Glowing Tone Up Cream,O***q,4,nyaman dpakai.sdh yg jedua kalinya...enak k wajah langsung meresap
Heyxi Retinol Glowing Tone Up Cream,F***w,4,Manfaat produk: Mencerahkan tapi ada efek abu2 di kulit gelap Jenis kulit: Semua jenis
Heyxi Retinol Glowing Tone Up Cream,D***d,4,Produk yang dipesan sudah sampai dan diterima dalam kondisi baik. Produknya belum dicoba karna ini untuk pemakaian yang pertama kali. Semoga cocok dan hasilnya baik diwajah saya
Heyxi Retinol Glowing Tone Up Cream,S***g,4,"Seneng banget dapet harga murah, kualitas bagus bahan juga enak adem"
Heyxi Retinol Glowing Tone Up Cream,E***l,4,"Paket haycinya sudah ready baru pertama kali order udah free ongkir jg bonus 2 pis dapat harga 40 ribu ,sangat mantul sekali ya,,mudah2 cocok dimuka aku."
Heyxi Retinol Glowing Tone Up Cream,D***k,4,"Baunya wangi, nggak lengket, baru coba, semoga cocok di aku"
Heyxi Retinol Glowing Tone Up Cream,V***f,4,Baru pertama kali beli langsung dapet harga murah cumn 36k dapat 2lagii...... semoga aja cocok buat mukaku yang sensitif.Kalau cocok nanti beli lagi disinii
Heyxi Retinol Glowing Tone Up Cream,Q***n,4,Manfaat produk: Mencerahkan Jenis kulit: Semua jenis kulit Bahan: Tidak berbahaya aman si dikulitku
Heyxi Retinol Glowing Tone Up Cream,W***s,4,"Bahan: Jely Manfaat produk: Menutrisi kulit secara mendalam dan memberikan hidrasi tahan lama dengan tekstur ringan,efektif menghaluskan tekstur kulit dan menghidrasi kulit secara optimal Jenis kulit: Sawo mateng"
Heyxi Retinol Glowing Tone Up Cream,Y***o,4,"Bahan: Sedikit cair Manfaat produk: Mencerahkan kulit, memudarkan bekas jerawat aku yg PIH Jenis kulit: Beruntusan, berminyak dan jerawat on off Udah mau abis 1 pot udah mulai gerakan tapi jerawat nya masih on off bagusnya gak bikin komedoan sih. Aku bakalan cek out lagi abis ini ntar di kasih ulasan lagi"
Heyxi Retinol Glowing Tone Up Cream,C***m,4,"Bahan: Halus dan lembut Manfaat produk: Heyxi Jenis kulit: Sau mateng Alhamdulillah,, paket nyampe dengan baik,,udah dua kali pesan sama ini,,cocok di wajahku bikin lembab dan lembut,, harga terjangkau,, toko amanah👍"
Heyxi Retinol Glowing Tone Up Cream,Y***l,4,"Jenis kulit: Berminyak Manfaat produk: Baru pemula dan baru pake 2 hari, semoga produk nya cocok diwajah aku dan semoga bisa glowing dalam sebulan.Toko amanah,barang sampe dng aman dan tdk ada kerusakan,kl cocok aku pasti order lagi. Terima kasihh 👍🙏 Bahan: Cair seperti cream, ringan dan tidak lengket saat diaplikasikan"
Heyxi Retinol Glowing Tone Up Cream,F***b,4,Sebaguss ituuuu..aku dah habiss dua item hasilnya Uda bersih an dan cerah semua noda tersamarkan ..dan aku beli lagii dua item lagiiii Manfaat produk: Mencerahkan menyamarkan noda dan pori2 nampak lebih tersamarkan Jenis kulit: Ku sensitif tapi setalah pakai heyxii semua masalahku hilang...aku pikir ga cocok setelah rutin pakai
Heyxi Retinol Glowing Tone Up Cream,O***q,4,Bahan: Aman Jenis kulit: Kombinasi Manfaat produk: Untuk memutihkan
Heyxi Retinol Glowing Tone Up Cream,I***q,4,"paket udah diterima dengan baik,baru mau coba semoga cocok"
Heyxi Retinol Glowing Tone Up Cream,Q***w,4,Manfaat produk: Belum tau Semoga setelah pakai rutin semoga ada hasil dan ada perubahannya 🙏🏻😇 Baru pertama kali coba dan semoga cocok
Heyxi Retinol Glowing Tone Up Cream,A***n,4,Bahan: biasa saja Manfaat produk: untuk memutihkan atau membersihkan Jenis kulit: normal
Heyxi Retinol Glowing Tone Up Cream,H***t,4,Packing ny aman sekali...semoga cocok dengn kulit berjerwat ku
Heyxi Retinol Glowing Tone Up Cream,V***s,4,"bsgus,baik,bisa mencerahkan cocok utk semus jenis kulitku yg berminyak klau ada ada ngsk ug bisa membuat kulit tdk brrminyak mkssih👌👌👌"
Heyxi Retinol Glowing Tone Up Cream,L***r,4,Beli 2 sekaligus Baru mau coba semoga cocok & isinya tdk penuh 🤭🫢😄
Heyxi Retinol Glowing Tone Up Cream,M***i,4,barangnya baguss tapi pas udah sampe barangnya pecah satuu sayang bangett😭😭
Heyxi Retinol Glowing Tone Up Cream,X***h,4,"Barangnya cepat sampai, murah dapat 2 pcs, bru mau coba smoga cocok 🙏"
Heyxi Retinol Glowing Tone Up Cream,H***a,4,"blm dicoba produknya, semoga cocok dikulit aku. bsk aku balik lagi kesini kasih ulasan baru klw dah cobain okey. sejauh ini pengemasan produknya safety karena botolnya utuh dan gak pecah sampe alamat. thank u seller"
Heyxi Retinol Glowing Tone Up Cream,E***k,4,"Terima kasih kak, barang udah nyampe dg selamat,barang udah di pake 1 minggu tp belum ada hasilnya. Masih spt sebelum2nya aja."
Heyxi Retinol Glowing Tone Up Cream,B***u,4,"Barang dah sampai pengiriman cepet, semoga cocok dimuka aku dan ada hasilnya nnti"
Heyxi Retinol Glowing Tone Up Cream,B***n,4,"Sesuai Pesanan, Sesuai Deskripsi, baru mau nyoba', Semoga Cocok, Aamiin."
Heyxi Retinol Glowing Tone Up Cream,N***r,4,"Alhamdulillah barang sudah sampai,, terimakasih reseller,, baru mau mencoba,, mudah2an cocok dan hasilnya juga bagus.. Kurirnya sangat bagus dan amanah..👍👍👍🙏🏻🙏🏻🙏🏻🤲🤲🤲"
Heyxi Retinol Glowing Tone Up Cream,B***t,4,Alhamdulillah paket akhirnya nyampe kemaren sore...dan produk blm d coba semoga seperti yg d iklan kan Manfaat produk: Menyerahkan kulit Jenis kulit: Blm d coba jd blm tau
Heyxi Retinol Glowing Tone Up Cream,W***a,4,Barang sudah sampai dan cepet sampainya semoga cocok karena pertama coba
Heyxi Retinol Glowing Tone Up Cream,L***j,4,"Terima kasih paketnya sudah sampai lumayan lama 😊, aku mau coba dulu ya mudah2an cocok sama kulitku"
Heyxi Retinol Glowing Tone Up Cream,C***p,4,Barang sudah d trima sesuai pesenan packing rapi toko amanah Lom d coba semoga cocok mksh tiktok
Heyxi Retinol Glowing Tone Up Cream,J***m,4,"Untuk pengemasan aman,,tp belum dicoba, semoga sesuai dgn yg ditayangkan"
Heyxi Retinol Glowing Tone Up Cream,I***m,4,"Terima kasih paket sudah sampai,, bungkusnya rapih ,, bismillah semoga cocok baru mau coba."
Heyxi Retinol Glowing Tone Up Cream,M***v,4,"Terima ksih barang nya sudah ke terima oleh saya..walau nanti hasil nya belum tahu,TPI barang nya sesuai"
Heyxi Retinol Glowing Tone Up Cream,T***x,4,"Baru mau coba semoga bagus dan cocok seperti ripyu orang-orang tu,biar jd langgeng dn ndk ganti2 skincare terus 🤧🤧"
Heyxi Retinol Glowing Tone Up Cream,H***x,4,Baru q coba semoga ada hasilnya goood the next order lagi Paketnya baik gk rusak alhamdulillah terimakasih Shopee 🙏🙏
Heyxi Retinol Glowing Tone Up Cream,J***c,4,"Sesuai pesanan, packingan aman...!!!"
Heyxi Retinol Glowing Tone Up Cream,T***o,4,"Paketnya baru datang Belum tau epeknya. Mudah""an cocok"
Heyxi Retinol Glowing Tone Up Cream,O***j,4,Paket sudah mendarat baru mau coba moga cocok aku kasih bintang 4 dulu?
Heyxi Retinol Glowing Tone Up Cream,I***r,4,Manfaat produk: Masih baruau coba semuga aja cocok
Heyxi Retinol Glowing Tone Up Cream,G***p,4,"Mudah mudahan cocok di pakai di kulit aku ,JD co LG"
Heyxi Retinol Glowing Tone Up Cream,Q***t,4,"Belum di coba, sennoga cocok dan jadi bersih mukaku"
Heyxi Retinol Glowing Tone Up Cream,C***e,4,Pembelian ke 2 semoga flek hitam'y cepet memudar
Heyxi Retinol Glowing Tone Up Cream,H***y,4,Baru pertama co semoga cocok Jenis kulit: semoga cocok dan tunggu co selanjutnya
Heyxi Retinol Glowing Tone Up Cream,Y***y,4,tadinya aku beri ulasannya nanti aja pengen tau perubahan sebelum dan sesudah pakai HEYXI tp kayanya kelamaan deeh semoga cocok
Heyxi Retinol Glowing Tone Up Cream,N***d,4,alhamdulillah udh sampai ga ada yang pecah mereknya heyxi retinol cream
Heyxi Retinol Glowing Tone Up Cream,E***p,4,"Pruduk sudah sampai, blum di coba mudah mudahan cocok.terimakasih riseler"
Heyxi Retinol Glowing Tone Up Cream,Q***o,4,barang cream. ya udah datang tp blm aku coba ya semoga aja cocok seperti kaya di iklan nya mksi ya pokok nya buat kurir nya juga mksi
Heyxi Retinol Glowing Tone Up Cream,G***t,4,"Pesanan baru sampe,blm dicoba...smoga sesuai dgn iklannya ...putih&mulus."
Heyxi Retinol Glowing Tone Up Cream,I***v,4,"Alhamdulillah paket nya sudah datang.mudah""cocok"
Heyxi Retinol Glowing Tone Up Cream,K***v,4,"Brang diterima dengan sangat baik, kurir ramah top bget"
Heyxi Retinol Glowing Tone Up Cream,U***r,4,Alhamdulillah dah sampai semoga aja bisa putih kayak kk yang jual.
Heyxi Retinol Glowing Tone Up Cream,L***l,4,"Bagus banget heyxi,suka banget pakek nya anti ribet"
Heyxi Retinol Glowing Tone Up Cream,S***w,4,"Alhamdulillah creamnya udah sampai, smoga cocok aminnnn,,, Makasih buat tokonya"
Heyxi Retinol Glowing Tone Up Cream,P***f,4,Knp yha beda yg ku beli pertama dengan yg baru datang warnanya jg beda kemasan bpomnya beda
Heyxi Retinol Glowing Tone Up Cream,G***n,4,Alhamdulillah barang udah nyampai mudah mudahan Cocok di muka saya
Heyxi Retinol Glowing Tone Up Cream,B***u,4,"Baru nyoba semoga aja cocok, dan bisa ngilangin flek di wjh aku,"
Heyxi Retinol Glowing Tone Up Cream,S***l,4,"Paket sdh dtng,blum dicoba smoga co²k.trimksh wat toko and kurirnya"
Heyxi Retinol Glowing Tone Up Cream,P***i,4,"Alhamdulillah udh smpe brng nya,,, ku kira besar trnyata kecil ya,, semoga cocok lah di kulit muka ku,,, Kurir ramah"
Heyxi Retinol Glowing Tone Up Cream,E***j,4,"Alkhamdulillah paket sdah datang, baru mau coba semoga cocok ."
Heyxi Retinol Glowing Tone Up Cream,S***z,4,"Blm hasilnya,karna pertama x pakai,in syaa Allah mdh2an cocok yah"
Heyxi Retinol Glowing Tone Up Cream,C***m,4,Paket nya uda dtg moga cocok Yaa klw bagus nnt pasti order lagi segitu aja dlu Yaa kan blm di coba jadi blm bisa kasih ulasan lebih lanjut lagi. Terima kasih
Heyxi Retinol Glowing Tone Up Cream,Q***e,4,Barangnya d krm dengan sangat baikThe best pengirimannya cepat
Heyxi Retinol Glowing Tone Up Cream,Y***y,4,"𝙋𝙚𝙨𝙖𝙣𝙖𝙣 𝙨𝙪𝙙𝙖𝙝 𝙨𝙖𝙢𝙥𝙚,𝙠𝙚𝙢𝙖𝙨𝙖𝙣𝙣𝙮𝙖 𝙧𝙖𝙥𝙞 𝙖𝙢𝙖𝙣, 𝙗𝙖𝙧𝙪 𝙢𝙖𝙪 𝙘𝙤𝙗𝙖 𝙨𝙚𝙢𝙤𝙜𝙖 𝙘𝙤𝙘𝙤𝙠"
Heyxi Retinol Glowing Tone Up Cream,G***z,4,"Alhamdulillah udah sampai paketnya.. Blm di coba, semoga cocok"
Heyxi Retinol Glowing Tone Up Cream,S***q,4,Paket nya udah nyempek dengan selamat. Mudah² cocok 🙏
Heyxi Retinol Glowing Tone Up Cream,L***s,4,Baru mau coba semoga cocok kasih bintang 4 dulu ya. Mksh
Heyxi Retinol Glowing Tone Up Cream,Q***f,4,bgus Manfaat produk: mencerahkan kulit Jenis kulit: semua kulit Bahan: lembut kasar
Heyxi Retinol Glowing Tone Up Cream,J***h,4,"Jenis kulit: Mudah2an cocok, pengiriman juga cepat"
Heyxi Retinol Glowing Tone Up Cream,N***d,4,"trimakasiiih barang sudah diterima, semoga cocok 🙏😁"
Heyxi Retinol Glowing Tone Up Cream,W***b,4,Next order lagi😍
Heyxi Retinol Glowing Tone Up Cream,O***d,4,Serius nanyak kak.. untuk kemasan berbeda dan baunya koq beda dgn yg pertama kali AQ beli ya kak. KLO pertama kali beli itu wangi bgt dan teksturnya creamy tapi yg skrg wanginya biasa aja dan teksturnya berbeda. Pliss jawab KK.
Heyxi Retinol Glowing Tone Up Cream,K***j,4,"Brng ny udh sampe lumayan cepat, dan saya baru pertama kli mencoba, semoga hasil ny bagus 👍👍😊 terimakasih"
Heyxi Retinol Glowing Tone Up Cream,G***v,4,Bagus banget aku suka ga dempul dan ga lengket😊
Heyxi Retinol Glowing Tone Up Cream,M***m,4,Baru pertama co dan mau coba produk ini mudah mudahan cocok di wajahku.. Aku beli 2 pcs klo cocok bakalan co lagi
Heyxi Retinol Glowing Tone Up Cream,Q***l,4,"Semoga cocok di muka ku, glowing seketika, alhamdulillah sesuai pesanan toko amanah terimakasih"
Heyxi Retinol Glowing Tone Up Cream,F***j,4,"Baru pertama coba,semoga cocok. Udah di cek bpom asli. Tq seller. Next order kalau ada hasil."
Heyxi Retinol Glowing Tone Up Cream,O***w,4,"Sesuai dengan yg dioder ,kemasan rapi sampainya cepat,tunggu hasil pemakaian 👍"
Heyxi Retinol Glowing Tone Up Cream,C***g,4,Pertama kali nyoba Paket nya datang langsung coba tapi wajah jadi abau2 dan kering Apa karna baru pemakaian x ya Nex pemakaian selanjutnya Mudah2 Han cocok
Heyxi Retinol Glowing Tone Up Cream,Y***a,4,Paketnya udah sampai paeckingannya aman & rapi Sesuai di gambar Semoga aku cocok ya
Heyxi Retinol Glowing Tone Up Cream,D***r,4,Bahan: Adem Manfaat produk: Mencerahkan Jenis kulit: Semua cocok
Heyxi Retinol Glowing Tone Up Cream,I***p,4,"Maaf baru kasih ulasan, aku sekaligus pesen 2 mudah²an cocok dimuka ku, dan aku dah coba enak dipakenya"
Heyxi Retinol Glowing Tone Up Cream,G***b,4,paketnya udah sampai dengan aman kurir ramah tapi bedak nya kok agak pucat ya ngak sama dngan aslinya
Heyxi Retinol Glowing Tone Up Cream,O***k,4,"Barang nya sudah tiba, semoga cocok di kulit aku, toko nya amanah, kurir baik dan ramah, blm bisa kasih penjelasan panjang lebar Kka nunggu ada hasil dulu"
Heyxi Retinol Glowing Tone Up Cream,N***n,4,"Baru pertama kali order dan mau pakai, semoga cocok next order lagi. Kemasan cantik terlihat bagus. Oke, Terima kasih"
Heyxi Retinol Glowing Tone Up Cream,E***t,4,Alhamdulillah paketnya sudah nyampek dengan selamat n aman dan terimakasih banyak untuk mas bro/kurir sudah nganter dan semoga beneran ada hasil atau perubahan dikulit aku 🤔😊🙏
Heyxi Retinol Glowing Tone Up Cream,N***u,4,"Packaging bagus dikemas dg rapih,semoga cocok Krn baru pertama pakai"
Heyxi Retinol Glowing Tone Up Cream,V***k,4,barang dah nyampai ....teksturx lembut dan dempul wangi...baru mau nyoba ..mudah²an cocok & nex lagi
Heyxi Retinol Glowing Tone Up Cream,X***y,4,Pekejingnya bagus gak ada kerusakan aman. Baru ini mw coba hexsi mudah mudahan cocok
Heyxi Retinol Glowing Tone Up Cream,A***k,4,"Alhamdulillah, paketnya sudah sampai, kurier langganan pelayanan terbaik, ramah, baru mau coba cream nya semoga cocok, kalau bagus nanti aku tambahi bintangnya 🙏"
Heyxi Retinol Glowing Tone Up Cream,I***h,4,"Pesanan ku dh sampe alhamdulillah aman kemasan rapih, tapi belom d coba mudah2an cocok"
Heyxi Retinol Glowing Tone Up Cream,G***g,4,"Bahan: Cream Sy pemula blum coba,moga aja cocok Manfaat produk: Utk pencerah kulit,dan jerawat Jenis kulit: Sedikit berminyak"
Heyxi Retinol Glowing Tone Up Cream,R***s,4,Bahan: Lembut halus Manfaat produk: Mencerahkan kn Jenis kulit: Berminyak..
Heyxi Retinol Glowing Tone Up Cream,W***u,4,"Pengeriman sesuai estiminasi, coba dulu semoga cocok dikulit wajah ku Klau cocok next bisa order Lg"
Heyxi Retinol Glowing Tone Up Cream,E***c,4,Bahan: Wangi lembut Manfaat produk: Bagus Semongga bagus kulitku mudah mudahan cocok
Heyxi Retinol Glowing Tone Up Cream,X***b,4,Bahan: Bagus..terus lembut Manfaat produk: Untuk mencerahkan muka
Heyxi Retinol Glowing Tone Up Cream,J***z,4,Belum tau hasilnya tp pas td dicoba un tuh k pertama kalinya bagus baget semoga seglowing tteh yg suka ngiklanin yaa hehe terimakasih banyak tar kalo cocok pasti order lagi
Heyxi Retinol Glowing Tone Up Cream,M***q,4,Bahan: Bagus Manfaat produk: Untuk kulit bergaris dan kerutan Jenis kulit: Semua jenis kulit
Heyxi Retinol Glowing Tone Up Cream,Y***w,4,Barang sudah sampai. Sesuai ya kak. Dan semoga cocok sama kulit wajah saya . Tapi kak. Ini ori ga ya. Soal nya di tutup gak ada garis dua nya
Heyxi Retinol Glowing Tone Up Cream,P***z,4,Produk oke ngak panas dan kering aku suka makasih karna udah amanah
Heyxi Retinol Glowing Tone Up Cream,L***k,4,Pakingan aman. Wangi juga 🥰. Bissmillah yah Semoga cocok di kulit aku 😊🙏🏻
Heyxi Retinol Glowing Tone Up Cream,T***l,4,Bahan: Lembut dan wangi Jenis kulit: Normal Baru pertama kali beli produk ini Belum di coba semogga cocok
Heyxi Retinol Glowing Tone Up Cream,X***z,4,Pesan kemaren sore pagi pagi sudah datang.. Pengiriman nya cepet tapi blm tau bagus engga nya.. Btw saya langsung beli 4 karna ada promo 😁 semoga cocok
Heyxi Retinol Glowing Tone Up Cream,P***q,4,"Paket ny udah sampai dgn aman,, bagus udh di cb 👍🏻 Smoga bagus dan cocok sampai seterus ny 😊"
Heyxi Retinol Glowing Tone Up Cream,M***y,4,"Maaf baru kasih ulasan,dicoba dulu.pas dicoba wajah saya kok merah ya.mungkin karena terpapar matahari jadi memerah gitu."
Heyxi Retinol Glowing Tone Up Cream,Q***o,4,"Dipakekny bagus dikulit wajah, ringan, nyatu dikulit."
Heyxi Retinol Glowing Tone Up Cream,B***j,4,Paket HEYXI sudah dateng mudah²an cocok di wajah aku baru pesen kemaren sekarang udah dtng cepet tp kenapa isinya ga penuh yh k
Heyxi Retinol Glowing Tone Up Cream,T***i,4,"Packagingnya rapih , cremnya wangi , mudah mudahan cocok yaaa."
Heyxi Retinol Glowing Tone Up Cream,D***w,4,Bahan: Lembut Manfaat produk: Mecerahkan wajah Jenis kulit: Semua jenis kulit
Heyxi Retinol Glowing Tone Up Cream,Q***n,4,Jenis kulit: Berminyak Bahan: Bagus
Heyxi Retinol Glowing Tone Up Cream,U***m,4,bagus crem nya🤭
Heyxi Retinol Glowing Tone Up Cream,E***t,4,"Semoga cocok d'wajah qu blom pernah nyoba sih,,"
Heyxi Retinol Glowing Tone Up Cream,I***i,4,"Belom tau cocok apa enggak baru mau coba,semoga cocok"
Heyxi Retinol Glowing Tone Up Cream,X***i,4,Kok beda kemasannya kk padahal kan 1 produk Bs dijelaskan asli apa palsu
Heyxi Retinol Glowing Tone Up Cream,C***w,4,Bahan: Cair Manfaat produk: Memudarkan flek Jenis kulit: Semua jenis kulit ...........
Heyxi Retinol Glowing Tone Up Cream,J***f,4,Pesanan Uda sampai Blm di coba semoga cocok nanti beli
Heyxi Retinol Glowing Tone Up Cream,A***q,4,Kok ada rada takut makeknya.. mgkin bgi org gk ada yg aneeh. Tpi bgi ku aneeh dr tgl bulan tahun 😬😬
Heyxi Retinol Glowing Tone Up Cream,K***w,4,"Ktny yg ori ada garisny d tutupny, berarti ini... Jdi tkt makeny"
Heyxi Retinol Glowing Tone Up Cream,Y***w,4,Pertama kali pake produk ini Apakah kulit wajahku cocok?
Heyxi Retinol Glowing Tone Up Cream,R***b,4,Baru perdana beli di aplikasi ini semoga amanah terimakasih seller dan kurir
Heyxi Retinol Glowing Tone Up Cream,S***q,4,Paket baru sampe blom tak coba Semoga cocok .kurir ramah baik
Heyxi Retinol Glowing Tone Up Cream,N***x,4,Masih di coba blm kelihatan hasi Masih di coba blm kelihatan hasi
Heyxi Retinol Glowing Tone Up Cream,K***u,4,"Paket nya udah dtg mudah""n cocok d muka syh ,"
Heyxi Retinol Glowing Tone Up Cream,W***g,4,Aku baru coba sih.... Semoga cocok dan sesuai ekspetasi yg di harapkan
Heyxi Retinol Glowing Tone Up Cream,M***v,4,Barang nya udah sampai packinganya rapi kurirnya langganan 👍👍..kasih bintang 4 aja dulu karena produknya br di coba..klw cocok di order lgi br di ksih bintang 5..
Heyxi Retinol Glowing Tone Up Cream,M***u,4,Semoga cocok Bahan: Jel Manfaat produk: Memutihkan Jenis kulit: Normal
Heyxi Retinol Glowing Tone Up Cream,M***u,4,Dh sampai.. ak kasi bintang 4dlu kalo ada perubahan pada wajah ku.. nanti direting ulang ulasan nya..semoga cocok ya biar jdi langganan..👍👍🥰
Heyxi Retinol Glowing Tone Up Cream,M***r,4,Barang sesuai dengan pesanan tapi blm coba kualitasnya kalau cocok bisa jadi langganan
Heyxi Retinol Glowing Tone Up Cream,S***m,4,"Terimakasih barangnya sudah sampai, tapi sudah pecah.. Sedikit saran kalau pakingnnya harus lebih hati-hati lagi, kalau potnya kaca minimal harus baguss juga pakingnya 🙏 malah rugi di aku 🙏"
Heyxi Retinol Glowing Tone Up Cream,X***m,4,"Biasa saja ,blm ada perubahan mungkin tergantung kulit kita x, n cocokan jdi blm kelihatan Bru beberapa x pemakaian semogaa ada perubahan ya 🙏 seler n tokonya semoga sukses Tokonya n Barokah Rezekinya"
Heyxi Retinol Glowing Tone Up Cream,S***x,4,"𝙿𝚊𝚔𝚎𝚝𝚗𝚢𝚊 𝚜𝚞𝚍𝚑 𝚜𝚊𝚖𝚙𝚊𝚒, 𝚋𝚊𝚛𝚞 𝚖𝚊𝚞 𝚗𝚢𝚘𝚋𝚊, 𝚜𝚎𝚖𝚘𝚐𝚊 𝚌𝚘𝚌𝚘𝚔 𝚍𝚒 𝚔𝚞𝚕𝚒𝚝 😊"
Heyxi Retinol Glowing Tone Up Cream,K***j,4,Alhamdulillah pesanan saya sudah nyampek dengan selamat semuga cocok di wajah istriku kalo cocok nanti saya order lagi....
Heyxi Retinol Glowing Tone Up Cream,D***s,4,Belum di coba baru pertama kali beli semoga cocok dan bagus dikulit ku agar dapat membeli lagi kalau cocok
Heyxi Retinol Glowing Tone Up Cream,B***a,4,"Barang dh sampai mksh, tp ko gk penuh botol nya,terus di pakai gk seglowing di konten si penjual 🤣"
Heyxi Retinol Glowing Tone Up Cream,B***e,4,"Makasi,paketnya dah sampai,moga cocok ya ma mungka aku,krna ini pertama kali aku pakai ini👍"
Heyxi Retinol Glowing Tone Up Cream,T***m,4,"Punya ku datang nya kok beda KK...ini ORI gak sih atau ini kemasan baru nya,mohon penjelasan nya...aq baru pakai 2 hari pas dibersihkan terasa panas dikulit dan bruntusan di hidung...tolong dong penjelasan nya...apakah cara pemakaian ku yg salah 🙏🙏"
Heyxi Retinol Glowing Tone Up Cream,G***o,4,Makasih kaka paket nya sdh sampai semoga cocok dengan kulit saya Makasih ya kak saya beli cream wajahnya dengan harga tersebut
Heyxi Retinol Glowing Tone Up Cream,K***t,4,Baru coba semoga cocok bisa glowing dan hilangin flek hitam
Heyxi Retinol Glowing Tone Up Cream,R***c,4,Barang dah sampaii. Ini untuk pertama kalinya cobain pakai heyxi. Mudahan cocok😊
Heyxi Retinol Glowing Tone Up Cream,P***v,4,Barang datang sesuai pesanan.... Mudah mudahan cocok karena baru pertama kali mencoba
Heyxi Retinol Glowing Tone Up Cream,P***f,4,"Baru mau coba,, ini pemakaian pertama makanya saya kasih bintang 4 dulu,, karena belum tau hasilnya bagus atau tidak,nanti kalau bagus mau pesan lagi"
Heyxi Retinol Glowing Tone Up Cream,Y***s,4,"Cream HEYXI Suda sampai.. Wanginya enak si.. Tp blm tau reaksi ny,muda""Han cocok. Tp ngk penuh isi ny"
Heyxi Retinol Glowing Tone Up Cream,U***g,4,Blm keliatan hasil yh krna bru dua hri pake cuma ko lbh byk jel merah yh dripda krim putih yh jdi klo di oles terlalu basah di muka
Heyxi Retinol Glowing Tone Up Cream,O***g,4,"Maaf bru ksh ulasan , paketudh smpe brng sesuai pesanan dn tidk ada yg rusak, moga cocok di kulit mukaku, maksih"
Heyxi Retinol Glowing Tone Up Cream,R***b,4,"barang ud smpai smoga cocok , sesuai pesenan real pict ..da barcode BpOm 👍👍"
Heyxi Retinol Glowing Tone Up Cream,P***u,4,"mudah2an cocok,, barang sesuai pesanan, harga terjangkau"
Heyxi Retinol Glowing Tone Up Cream,Y***k,4,"Sepertinya asli dari toko ini, belum dicoba semoga cocok"
Heyxi Retinol Glowing Tone Up Cream,S***r,4,semoga cocok sekalinya beli langsung 2 dan semoga hasil nya bner bner glowing aamiin
Heyxi Retinol Glowing Tone Up Cream,K***d,4,"Alhamdulillah paket q mendarat dngn aman ,,tidak ada lecet sedikit pun ,,cuman mau nnya Isi nya emng dikit y ,,GK penuh gni"
Heyxi Retinol Glowing Tone Up Cream,F***m,4,"Baru mau coba mudah2n cocok Paking rapi ,cuma pas dbuka tumpah2 creamnya"
Heyxi Retinol Glowing Tone Up Cream,Y***e,4,Paket sudah sampai sesuai pesanan semoga cocok produk nya biar bisa jdi langganan 👍😁
Heyxi Retinol Glowing Tone Up Cream,V***x,4,"Paket udah sampai dengan selamat, mksih kurirnya. Pemakaian pertama mudah-mudahan cocok di kulit ku"
Heyxi Retinol Glowing Tone Up Cream,X***r,3,"Jenis kulit: All skin Manfaat produk: Melembabkan, menyamarkan noda hitam bekas jerawat"
Heyxi Retinol Glowing Tone Up Cream,R***i,3,"Teksturnya agak cair. Kalau di kulit aku kyk diolesi air aja. Mungkin krna baru pertama ya, gk pernah pake skincare juga. Terus itu yg putih2 nya gk ngaruh bgt, gk ada lembab2 nya juga. Ya seperti kataku di awal, kyk diolesi air aja."
Heyxi Retinol Glowing Tone Up Cream,Q***w,3,"Seharusnya produknya sangat"" bagus tapi mengApa packaging kurang savety untuk jenis kaca, disini seperti nya karna terbanting"" saat pengiriman,saran saya lebih lindungi atau jaga lagi barang yg jenisnya kaca supaaaya tidak kejadian pecaah kembali"
Heyxi Retinol Glowing Tone Up Cream,H***n,3,"Udah 1 minggu lebih pemakaian blm ada prubahan di wajah aku.trus warna ny beda dgn yg di iklan"" di tiktok,klo aroma ny emn lumayan wangi"
Heyxi Retinol Glowing Tone Up Cream,O***p,3,"Wadah nya beda sama yg waktu beli ini mh ke muka jdi gk lembab,"
Heyxi Retinol Glowing Tone Up Cream,A***a,3,Ko gk smaa yh dg di live kn... Trus barcode bpom.. Gk ad bpom nya...
Heyxi Retinol Glowing Tone Up Cream,H***m,3,"Pesanan sudah sampai tapi kok beda sama yang di beli orang"" Jadi ragu mau pakai tolong pejelasannya bagi yang punya produk atau pihak toko soal nya baru pertama kali beli takutnya produk tiruan soalnya beda sendiri punya ku dari sekian banyak yang beli🙏😭😭"
Heyxi Retinol Glowing Tone Up Cream,X***q,3,"Maaf saya dapat barang kok lain dr ulasan yg lain ya, dr gambar pot nya jg gk sama,apa kah ini palsu...? Di pakai di wajah kok kaya air aja gitu .."
Heyxi Retinol Glowing Tone Up Cream,N***i,3,Saya make nya udah mau satu botol masih biasa tinggal satu botol lagi isinya gk banyak ya kak gk full mangkok
Heyxi Retinol Glowing Tone Up Cream,S***c,3,"Ini asli apa Palsu Yh, Ko Di Aku Tulisan China Nya Kecil Dan Beda Ama Produk Lain Yg Tulisan China Nya Gede, Tekstur nya juga Kasar Gk Halus, Mau Coba Tapi Takut 😭... Tolong Dong Ini kemasan Baru Apa Gimana Yh"
Heyxi Retinol Glowing Tone Up Cream,R***n,3,Bahan: Gel Manfaat produk: Membersihkan kulit wajah Jenis kulit: Semua jenis kulit Barang sampai tp kenapa isi creamnya setengah gx full... Awal beli full isi nya.. 😟😟😟
Heyxi Retinol Glowing Tone Up Cream,J***b,3,"Paket nya baru sampe, baru pertama kali coba. Mudah2an cocok, ada perubahan 👌"
Heyxi Retinol Glowing Tone Up Cream,O***w,3,"Barang nya udh Sampek,smga cocok ya di kulit saya,,barang nya pas dgn pesanan TPI apa emng kyk gini retinol cream nya kyk ada lemak2 putih gitu"
Heyxi Retinol Glowing Tone Up Cream,X***u,3,Bahan: Kok isi di dlm mencair gak Kanya di video SMA isi nya gak penuh semoga Kanya di bilang Manfaat produk: Semoga bisa memutihkan kulit wajah Jenis kulit: saou matang
Heyxi Retinol Glowing Tone Up Cream,R***a,3,Kurang tau baru mau coba coba semoga cocok ya kalo cocok akan selalu order oky Jenis kulit: Hitam sawo matang
Heyxi Retinol Glowing Tone Up Cream,Y***r,3,"Aku baru pake ya Kesan pertama pemakaian bagus, asal make nya tipis2 di kulit yg emang dasarnya gak putih, kalo banyak2 jadinya abu2 Kinclong sih, tp kenapa semenjak pake ini meradang jadi jerawatan begini ya 🥲"
Heyxi Retinol Glowing Tone Up Cream,U***e,3,"Saya Uda Cekout yg ke 3 kali nya, Emang sih cepet ready nya Tapi kenapa kali ini kok aneh Kotak Heyxi nya kayak Uda Lama gtu,, biasa""nya gak pernah kyak gini tapi ini bikin saya sedikit kecewa ,, Tinggal liat aja fotonya 👇🏻 Kalau buat kurir thank you Uda Amanah🙂"
Heyxi Retinol Glowing Tone Up Cream,T***v,3,"Berair, baunya tida wangi, entah lah pokonya ga sama kaya awal saya pake HEYXI kayanya emang saya salah toko. Yg pertama sy pake itu wangi di kulit juga nempel bagus pokonya makanya saya suka. Ini saya pesen mana dua kali jadi 4 biji saya pake ke kaki sama tangan aja lah di campur pake henbodi🙏🏼"
Heyxi Retinol Glowing Tone Up Cream,T***e,3,"Kok isinya beda ya dr yg pertama aku beli yg lama itu butir"" putihnya itu keliatan dan wangi kok yg br ini butir"" nya itu gk ada kayak yg nyatu gitu dan gk wangi lagi. Please ini asli atau palsu kah ???"
Heyxi Retinol Glowing Tone Up Cream,U***y,3,Memutihkan kulit Bahannya lembut Jenis kulit kering
Heyxi Retinol Glowing Tone Up Cream,T***p,3,"Bahan: Tidak sama yang kaya d spill, kecewa sihh.. Kata admin nya formula baru tpi ko gini ya gak nyatu gtu texturnya.. Pdhl liat ulasan yang lain bagus* tpi punya ku gini 🥲🥲... Klu pun formulanya baru harusnya d spill juga pas live nya, biar yang beli gak kecewa......"
Heyxi Retinol Glowing Tone Up Cream,W***i,3,"Hampir sama kaya keli pas di pake putih ,tapi klo gk pake kusam lagi sengaja baru kasih ulasan pengen tau dulu hasil ya pake udah hampir habis satu GK ada perubahan malah gatel beruntusan 😭😭"
Heyxi Retinol Glowing Tone Up Cream,Y***z,3,Pas dibuka kotaknya basah ternyata dalam nya pecah 😌
Heyxi Retinol Glowing Tone Up Cream,E***a,3,"Maaf ya br ngasi ulesan mungkin aku angk cocok ya aku cb udh 1 Minggu pake hnya muncul flek hitam muka kusam, pertam bgus gitu tp lama muncul flek"
Heyxi Retinol Glowing Tone Up Cream,X***j,3,"Udh 2 mngguan kurang lbh penggunaan... Ga ad perubahan... Sengaja br kasih ulasan, mau nyoba dl... Trnyata hasil ny ga ad... Msh gini2 j muka ak...🙏"
Heyxi Retinol Glowing Tone Up Cream,G***t,3,Kenapa yang ini beda dari yang sebelum nya BPOM nya juga bisa di lepas wangi nya juga beda jadi takut palsu 😫😫😫tolong dong yang tau ciri² yang palsu tu gimana 🤦🤦🤦
Heyxi Retinol Glowing Tone Up Cream,T***j,3,Belum dipakai semoga cocok cuma kecewa isinya seuprit sedikit sekalii 😡 .. terus wanginya kok kaya hazlin
Heyxi Retinol Glowing Tone Up Cream,N***i,3,"Maaf baru kasi ulasan,karna ingin di coba dulu,untuk aku ngk cocok,aku pakai muka aku gatal2 besoknya muka aku merah2 kayak berjerawat🙏🏻😭"
Heyxi Retinol Glowing Tone Up Cream,P***l,3,Aku kurang suka sama bau nya. Dan untuk yang lain nya blm tau si krn blm aku pake
Heyxi Retinol Glowing Tone Up Cream,D***v,3,Alhamdulillah pesanan SDH DTG dn bgus digunakan
Heyxi Retinol Glowing Tone Up Cream,L***q,3,Belum tau belum dicoba semoga aja cocok buat kulitku
Heyxi Retinol Glowing Tone Up Cream,P***k,3,"Barangsiapa hancur karena kurang tebal dibungkus, mengecewakan"
Heyxi Retinol Glowing Tone Up Cream,G***y,3,"baru pertana kali pake,ringan dan lebih lembab kulitnya.mdh2n cocok"
Heyxi Retinol Glowing Tone Up Cream,W***g,3,"Beda kemasan beda wanginya, yng baru bau nya aneh wangi yang kmsan lama,yg ini juga terlalu encer gak sama yg kmren Yang sudah terbiasa pakai pasti paham."
Heyxi Retinol Glowing Tone Up Cream,R***l,3,"pas di pake agak berat,g meresap di muka pa g cocok y.mana beli 2 sekali Gus kemasan dan tampilan nya aja beda coba liat dngn teliti."
Heyxi Retinol Glowing Tone Up Cream,E***n,3,"Ini pesanan pertama sy di toko ini😭Kenapa warnya Oren bgt nih cream di live kan pink,,ktanya kl ORI ada garis dua di tutupnya tapi ini polos,teksturnya kok cair bgt ya jadi takut makeknya"
Heyxi Retinol Glowing Tone Up Cream,L***r,3,Sesuai pesanan kemasan rapi banget semoga cocok di wajah sy
Heyxi Retinol Glowing Tone Up Cream,L***x,3,"Paketnya sudah sampai,cepat juga terima kasih Mudah mudahan cocok"
Heyxi Retinol Glowing Tone Up Cream,A***c,3,"Pesanan pertama & kedua berbeda,pdhal udh ngerasa cocok bngt sm cream ini Pesanan ke 2 ga ada strip 2 ditutup'y..ukuran pot nya pun beda,lebih besar yg pertama beli.."
Heyxi Retinol Glowing Tone Up Cream,Y***l,3,"Baru pertama kali nyoba, semoga cocok, klw cocok bakal jadi langganan"
Heyxi Retinol Glowing Tone Up Cream,H***y,3,Maa ya baru kasih ulasan saya sengja mau liat hasilnya dlu baru di kasih pendapat saya gimna. Alhmdulillah uda saya pakai 3 hari pori2 sya agak mengurang semoga cocok dan hasilnya bagus
Heyxi Retinol Glowing Tone Up Cream,Z***e,3,"Alhamdulillh mendarat dengan selamat Baru mau coba moga""aj cocok d'wajah aku Klo liat vidio nya tutup nya bergaris""itu asli tpi ini gk ada garis nya Ya moga""aj ini juga asli ya☺️ Aku kasih bintang 3 dlu ya soalnya baru mau coba nanti klo hasil nya bagus aku kasih bintang 5☺️☺️"
Heyxi Retinol Glowing Tone Up Cream,Q***z,3,"Jenis kulit: pemakaian pertama semoga cocok, packing aman barang sesuai pesanan Alhamdulillah toko amanah"
Heyxi Retinol Glowing Tone Up Cream,U***b,3,baru coba butiran putihnya kok berantakan y.... kyaknya palsu
Heyxi Retinol Glowing Tone Up Cream,V***r,3,"Aku belum bisa nilai, tapi karena aku beli di tanda Mall nya jadi keyakinan aku ini pasti asli kan yaaa, agak deg2an juga mau nyoba pertama kali 😂"
Heyxi Retinol Glowing Tone Up Cream,M***r,3,Knp wadah nya beda ya kk yg tu kuning yg satu coklat trus BPOM nya beda jugak in asli ap gak ya
Heyxi Retinol Glowing Tone Up Cream,V***b,3,Alhamdulillah sudah sampe... Belum dicoba bismillah cocok biar bisa order lagi
Heyxi Retinol Glowing Tone Up Cream,C***e,3,"Rating nya 3 dlu yah soalnya baru mau coba produk nya, semoga cocok 🤗💐 Terimakasih Packinganya Rapi Kurirnya ramah, ganteng lg."
Heyxi Retinol Glowing Tone Up Cream,Q***h,3,Alkhamdulilah pakety udah sampai 2hari yang lalu ini mash nyoba smga cocok
Heyxi Retinol Glowing Tone Up Cream,T***d,3,Udah aqw pke kax tp kq gmpang luntur ya nanti klo udah ada hasil nya aqw kasih bintang 5 ma'af ya kax klo aqw kasih bintang 3 dulu nanti klo udah ada hasil aqw kasih bintang 5 nya 😊😊
Heyxi Retinol Glowing Tone Up Cream,L***g,3,heyxi yg ini kenapa texture dan aromanya beda dengan heyxi yg pernah aku Co sebelumnya. ini textur nya rada encer dan aromanya juga seperti bau asem. aku coba bbrapa hari dikulit pun jadi seperti kering. tampilanya pun beda dengan heyxi yg aku co sebelumnya.
Heyxi Retinol Glowing Tone Up Cream,E***k,3,Bahan: Cream Manfaat produk: Menyamarkan flek hitam dan memutihkan wajah Jenis kulit: Sensitif pertama kali pakai muncul jerawat jadi terpaksa berhenti pemakaian
Heyxi Retinol Glowing Tone Up Cream,X***c,3,"Sebelumnya sy sdh pake, hbs 3,tp yg ini serupa tp tdk sama produknya, tp sy coba aja smg cocok dgn jenis kulit wajah sy usia sy 63"
Heyxi Retinol Glowing Tone Up Cream,I***q,3,"Paket sudah sampai dengan aman,tapi kok merek nya beda dari org"" yg udh beli di toko ini ya punya saya retional cream yg lain GC gitu merek nya,yg foto ke dua punyak saya dan yg foto pertama punya org yg udh beli di toko ini jgk"
Heyxi Retinol Glowing Tone Up Cream,F***r,3,"ko beda sih kak , aku garis bulatin yg duluan beli wanginya harum d kulit langsung menyerap, bacaan nya juga beda,, tapi ini saya pesen lg 2 produ ko g wangi , maaf saya kasih bintang 3"
Heyxi Retinol Glowing Tone Up Cream,G***m,3,"Baru pertama kali make, mudah mudahan cocok, cepat nyampe barang nya Kurirnya baik"
Heyxi Retinol Glowing Tone Up Cream,H***r,3,"Jenis kulit: kering ,sensitif barangnya sdh datang,sudah dicoba semoga cocok"
Heyxi Retinol Glowing Tone Up Cream,X***p,3,"baru kmaren pesen td udah nyampe cepet banget,, aku kasih bintang 3 dl ya kak soalnya mau baru coba mudah""an cocok di aku, next order lagi"
Heyxi Retinol Glowing Tone Up Cream,E***s,3,"Tone up nya gak rata, harus selalu ngambil yg bercak putihnya. Dan no registrasi nya beda sama yg dulu"
Heyxi Retinol Glowing Tone Up Cream,O***m,3,"Agak beda yg datang skarang mah,tidak wangi dan juga agak berantakan,rembes ke kotaknya lagi,,mohon diperhatikan lagi🙏"
Heyxi Retinol Glowing Tone Up Cream,N***z,3,"Bahan: Alus Manfaat produk: Untuk wajah Jenis kulit: Semua bisa Blm di coba mudah""han cocok"
Heyxi Retinol Glowing Tone Up Cream,W***t,3,"Sdh d coba tpi kok gk sesuai kya d iklan y ya. Pas d pake k muka aku jdi abu"". Gk cocok apa gmn sma kulit ku. Butiran putih"" y kya bedak bubuk d cmpur jel jdi gk mau rata pas d pake."
Heyxi Retinol Glowing Tone Up Cream,E***m,3,"barang sampai dengan selamat, itupun ngambil sendiri, kurir udah pada nggak jelas j&t"
Heyxi Retinol Glowing Tone Up Cream,G***w,3,Bahan: Teksturnya seperti gel tapi bercampur dengan sunscreen dan cukup tone up juga di kulit tapi yang putih2 ini sulit di blend Manfaat produk: Ini kayanya buat mengencangkan kulit
Heyxi Retinol Glowing Tone Up Cream,G***t,3,Kenapa saya beli 2 paket datangnya satu sakaan klik 2 ko datang cuman satu knpa ya alasannya
Heyxi Retinol Glowing Tone Up Cream,U***n,3,Ko yang aku beda dari yang lain ya
Heyxi Retinol Glowing Tone Up Cream,U***f,3,"Ko punyaku yg DTG GK ada tlsn chinanya yg besar jg GK ada BPOM nya,, isinya jg cair bngtt nh,, apa iya ini asli atau TDK ??? Mhn jwbnnya dr penjual ok"
Heyxi Retinol Glowing Tone Up Cream,I***w,3,Baru di coba belum tau hasil nya semoga aja cocok di kulit ku.
Heyxi Retinol Glowing Tone Up Cream,A***v,3,Krim nya udah nyampek cuma belum coba & ngk tau asli atau ngk nya soal aku sen kode nya hasil nya seperti ini
Heyxi Retinol Glowing Tone Up Cream,E***o,3,Bahan: Jell Manfaat produk: Mencerahkan Jenis kulit: Apa saja
Heyxi Retinol Glowing Tone Up Cream,Z***r,3,"kecewa,krna mnrut ciri ciri yg sy ketahui tentang produk ini,yg ini bukan produk yg ori....krim nya encer,dari tutupnya gak ada garis...isinya sdkit g full....."
Heyxi Retinol Glowing Tone Up Cream,T***u,3,Jdi males ksi ulasan krna di iklan ktanya isi full TPI taunya cma stengah
Heyxi Retinol Glowing Tone Up Cream,T***o,3,Maaf baru kasih ulasan karna di coba dulu. Dikulitku ga ccok dipake berasa panas di pipi. Mana CO sekali 2...aq pikir bagus... 😔
Heyxi Retinol Glowing Tone Up Cream,S***f,3,Alhamdulilah pesanan ku udah nyampek semoga cucok Baru pertama soal na
Heyxi Retinol Glowing Tone Up Cream,S***a,3,Sory baru kasi ulasan kok beda ya ama yg sya beli pertama ma yg ini Mna yg asli ma yg palsu ya agak ragu mau pkey
Heyxi Retinol Glowing Tone Up Cream,X***o,3,"Kk ko beda ya yg di posting dan yg di kirim ,yg di posting tulisan cinanya beda, kl yg di posting cuma Pedek tulisan cinanya, sedangkan yg di kirim panjang tulisannya,ini ORI kan"
Heyxi Retinol Glowing Tone Up Cream,F***k,3,Mengecewakan isi nya hanya sedikittengahnya Ndak ada isi nya
Heyxi Retinol Glowing Tone Up Cream,Q***k,3,"Bahan: Ya.... Manfaat produk: Baru nyoba, tapi berasa gak enak ya.... Jenis kulit: Mungkin yg cocok bagus sih.... Karena aku baru nyoba"
Heyxi Retinol Glowing Tone Up Cream,W***q,3,"Sebenarnya saya kurang puas kk, soalnya pas saya buka tutup nya udah terbuka , saya gak mengada2, tapi lain kali hati2 ych"
Heyxi Retinol Glowing Tone Up Cream,P***n,3,"Paket sudah sampai, semoga sesuai dengan manfaat nya"
Heyxi Retinol Glowing Tone Up Cream,M***o,3,"Ini kenapa ya ko kemasan nya kaya udh lama gtu buluk,apakah ini emang barang lama 🫣"
Heyxi Retinol Glowing Tone Up Cream,E***x,3,"Kenapa heyxu skrg isi cuma setengah ya, waktu pembelian pertama fuul isinya, ini pembelian yang ke 2"
Heyxi Retinol Glowing Tone Up Cream,V***q,3,Sebelum pakek bersih .setelah pakek makin kusem 🙏tp mungkin kulit ku gak cocok .
Heyxi Retinol Glowing Tone Up Cream,H***v,3,Terima kasih ABG kurir paket ny cepat sampai Klu bagus ny kita blum y kan soal ny baru mau mencoba Klu nanti ok Kita pesan LG
Heyxi Retinol Glowing Tone Up Cream,A***n,3,"Assalamualaikum terimksh creamnya sdh sampai blm pake semoga cocok n bs order kembali kak🙏🙏 Pengirimannya rapi,saya ksh bintang 3 ya kak🙏🙏🥰🥰"
Heyxi Retinol Glowing Tone Up Cream,H***k,3,Berbeda dengan gambar yg asli apakah ini aman??? Atau tiruan ea???
Heyxi Retinol Glowing Tone Up Cream,J***d,3,Maaf ni aku baru pertama co dn gak tau ni asli atau palsu tp kok lain degan yg lain yah
Heyxi Retinol Glowing Tone Up Cream,X***q,3,"Nanti di cek dlu , smoga aja hasilnya sesuai bismillah"
Heyxi Retinol Glowing Tone Up Cream,V***c,3,"Barang aman,,cuma sya ragu knp y k ko barangnya beda tulisannya g seperti yg dulu waktu saya bel"
Heyxi Retinol Glowing Tone Up Cream,I***i,3,"Bisa di pulang kan lagi barang ya,,,, kata ya yg model polos tutup ya ngk asli ka,,,,"
Heyxi Retinol Glowing Tone Up Cream,M***w,3,"Ini asli nggak sih kok Tulisan beda Sama yg di gambar ,,"
Heyxi Retinol Glowing Tone Up Cream,G***q,3,Sayang produk nya yang sampai pecah...🥺🥺🥺
Heyxi Retinol Glowing Tone Up Cream,X***b,3,Kok pesanan kedua dragon blood cream sedangkan pesanan yang pertama retinol cream
Heyxi Retinol Glowing Tone Up Cream,O***q,3,ini produk nya kok beda ya kak yg mana yg asli ini
Heyxi Retinol Glowing Tone Up Cream,R***k,3,"Maaf baru kasih ulasan karena buktikan dulu mohon maaf produk ngak semuanya kulit cocok malah makin banyak flek ku, hampir abis 1 pot ngak ada perubahan malah makin parah trima kasih 🙏"
Heyxi Retinol Glowing Tone Up Cream,V***b,3,Ko tidak terdafar ya di BPOM ka
Heyxi Retinol Glowing Tone Up Cream,N***x,3,Barang sudah sampai semoga cocok di kulit aku
Heyxi Retinol Glowing Tone Up Cream,J***p,3,Semoga cocok di muka ku baru pertama coba
Heyxi Retinol Glowing Tone Up Cream,Z***a,3,"Barang sudah sampai dg selamat, tapi tulisannya gak sama dg yg di jual, kenapa ya?"
Heyxi Retinol Glowing Tone Up Cream,W***v,3,"Baru pertama kali coba ,semoga cocok ya"
Heyxi Retinol Glowing Tone Up Cream,S***e,3,Jenis kulit: Sawo matang Semoga cocok
Heyxi Retinol Glowing Tone Up Cream,H***x,3,Kok punya ku beda
Heyxi Retinol Glowing Tone Up Cream,M***p,3,Ini gunanya unt apa. Tlng videokan
Heyxi Retinol Glowing Tone Up Cream,U***i,3,Varian: 2 Pcs
Heyxi Retinol Glowing Tone Up Cream,Q***w,3,Varian: 2 Pcs
Heyxi Retinol Glowing Tone Up Cream,E***i,3,Varian: 2 Pcs
Heyxi Retinol Glowing Tone Up Cream,I***m,3,Varian: 2 Pcs
Heyxi Retinol Glowing Tone Up Cream,L***o,3,"Heyxi retinol cream baunya gak enak soalnya lama ,maaf kak saya gak dipakai"
Heyxi Retinol Glowing Tone Up Cream,Z***j,3,Varian: 2 Pcs
Heyxi Retinol Glowing Tone Up Cream,Y***r,3,Varian: 2 Pcs
Heyxi Retinol Glowing Tone Up Cream,X***z,3,Varian: 2 Pcs
Heyxi Retinol Glowing Tone Up Cream,R***d,3,"ragu sih, kenapa tulisan korea atau chinanya beda sama yg diiklankan"
Heyxi Retinol Glowing Tone Up Cream,L***i,3,Varian: 2 Pcs
Heyxi Retinol Glowing Tone Up Cream,N***j,3,"Bertanya ka, emang begini ya isi dalam nya? Gak rapi sampingnya belepotan gtu"
Heyxi Retinol Glowing Tone Up Cream,S***m,3,Kurir nya tidak ramah
Heyxi Retinol Glowing Tone Up Cream,Y***m,3,Varian: 2 Pcs
Heyxi Retinol Glowing Tone Up Cream,K***f,3,Varian: 2 Pcs
Heyxi Retinol Glowing Tone Up Cream,U***r,3,Varian: 1 Pcs
Heyxi Retinol Glowing Tone Up Cream,L***n,3,Varian: 2 Pcs
Heyxi Retinol Glowing Tone Up Cream,I***e,3,Varian: 2 Pcs
Heyxi Retinol Glowing Tone Up Cream,W***z,3,Varian: 2 Pcs
Heyxi Retinol Glowing Tone Up Cream,W***z,3,"Baunya aneh, apaka ini palsu, beda sama punyaku yg aku beli di toko lain dia wangi dan menyatu ke wajahku, yg ini tdk, Tulisnya aja beda, punyaku yg uda kosong"
Heyxi Retinol Glowing Tone Up Cream,P***o,3,Varian: 1 Pcs
Heyxi Retinol Glowing Tone Up Cream,W***q,3,Varian: 2 Pcs
Heyxi Retinol Glowing Tone Up Cream,L***f,3,Varian: 2 Pcs
Heyxi Retinol Glowing Tone Up Cream,Z***e,3,Varian: 2 Pcs
Heyxi Retinol Glowing Tone Up Cream,B***e,3,Varian: 2 Pcs
Heyxi Retinol Glowing Tone Up Cream,M***t,3,Varian: 2 Pcs
Heyxi Retinol Glowing Tone Up Cream,Y***f,3,Varian: 1 Pcs
Heyxi Retinol Glowing Tone Up Cream,I***a,3,Varian: 2 Pcs
Heyxi Retinol Glowing Tone Up Cream,E***e,3,Varian: 1 Pcs
Heyxi Retinol Glowing Tone Up Cream,B***t,3,Varian: 2 Pcs
Heyxi Retinol Glowing Tone Up Cream,H***q,3,Varian: 2 Pcs
Heyxi Retinol Glowing Tone Up Cream,R***a,3,Jenis kulit: Tidak cocok sama kulit saya kk karena kulit saya hitam saya pakai kok mengkilat hitam nya kk ngak cocok dgn saya mungkin kk😫
Heyxi Retinol Glowing Tone Up Cream,P***p,3,Maaf..produk ini d campur pkai mois dan suncreen bikin dempul.. Bahan: Sih oky
Heyxi Retinol Glowing Tone Up Cream,T***v,3,Varian: 1 Pcs
Heyxi Retinol Glowing Tone Up Cream,Z***x,3,Varian: 2 Pcs
Heyxi Retinol Glowing Tone Up Cream,M***r,3,Kenapa creamnya seperti permen karet ya apa memang seperti itu karna in pertama kalinya z menggunakannya
Heyxi Retinol Glowing Tone Up Cream,E***u,3,Varian: 2 Pcs
Heyxi Retinol Glowing Tone Up Cream,N***y,3,Varian: 2 Pcs
Heyxi Retinol Glowing Tone Up Cream,S***e,3,Varian: 1 Pcs
Heyxi Retinol Glowing Tone Up Cream,P***p,3,Varian: 2 Pcs
Heyxi Retinol Glowing Tone Up Cream,H***i,3,Varian: 1 Pcs
Heyxi Retinol Glowing Tone Up Cream,H***o,3,Varian: 1 Pcs
Heyxi Retinol Glowing Tone Up Cream,B***n,3,Varian: 2 Pcs
Heyxi Retinol Glowing Tone Up Cream,Y***e,3,Varian: 2 Pcs
Heyxi Retinol Glowing Tone Up Cream,Y***n,3,Perih dn gatal
Heyxi Retinol Glowing Tone Up Cream,D***x,3,Yg sekarang product nya ga sama. Sama yg waktu aku pesen.d pakenya ada rasa gatal trus wanginya ga sama. Yg ini terlalu menyengat
Heyxi Retinol Glowing Tone Up Cream,G***a,3,Varian: 1 Pcs
Heyxi Retinol Glowing Tone Up Cream,i***a,3,Varian: 2 Pcs
Heyxi Retinol Glowing Tone Up Cream,s***e,3,Varian: 2 Pcs
Heyxi Retinol Glowing Tone Up Cream,B***a,3,Varian: 2 Pcs
Heyxi Retinol Glowing Tone Up Cream,k***9,3,Varian: 2 Pcs
Heyxi Retinol Glowing Tone Up Cream,b***n,3,Varian: 2 Pcs
Heyxi Retinol Glowing Tone Up Cream,b***n,3,Varian: 2 Pcs
Heyxi Retinol Glowing Tone Up Cream,e***i,3,Varian: 2 Pcs
Heyxi Retinol Glowing Tone Up Cream,N****,3,Varian: 2 Pcs
Heyxi Retinol Glowing Tone Up Cream,M***N,3,Varian: 2 Pcs
Heyxi Retinol Glowing Tone Up Cream,l***s,3,Varian: 2 Pcs
Heyxi Retinol Glowing Tone Up Cream,u***6,3,Varian: 2 Pcs
Heyxi Retinol Glowing Tone Up Cream,A***r,3,Varian: 1 Pcs
Heyxi Retinol Glowing Tone Up Cream,Q***p,3,Varian: 1 Pcs
Heyxi Retinol Glowing Tone Up Cream,C***u,3,Varian: 2 Pcs
Heyxi Retinol Glowing Tone Up Cream,B***k,3,Varian: 1 Pcs
Heyxi Retinol Glowing Tone Up Cream,H***r,3,Varian: 1 Pcs
Heyxi Retinol Glowing Tone Up Cream,V***n,3,Varian: 2 Pcs
Heyxi Retinol Glowing Tone Up Cream,I***g,3,Varian: 2 Pcs
Heyxi Retinol Glowing Tone Up Cream,G***d,3,Varian: 2 Pcs
Heyxi Retinol Glowing Tone Up Cream,L***t,3,Alhamdulillah barang udah sampai terimakasih toko dan juga kurir dan juga udah di coba bagus ringa di muka bagus mantul jang ragu belliproduk ini bagu
Heyxi Retinol Glowing Tone Up Cream,H***d,3,"Baru sampe paket ya tapi ga tau bagus apa tidak ,,setelah di coba di tangan seperti bedak tebal warna putih kalau di pake ,,jeli yadi gosok jadi ke kulit jadi putih kaya pake bedak ..semoga cocok lah ya tidak menyerap ke kulit hanya dempulan saja"
Heyxi Retinol Glowing Tone Up Cream,A***a,3,𝘚𝘦𝘴𝘶𝘢𝘪 𝘱𝘦𝘴𝘢𝘯𝘢𝘯
Heyxi Retinol Glowing Tone Up Cream,D***v,3,Manfaat produk: Belum tau karna belum pernah pakai
Heyxi Retinol Glowing Tone Up Cream,S***v,3,"Harus nya isinya retinol, kok setelah di buka frescare ya"
Heyxi Retinol Glowing Tone Up Cream,D***r,3,"Kecewa sekali dengan pelayanan nya, barang yg di lirim hanya 1 tokonya tidak amanah"
Heyxi Retinol Glowing Tone Up Cream,R***p,3,"Ma,af tlt ngpost barang nya udah sampe tepat waktu mkasih"
Heyxi Retinol Glowing Tone Up Cream,A***q,3,next pakein kotak atau bubble yg tebalan kalau begini saya yang rugi
Heyxi Retinol Glowing Tone Up Cream,F***y,3,Jenis kulit: Klo dipakai jerawat bgmn iy .lanjut atw brhenti
Heyxi Retinol Glowing Tone Up Cream,F***b,3,Bahan: Barang pecah 1 kecewa Manfaat produk: Agak kecewa pas dtng
Heyxi Retinol Glowing Tone Up Cream,T***v,3,Paket beli 2 yg satu pecah yg satu nya masih utuh 🥹
Heyxi Retinol Glowing Tone Up Cream,O***d,3,Barang gak sesuai Isinya yang di terima hanya separuh pot Rugi cekod 2
Heyxi Retinol Glowing Tone Up Cream,P***d,3,M'f bru pos bru habis 1 blm kelihatan blm puti
Heyxi Retinol Glowing Tone Up Cream,Q***c,3,Maaf kasi bintang 3 dlu tolong Bantu jawab min ini emang tulisanya beda atau gmna ya?
Heyxi Retinol Glowing Tone Up Cream,J***n,3,ini kemarin nyampe.saya pakai 1hari rasa nya clekit2.apa kulit ku masih adaptasi .tapi harum bgt crim nya
Heyxi Retinol Glowing Tone Up Cream,R***d,3,Mksih sdh tiba produk nya blm di coba semoga cocok
Heyxi Retinol Glowing Tone Up Cream,U***e,3,"Barang udah sampai,tapi belum nyobain karna cream nyah pecah g ada yg ke pake."
Heyxi Retinol Glowing Tone Up Cream,W***m,3,Paket dah sampe dr kmrn.baru kasih ulasan semoga cocok dan ada perubahan
Heyxi Retinol Glowing Tone Up Cream,O***u,3,"Paketan sudah datang,semoga cocok di kulit aq yg susah putih ini.bau nya harum kemasan bagus"
Heyxi Retinol Glowing Tone Up Cream,O***j,3,"Kaget pas buka paket ternyata paket creamnya hancur semua tercampur sama pecahan beling wadah kreamnya,dan GK bisa kepake, kecewa banget"
Heyxi Retinol Glowing Tone Up Cream,P***i,3,"sangat kecewa banget katanya 2 pcs, ternyta 1,syangnya lupa pas unboxing nya gk d video di kirain amanah"
Heyxi Retinol Glowing Tone Up Cream,A***o,3,Blum coba moga cocok pesen 2 yg satu pecah tempat nya
Heyxi Retinol Glowing Tone Up Cream,P***g,3,Baru sampai tdi pagi...blm dicoba.....ini buat mlm atau pagi????? Pke pembersih dulu gk?????
Heyxi Retinol Glowing Tone Up Cream,F***n,3,"Barang dah sampai ditangan,,, moga ja berkhasiat, aamiin,,"
Heyxi Retinol Glowing Tone Up Cream,Y***m,3,Kasih 3 dulu ya kalau ada perubahan baru kita kasih ulasan yg baru
Heyxi Retinol Glowing Tone Up Cream,R***y,3,Kata nyah beli 1 gratis 1 ko datang cuman satu Pertama beli aku .beli1 datang 2 .ko beli yg kedua x nyah datang cuman satu
Heyxi Retinol Glowing Tone Up Cream,N***s,3,Bintang 3 dulu krna paket baru mendarat... Kalo udh ada hasil saya order lagi dan kasih bintang 5.
Heyxi Retinol Glowing Tone Up Cream,T***y,3,Tp g tau ya ini asli apa engga soalnya banyak macamnya hehe
Heyxi Retinol Glowing Tone Up Cream,M***r,3,"Blm d coba,pesannya berdasarkan gambar yg d klik dragon blood cream,eh yg datang malah retinol cream heyxi.kecewa deh"
Heyxi Retinol Glowing Tone Up Cream,H***z,3,"Pket Bru datang mudah""an cocok mksh mas kulir nya"
Heyxi Retinol Glowing Tone Up Cream,B***p,3,Paket sudah sampai kak dn sesuai trmksh🙏🙏🙏
Heyxi Retinol Glowing Tone Up Cream,P***c,3,3 dulu bintang nanti klo cocok akan tambah bintang dan rapet order
Heyxi Retinol Glowing Tone Up Cream,T***k,3,Baruu nyoba si KLO bagus bli lgi tak ksih bintang 🌟🌟🌟🌟🌟🌟🌟🌟🌟🌟🌟🙏
Heyxi Retinol Glowing Tone Up Cream,O***n,3,Paket SDH sampai tapi kok ndk ada tulisan BPOM nya ?? Semoga cocok saja
Heyxi Retinol Glowing Tone Up Cream,B***d,3,Sudah pemakaian seminggu masih belum ad perubahan padahal pemakaiannya rutin
Heyxi Retinol Glowing Tone Up Cream,J***o,3,Paket udh datang blm di coba mudh² cocok di muka saya
Heyxi Retinol Glowing Tone Up Cream,Y***f,3,Jenis kulit: Sawo matang Manfaat produk: Mencerahkan
Heyxi Retinol Glowing Tone Up Cream,L***i,3,Gax sesuai pesanan warna nya juga beda cream nya jdi warna putih kecewa
Heyxi Retinol Glowing Tone Up Cream,O***u,3,"Alhamdulillah paket y udah nyampe, Bru mau coba semoga cocok.,"
Heyxi Retinol Glowing Tone Up Cream,F***i,3,Alhamdulillah paket nya sdah nyampe smga cocok di pakai solnya baru nyoba🙏
Heyxi Retinol Glowing Tone Up Cream,E***t,3,Alhamdulillah barangnya sudah sampai tp belum dicoba semoga saja cocok ya..terimakasih🙏🙏
Heyxi Retinol Glowing Tone Up Cream,Y***c,3,"baru kasih ulasan soalnya mau di coba dulu ko bedaknya HEYXi di pake kemuka encer pas di live kental di pakenya putih, ini mah beda lagi gak sesuai encer gini barang nya"
Heyxi Retinol Glowing Tone Up Cream,P***a,3,Barang nya sudah Sampay sesuaay dengan gambar.smoga cocok...
Heyxi Retinol Glowing Tone Up Cream,K***z,3,"Kulir nya ramah,tpi maaf y ka saya mautanya ini tulisn BPOM nya asli apa ga ya soalny bda sama yg pembelin yg pertama Maaf sya kasih bintang 3 dlu ya ka"
Heyxi Retinol Glowing Tone Up Cream,I***u,3,"Baru pertama nyoba semoga cocok, klau cocok pasti pesen lagi"
Heyxi Retinol Glowing Tone Up Cream,W***x,3,Kaya nya dapet yg KW nih katanya kalo yg ori wangi ini gk ada wangi wangi nya Tekstur yg merah nya kaya air kalo yg putih nya kaya bedak tabur jd perpaduan bedak tabur d campur ke air gk bisa d bland. Mana beli 2 lagi tau gini satu aja dulu mmmm
Heyxi Retinol Glowing Tone Up Cream,W***g,3,"Kasih 3 bintang dulu soalnya belom di coba masih ragu,soalnya dusnya kenapa rusak kotor kaya gini dalemnya berdebu kaya dus bekas lama jadi masih ragu mau di pakenya"
Heyxi Retinol Glowing Tone Up Cream,L***w,3,Alhamdulillah dh nyampe paketnya semoga aja cocok ya jdi gk kemakan iklan lgi😂
Heyxi Retinol Glowing Tone Up Cream,V***q,3,terimakasih paketnya baru nyampe sesuai keinginan tapi bungkus paketnya udah sobek
Heyxi Retinol Glowing Tone Up Cream,U***a,3,"Isinya kurang,gk penuh gtu ,ad ruang yg kosong,gk full"
Heyxi Retinol Glowing Tone Up Cream,A***r,3,"nyesel baru nyampe langsung Tek buka ternyata pecah 1... lagi2 packingnya yg rapi kak, bila perlu pake kardus kecil biar aman"
Heyxi Retinol Glowing Tone Up Cream,X***h,3,Aku di beri yg palsu. Klo yg asli ada garis emasnya di tutup nya. Ini yg palsu bukan yg ori
Heyxi Retinol Glowing Tone Up Cream,U***h,3,Dari luar kelihatan penuh pas dibukak ternyata gak sampai setengah isinya. Paraaah
Heyxi Retinol Glowing Tone Up Cream,O***c,3,Saya blm bisa komentar karna baru mau coba.. tp kok ada yg beda yah yg di gambar sama yg dikirim ke sy..
Heyxi Retinol Glowing Tone Up Cream,V***o,3,"Alhamdulillah 🤲🏻 paket sudah datang pertama kali aq pesen smoga cocok ya biar langganan Abang kurir'y juga baik ramah,,,tetangga pula,,,makasih ya sukses sllu aamiin 🤲🏻"
Heyxi Retinol Glowing Tone Up Cream,O***a,3,"Baru mau nyoba mudah2an cocok,,semoga toko nya Amanah"
Heyxi Retinol Glowing Tone Up Cream,F***x,3,"kok ada yg dragon blood ,ada yg retinol cream..sebenarnya yg mana yg bener?? belum di coba semoga aja cocok."
Heyxi Retinol Glowing Tone Up Cream,E***n,3,Bahan: Ssai dibeli blm tau BS glowing.nnti KL cck bkal bli lg
Heyxi Retinol Glowing Tone Up Cream,T***y,3,"Kok tampilan nya berbeda ya ,satu cerah Oren yg satu keputihan. Semoga aja tidak espayet"
Heyxi Retinol Glowing Tone Up Cream,E***f,3,"Sengaja baru Komentar sb ingin tahu reaksinya sesuai yg dipromoin ato tidak Dan dah aq cuba tp nggak nge'Fek atao mungkin belum ato juga gak cocok dikulit aq...(Aq blm tahu), besok"" klo dah ada Reaksi stelah pemakaian ini agak lama akan aq ubah komentar jg 🌟 itu. Thanks🙏"
Heyxi Retinol Glowing Tone Up Cream,L***o,3,Saya ragu dgn produk yg sy pesan ini..asli apa palsu..sbb pernah saya dengar yg asli itu.d tutup nya ada garis dua kuning ke emasan mengelilingi tutupnya.tapi yg saya terima GX ada..polos aja.berarti palsu yg di kirim SM sy.berarti saya d bohongi..!! GX benar juga kalau begitu caranya
Heyxi Retinol Glowing Tone Up Cream,H***q,3,"Saya tdk tau apakah saya cocok pke cream ini atau tdk, tpi saya lihat cream ini bagus"
Heyxi Retinol Glowing Tone Up Cream,B***i,3,"Pas buka isi nya kaya gini kosong ampir 1/4 nya,Bru mau coba mdh""an g sekecewa liat isi nya"
Heyxi Retinol Glowing Tone Up Cream,E***g,3,Baru dipake kok gatel ya? Padahal KLO diblen kemuka bagus
Heyxi Retinol Glowing Tone Up Cream,N***t,3,"Kenapa yang datang berbeda dengan yang dulu pernah beli,, kalau yang dulu beli yang dragon blood cream,,tap sekarang yang datang retinol cream nya"
Heyxi Retinol Glowing Tone Up Cream,N***s,3,"Paketnya sudah sampai tapi kok ditutupnya gk ada garis²nya,, katanya yang asli itu ada garis² ditutupnya"
Heyxi Retinol Glowing Tone Up Cream,J***m,3,"Sengaja baru ngasih ulasan pengen tau hasilnya eh ternyata Kemakan iklan.dah mu abis satu cepuk ga ada perubahan sama sekali .ga di pk sayng bli mahal"" 🤦"
Heyxi Retinol Glowing Tone Up Cream,J***d,3,Paket nya sudah datang tapi cream siang mana yang cream malam yang mana alhamdulillah paket nya amana trmksh
Heyxi Retinol Glowing Tone Up Cream,L***y,3,Kok produk nya bd dr hexsi yg aku pakai ini LBH byk kandungan bedak dn wangi nya jg bd...
Heyxi Retinol Glowing Tone Up Cream,D***k,3,Bahan: Belum coba Manfaat produk: Untuk mencerahkan wajah Jenis kulit: Semua jenis kulit
Heyxi Retinol Glowing Tone Up Cream,Y***f,3,bru prtma kali coba blm tau manfaat nya smga cocok dikulitku
Heyxi Retinol Glowing Tone Up Cream,H***q,3,Terimakasih paketnya suda di terima kak smoga cocok aku kasi bintang tiga dulu ya kak klw cocok ak kasi lima bintang
Heyxi Retinol Glowing Tone Up Cream,D***y,3,"Kata nya yg ORI itu d tutup nya ada garis""2 ko ini g ada, semoga saja ini asli"
Heyxi Retinol Glowing Tone Up Cream,T***i,3,Paket dah datang tapi tutup nya pada belah .apa sengaja masukin nya yng belah Krn lw ke lempar GK mungkin pecah Krn dus nya uga tebal
Heyxi Retinol Glowing Tone Up Cream,M***y,3,Barang sudah sampai mudah mudahan cocok Bahan: Bagus
Heyxi Retinol Glowing Tone Up Cream,E***c,3,Paketnya udah tiba tpi kok beda yah kak SMA yg lain BPOMny
Heyxi Retinol Glowing Tone Up Cream,Y***q,3,"Sdh bbrp x dipakai dgn cara dioles ditempat yg sakit tp sama sx gak mengurangi rasa sakitnya sedikitpun,cuma berasa dingin tok. Iklan sama realita jauhh bgt"
Heyxi Retinol Glowing Tone Up Cream,N***p,3,"katanya kalau asli ada list ditutupnya, kok ini nggak ada?"
Heyxi Retinol Glowing Tone Up Cream,Q***a,3,"Baru pertama kali beli, tp ko barang ny kaya g ori sih katanya yg ori itu tutup ny garis dua ini ko g ada y mulus"" Aja.. Gimana sih"
Heyxi Retinol Glowing Tone Up Cream,W***c,3,Lah ini gmna Dateng nya yg retinol pdhal pesennya yg dragon .. ak baru ngeh lho ini .. tapi apa sama ak takut kw ini .. Beli 2 sama semua itu setengah ak bagi 2 tempat soalnya ..
Heyxi Retinol Glowing Tone Up Cream,Q***t,3,"mau nnya ini kata nya yang asli ada garis"" ny di tutup nya ini kq gk ada ya trus kk kq gk ada BPOM nya di kotak nya"
Heyxi Retinol Glowing Tone Up Cream,R***c,3,"Baru mau nyoba, klo memuaskan hasilnya nanti order lagi 👍🏼"
Heyxi Retinol Glowing Tone Up Cream,Y***e,3,Alhamdulillah barang dah smpai. Semoga cocok d akuh
Heyxi Retinol Glowing Tone Up Cream,I***n,3,"Alhamdulillah barangnya sdh smpe mudah""an cocok d wajah kurirnya jga baik makasih"
Heyxi Retinol Glowing Tone Up Cream,U***v,3,"Aku kulit badak, ga ada reaksi dan ngefek apa2 di kulit wajah aku Hehehe"
Heyxi Retinol Glowing Tone Up Cream,O***v,3,"Alhamdulillah produk sudah smpe. Baru mo coba, Semoga cocok.."
Heyxi Retinol Glowing Tone Up Cream,W***b,3,maaf yn baru tulis ulasan skrg krn blm tahu cocok apa gknya setelah aq pakai y buat saya seumur saya kurang cocok aja
Heyxi Retinol Glowing Tone Up Cream,K***q,3,Alhamdulillah pesanan sudah sampai. baru mau cobain semoga cocok
Heyxi Retinol Glowing Tone Up Cream,X***a,3,"Sangat kecewa, sudah lama di tunggu tau2. Y pecah al hasil d buang😔, tolong perbaiki lg pekingan. Y🙏"
Heyxi Retinol Glowing Tone Up Cream,R***j,3,Barang sudah sampai semoga cocok Kurir nya baik banget
Heyxi Retinol Glowing Tone Up Cream,Q***l,3,"Terimakasih barang sudh sampai, belom dicoba muda² han cocok"
Heyxi Retinol Glowing Tone Up Cream,H***y,3,"Creamnya mewah,,belum nyoba,tapi moga nyocok dikulit saya,"
Heyxi Retinol Glowing Tone Up Cream,N***e,3,Bukan produknya. Tp responya kurang bagus krn bkn pihak toko yg bls melainkan AI toko. Maunya adminya bls aja biar g banyak bertanya kt sbg customer. Pengiriman amat sgt lama lebih seminggu. Admin cht sy cuma pas paket mau diantar dan minta ulasan. Btw ini 3 pcs. Tp 1 gk ad plastiknya.
Heyxi Retinol Glowing Tone Up Cream,O***z,3,Bukan produknya. Tp responya kurang bagus krn bkn pihak toko yg bls melainkan AI toko. Maunya adminya bls aja biar g banyak bertanya kt sbg customer. Pengiriman amat sgt lama lebih seminggu. Admin cht sy cuma pas paket mau diantar dan minta ulasan. Btw ini 3 pcs. Tp 1 gk ad plastiknya.
Heyxi Retinol Glowing Tone Up Cream,Z***a,3,"Kurang cocok sama aku,,semejak pakek ini kulitku jdi beruntusan"
Heyxi Retinol Glowing Tone Up Cream,Y***f,3,B aja krn di kulitku udah tak pake bbrp waktu tdk memberi dampak apa” Beneran b aja jujurly
Heyxi Retinol Glowing Tone Up Cream,Z***y,3,"Isiny dkit aku kasih 3 bintg dlu klo cocok kasih bntang lagi , baunya kek obat"
Heyxi Retinol Glowing Tone Up Cream,E***m,3,Bahan: Kok bahanya agak encer dari yg pertama aku beli ya
Heyxi Retinol Glowing Tone Up Cream,O***y,3,Semoga crem nya cocok... Nanti kalau sudah ada hasilnya tak perbarui ulasannya....
Heyxi Retinol Glowing Tone Up Cream,X***f,3,"Baru mau nyoba mudah"" n cocok plek ny ilang amiin"
Heyxi Retinol Glowing Tone Up Cream,W***j,3,"Semoga cocok liat review2nya ad yg bilang jadi abu"" malah tambah kusem lah.. maklum kan baru coba ini.. pemakaian pertama dn setelahnya rada"" gatel ya dimuka gmn ini .. nh Lom nyoba lagi sih"
Heyxi Retinol Glowing Tone Up Cream,M***v,3,Produknya Ter kalau encer dan berair apakah produknya palsu ya
Heyxi Retinol Glowing Tone Up Cream,G***c,3,"Oke, aku kasih buat mama ku mudah2an ccok bagus dipke mama ku"
Heyxi Retinol Glowing Tone Up Cream,I***u,3,Barangnya udah sampai ...creamnya pecah satu dan yg satunya lagi bagus
Heyxi Retinol Glowing Tone Up Cream,A***z,3,"Beli heyxi 2 yg satu nya pecah,, ga kepake karena udah kecampur pecahan kaca, udah ekpektasi bakalan bagus tau nya kecewa,,"
Heyxi Retinol Glowing Tone Up Cream,P***v,3,Di wajahku malah jadi keringg banget gk sesuai kali ya
Heyxi Retinol Glowing Tone Up Cream,R***x,3,"Saya gkbtau ni salah di expedisi ap saat packing, tpi gini lah saya terima, , ,"
Heyxi Retinol Glowing Tone Up Cream,L***b,3,Ini gimana yaa saya pesen 2 kokyg dteng cuma satu? Kok bisa gini sih?
Heyxi Retinol Glowing Tone Up Cream,C***l,3,"Blm di coba, kalau ada perubahan saya kasih bintang 5"
Heyxi Retinol Glowing Tone Up Cream,U***a,3,Kenapa kasih bintang 3 soal na isi nya kosong tengah nya
Heyxi Retinol Glowing Tone Up Cream,V***c,3,paket sudah saya terima makasih buat Abang kurirnya sukses slalu amiin 🤲
Heyxi Retinol Glowing Tone Up Cream,X***n,3,alhamdulillah paket nya udah d Terima untuk yg kedua kalinya setelah coba pake 5 hari saya merasa nyaman dan akhirnya pesan lagi
Heyxi Retinol Glowing Tone Up Cream,C***w,3,"bagus sihh ada efek tone up nya, cuma kurang cocok di aku aja, so far baguss kok kalo yang mau dapetin efek tone up nya dari butiran yang warna putihnya"
Heyxi Retinol Glowing Tone Up Cream,O***w,3,Alhamdulillah barangnya udah datang. Produk ORI dan bagus wangi nya lembut cuman aga susah di blend aja 🤭. Kurirnya baik udah langganan juga
Heyxi Retinol Glowing Tone Up Cream,L***s,3,Dengan sampai nya sesuai aku beli 2 wangi bngt pas di buka kek jelly gtu harumnya mantap belom aku coba karena baru pertama kali beli juga dan aku ingin coba sekarang untuk pengiriman barang nya lama banget sampai nya aku dapat harga 48.000 dari tiktok live shop
Heyxi Retinol Glowing Tone Up Cream,P***n,3,"Jenis kulit: Sensitif Manfaat produk: Ko yg ini wangi y. Terlalu menyengat , terus di pakai nya GK cepat menyerap beda sama yg pertama beli. Itu produk nya bagus bikin lembab di kulit wajah . Cepat menyerap ke kulit dan bikin glowing ..padahal beli nya masih di tko ini dlu juga"
Heyxi Retinol Glowing Tone Up Cream,B***j,3,Manfaat produk: Bismilah mudah2 cocok sama produk ini
Heyxi Retinol Glowing Tone Up Cream,B***h,3,Baru sampai moga cocok Bahan: Blm coba Manfaat produk: Moga cocok Normal
Heyxi Retinol Glowing Tone Up Cream,R***a,3,"Paket sudah sampe tapi saya kecewa pesan paket dari tanggal 25,11,2025 sampe nyan tanggal 29,12,2025 sebulan lebih😞"
Heyxi Retinol Glowing Tone Up Cream,S***s,3,"Belum bisa beri penilaian karna baru pake, mau liat hasilnya dulu baru kasih nilai😊,,nanti klo hasil bagus aku tambahin bintangnya ya"
Heyxi Retinol Glowing Tone Up Cream,S***m,3,"Kok beda yg datang ya kak,mohon penjelasan nya kak,takut salah pake"
Heyxi Retinol Glowing Tone Up Cream,A***f,3,Gak tau ori atau gak Yg jelas gak sama kayak iklan😔
Heyxi Retinol Glowing Tone Up Cream,R***d,3,Beda ya gk wangi yg kedua kli nya aku order TPI yg pertma mah wangi yg $66
Heyxi Retinol Glowing Tone Up Cream,I***u,3,Akhamdulillah paket saya sudah sampai Trimakasih kurir nya ramah banget
Heyxi Retinol Glowing Tone Up Cream,T***o,3,Paket nya sudah keterima..tapi blm di coba..jdi blm tau hasil nya.
Heyxi Retinol Glowing Tone Up Cream,J***l,3,Alkhamdulillah barang nya udah sampai tpi blm di coba
Heyxi Retinol Glowing Tone Up Cream,N***m,3,Alhamdulilah terima kasih paket nya udah sampai dengan aman bagus dan cepat
Heyxi Retinol Glowing Tone Up Cream,A***t,3,"Isi warna x di dlm beda sama yg di gambar,apa kh isinya di dlm memang seperti itu di gambar warna x cerah dan ada warna putih x besar besar"
Heyxi Retinol Glowing Tone Up Cream,Y***y,3,Manfaat produk: Melembabkan dan memcerhkan ak dah abis 2
Heyxi Retinol Glowing Tone Up Cream,M***f,3,Kok yg baru datang ini LBH encer yaa..trus retunolnya sedikit dn kcil2..bede sama yg sy bli pertama LBH kental dn putih2nya besar2.
Heyxi Retinol Glowing Tone Up Cream,Q***q,3,Alhamdulillah terimakasih banyak paket dah Dateng puas banget semoga cocok danbisa langganan
Heyxi Retinol Glowing Tone Up Cream,Z***e,3,"Makasih brgnya udah smpe 🙏🏼🙏🏼🙏🏼 Kurirnya agak cuek yah,, kurang snyum,, trus smpat ditahan brpa lama brgnya,, tpi saya blm prnah pke produk ini,, saya perdana pake krim heyxi,, smoga sja ccok dgn tipe kulit saya yg kusam dan kering 😊🙏🏼"
Heyxi Retinol Glowing Tone Up Cream,G***q,3,paketnya udah sampai semoga cocok di Wajah ku aku kasih bintang 3 dulu ya kalau bagus nanti di tambah lagi Oke
Heyxi Retinol Glowing Tone Up Cream,T***z,3,"cepat dan rapih kemasan nya,sayang isi nya tidak padat kosong di dlm nya🤦‍♀️"
Heyxi Retinol Glowing Tone Up Cream,R***a,3,Sudah datang pertama kali beli Semoga cocok Jenis kulit: Sensitif berjerwat
Heyxi Retinol Glowing Tone Up Cream,D***a,3,dingin dikulit..cuma gimana egk full y sedikit bahan wajar la sesuai dengan harga.y
Heyxi Retinol Glowing Tone Up Cream,J***e,3,"Paketnya sudah sampai , tapi saya dapet yang tulisan retinol cream bukan yang dragon blood cream , dibeberapa komentar saya lihat ada yang dapat dragon blood cream, di vt nya pun yang tertulis dragon blood cream, jadi ragu mau pakek 🙏🏻"
Heyxi Retinol Glowing Tone Up Cream,U***v,3,Barang sampai sesuai orderan. Packing aman. Harga promo tapi belum tau khasiatnya karena belum di coba
Heyxi Retinol Glowing Tone Up Cream,C***c,3,Pesanan sesuai tapi blum tau hasil nya mudah mudahan cocok
Heyxi Retinol Glowing Tone Up Cream,W***y,3,Baru sampai paketan nya aman Baru pertama kali nyoba nanti semoga coock dan ada perubahan
Heyxi Retinol Glowing Tone Up Cream,J***i,3,"Alhamdulillah sudah mendarat, karna baru pertama pakai, blm ada testi semoga cocok di wajah saya biar bisa co lagi."
Heyxi Retinol Glowing Tone Up Cream,M***f,3,Di saya kurang cocok Pemakaian sudah 10 hari muka nya malah jadi kusem dan bruntusan kecil kecil Sebelumnya gada bruntusan sama sekali Beli karna fomo katanya bagus buat mencerahkan wkwk
Heyxi Retinol Glowing Tone Up Cream,Z***x,3,"Baru mau coba semoga cocok ,pengiriman bagus terbungkus dg rapi aman"
Heyxi Retinol Glowing Tone Up Cream,F***h,3,"Bahan: Wangi Manfaat produk: Masih blm ada hasil,,masih mau coba Jenis kulit: Berminyak"
Heyxi Retinol Glowing Tone Up Cream,D***j,3,"Barang baru datang, dn baru mau coba pakae cream ini, smoga cocok di kulit muka sy"
Heyxi Retinol Glowing Tone Up Cream,U***p,3,Alhamdulillah nyampek dgn selamat baru per5ama kali nya pesan semoga cocok klo cocok bisa buat langannan
Heyxi Retinol Glowing Tone Up Cream,O***n,3,Terima kasih sudah sampai barangnya langsung saya pake crem dingin di muka
Heyxi Retinol Glowing Tone Up Cream,R***m,3,"Wangi, bru smpe nnti mau dicoba dlu Ini meleber yah isinya mgkin krna pgriman jd tumpah dkit itsoky"
Heyxi Retinol Glowing Tone Up Cream,E***t,3,Baru pertama beli mrek ini ...semoga cocok d muka saya ...bagus seperti d iklan ....ok
Heyxi Retinol Glowing Tone Up Cream,I***j,3,Alhamdulillah paketnya sudah d Terima tapi blm d coba aku beli satu dlu.. Klu dah ada hasil nya baru aku beli lagi
Heyxi Retinol Glowing Tone Up Cream,O***x,3,"Baru mencoba beli dan baru mau make, moga cocok ada tapinya creamnya satunya bolong ngk tau kesalahanya dimn🫣 yg jelas seperti itu sya terima, semoga kedepnya lebih amanah lgi,,"
Heyxi Retinol Glowing Tone Up Cream,S***i,3,Bintang 3 dulu soalnya baru mau coba pakai...semoga cocok dengan flek di wajah yang membandel
Heyxi Retinol Glowing Tone Up Cream,G***y,3,"Creamny dikit banget, kok creamnya kaya di toko sebelah yg murah,,kalo aku biasa aja sih lama putihnya, mlah berentis di muka aku, gak cocok kali ya soalnya muka aku sensitif.."
Heyxi Retinol Glowing Tone Up Cream,P***y,3,Udah akuterima barangnya semonga cocok kirain ukuran besar eeh ukuran kecil
Heyxi Retinol Glowing Tone Up Cream,K***o,3,Sebenarnya suka sma produknya tp ..kurang maksimal di pakagingnya ...lain kali mhon ditambah lagi keamanan nya ...kasih lakban jangan dibanting atau apa ..jd biar aman.eman 1nya gak bisa dipakai😭
Heyxi Retinol Glowing Tone Up Cream,X***e,3,Menurut aku cream nya cocok buat yg putih kulit wajah nya klo yg kulit sawo Mateng atw kulit badak klo di aplikasikan ke wajah JD abu..😔liat di iklan mah iya meni bagus..pas di coba berminyak dan JD abu..
Heyxi Retinol Glowing Tone Up Cream,H***j,3,"Kemasan pot lama yg di atas,pot yg baru dbawah,ad perbedaan,yg baru agak encer Manfaat produk: Udah habis 2pot sama aja,g ada perubahan Jenis kulit: Sawo matang"
Heyxi Retinol Glowing Tone Up Cream,B***o,3,Wangi nya sengar dan cocok untuk kulit saya yg berminyak
Heyxi Retinol Glowing Tone Up Cream,D***w,3,"Bahan: tekstur nya licin Manfaat produk: menghaluskan tekstur kulit dan menghidrasi kulit secara optimal Jenis kulit: sawo blom di coba jdi saya kasih 3bintang dlu, setelah tau nanti hasilnya saya balik lagi kasih bintang nya"
Heyxi Retinol Glowing Tone Up Cream,X***r,3,Bahan: Seperti sabun muka Manfaat produk: Memudarkan flek hitam Jenis kulit: Normal cenderung kering
Heyxi Retinol Glowing Tone Up Cream,V***p,3,Bahan: Bagus tidak gatel atau merah Manfaat produk: Blm ada perubahan Uda make dua Minggu..noda itam blm berkurang ..blm cerah juga.. Jenis kulit: Semua jenis
Heyxi Retinol Glowing Tone Up Cream,R***n,3,"Pesenan yg ke-2 ketika promo tp kemasan dus nya lembab kaya gini😔 Mudah""an aja dalemnya masih bagus masih bisa d pake ngga kadaluarsa Pdhl udah enak pake produk ini"
Heyxi Retinol Glowing Tone Up Cream,T***u,3,"Paket nya udah sampe kk,, mudahh² cocok sama muka saya kk🥰"
Heyxi Retinol Glowing Tone Up Cream,K***m,3,"3hari pakai in kok Mlah keluar jerawat banyak kali y kk😭😭😭ap GC co2k y mn beli 2pcs,lebih bnyak asli,a"
Heyxi Retinol Glowing Tone Up Cream,S***m,3,isi yg satu nya utuh . tapi yg satu nya cuma setengah doang
Heyxi Retinol Glowing Tone Up Cream,J***t,3,"bikin wajah berminyak dn g ada tone up nya, semoga ttep ada hasilnya"
Heyxi Retinol Glowing Tone Up Cream,C***e,3,Udah sampai barangnya Bagus JD satset kalo mau berangkat
Heyxi Retinol Glowing Tone Up Cream,O***q,3,"aku blm tau ini produknya akan bagus atau ngga, semoga cocokk ya maaf bintang 3 dulu nanti kalo uda ada perubahan aku bakal balik lagi buat ranting…"
Heyxi Retinol Glowing Tone Up Cream,W***q,3,"Gak cocok di aku , kulit tambah kering, kusam , bahkan tambah gradakan , dipake lgsg oksidasi"
Heyxi Retinol Glowing Tone Up Cream,Z***w,3,ini kenapa ya kok beda sama punya tmn aku yang kiri punya tmn yang kanan punya ku trs gk ad tertulis 30 gr punya aku trs tekstur nya juga beda punya aku banyakan putih nya susah di blend pdahal aku beli d toko yang sma tmn aku tpi kok beda sm punya tmn ku
Heyxi Retinol Glowing Tone Up Cream,X***v,3,mf baru kasih ulasan kok kemasannya Kemasannya kecil pertama order gimna sie bikin kecewa
Heyxi Retinol Glowing Tone Up Cream,S***k,3,Alhamdulillah pket sdah smpay TPI sayang tutup nyah gak ada gris nyah
Heyxi Retinol Glowing Tone Up Cream,M***g,3,"Barang udh smpai, bismilah smga ccok di muka☺ Jenis kulit: Kusam"
Heyxi Retinol Glowing Tone Up Cream,L***p,3,Yg baru ko lbh encer isinya jg gk penuh. Yg dulu kental isinya penuh
Heyxi Retinol Glowing Tone Up Cream,R***e,3,"Klo bs ngirim paketnya pake Babel ka, jd gk pecah saat pengiriman. Pengiriman cepat Abang kurirnya jg baik"
Heyxi Retinol Glowing Tone Up Cream,E***t,3,"Sya belum bisa berkomentar bnyk krna barangnya baru smpai,,nnti jika ada perubahan diwajah sya, sya akn kembli lagi order🙏"
Heyxi Retinol Glowing Tone Up Cream,C***f,3,Katanya yg asli tutupnya kasar ini kok halus..... Padahal yg beli kemarin tutupnya kasar bergerigi ... Ini palsu apa nggak
Heyxi Retinol Glowing Tone Up Cream,N***c,3,"Semoga cocok ya di wajahku, pengiriman ok kurir ok"
Heyxi Retinol Glowing Tone Up Cream,L***e,3,"Barangnya sudah d terima, tapi wanginya ga suka. Aku mau retur ya 🙏"
Heyxi Retinol Glowing Tone Up Cream,W***s,3,Bahan: Oke Manfaat produk: Belum tau baru coba Jenis kulit: Semua jenis kulit
Heyxi Retinol Glowing Tone Up Cream,A***w,3,"Maaf min, barangnya sudah sampai tapi koq pas dibuka, wadahnya dalam keadaan pecah ya. Thank u🙏"
Heyxi Retinol Glowing Tone Up Cream,Q***r,3,"Manfaat produk: Blm di Boca mudahan"" cocok di muka ku"
Heyxi Retinol Glowing Tone Up Cream,R***s,3,"Barang sudah saya terima,tapi sayang kaca wadah nya pecah remuk😢"
Heyxi Retinol Glowing Tone Up Cream,Z***r,3,Pengiriman terbaik Saya coba dulu gimana cara kerja produk nya
Heyxi Retinol Glowing Tone Up Cream,A***l,3,"Barang udah sampe ,tapi jujur maaf ini kek ngejamur kemasan dusnya 😭😭. Tapi semoga dalemnya mah aman"
Heyxi Retinol Glowing Tone Up Cream,M***r,3,Manfaat produk: blm ada perubahan Jenis kulit: semua Bahan: jel
Heyxi Retinol Glowing Tone Up Cream,V***x,3,Bahan: Sesuai Manfaat produk: Semoga berhasil Jenis kulit: __
Heyxi Retinol Glowing Tone Up Cream,P***r,3,"Tx brng ud dtima,n blm tw hsilx n smga cocok...🥰👍👍(Mohon maaf sy ksih ⭐⭐⭐ dlu ,Krn blm tw hasil pemakaianx) N ntik klo cocok sy akn berlangganan dtko ini N sy ksih ⭐ 5 🥰👍👍"
Heyxi Retinol Glowing Tone Up Cream,V***v,3,aku udah pake lebih dari seminggu kulit jdi kering dan muncul bintik2 ke cacar padahal sebelum pke heyki aku gx pernah ada msalah kulit
Heyxi Retinol Glowing Tone Up Cream,V***x,3,Paket mendarat dengan selamat sesuai ectiminasi semoga cocok deh
Heyxi Retinol Glowing Tone Up Cream,M***r,3,"Semoga krim nya ccok,makasih Abang kurirnya ramah udah langganan lagih"
Heyxi Retinol Glowing Tone Up Cream,B***o,3,Lagi proses pemakean blm ad perubahan semoga cocok
Heyxi Retinol Glowing Tone Up Cream,C***m,3,paketku sudah sampai cepat dan rapi aku sudah pesan 4 🙏🏻
Heyxi Retinol Glowing Tone Up Cream,Z***w,3,Aku kan baru pertama nyobain belum ada hasil.. Tpi enak Di muka jadi kenyal
Heyxi Retinol Glowing Tone Up Cream,T***d,3,"Bahan: Oke Manfaat produk: Katanya mencerahkan, cmn belum dicoba. Nnti ajah aklu kasih reting bagus kalo hasilnya memuaskan, soalnya pengirimannya lambat nyampe ke aku satu bulan"
Heyxi Retinol Glowing Tone Up Cream,D***l,3,Mungkin agak butuh wktu lama aku ni udah mau hbis blm klihtan baru coba si .. tp aku suka baunya 🤏
Heyxi Retinol Glowing Tone Up Cream,X***g,3,"Paket sudah sampai tapi agak beda, bedanya tulisan Korea dan ada tulisan BPOM pake lem kertas, semoga aman ya kak 🙏"
Heyxi Retinol Glowing Tone Up Cream,N***j,3,Sudah di coba dan lama.jg untuk mengaplikasikan nya... Setelah di pake muka mudah berkeringat. Dan klo berkeringat bedaknya belepotan. Entah ini asli atw bukan.
Heyxi Retinol Glowing Tone Up Cream,X***y,3,Barang dh sampai dan produk ny sesuai sma yng di gambar dh coba memang nampak putik
Heyxi Retinol Glowing Tone Up Cream,A***w,3,Bahan: Cream agak cair Manfaat produk: Blm kelihatan hasilnya Jenis kulit: Normal
Heyxi Retinol Glowing Tone Up Cream,B***h,3,"Knp kok beda ya kemasanya,yg saya beli pertama bungkusnya kuning ke emasan,tapi ini kok agak orange,GK ada bau yg saya pesen di pertama baunya wangi,semoga aj sama hasilnya sama yg saya pesen yg pertama"
Heyxi Retinol Glowing Tone Up Cream,L***v,3,"Bahan lembab di kulit, tdk berminyak tp isinya bnyak kelongnya ya 😏"
Heyxi Retinol Glowing Tone Up Cream,D***p,3,"Alhamdulillah, barangnya sudah sampai dan kemasannya sangat rapih, aq kasi bibtang 3 karna baru pertama coba, semoga serasi y d kulit wajah qu...."
Heyxi Retinol Glowing Tone Up Cream,S***j,3,Bahan: Retinol Manfaat produk: Mencerahkan kan Jenis kulit: Blm tau co2k apa tidak karna bru coba utk kulit kuning langsat
Heyxi Retinol Glowing Tone Up Cream,A***x,3,"prtma x beli dlu dtoko lain ,tp yg ini kok beda. yg ini agak cair gtu trus ngk putih dan tulisan di kemasan nya jga beda bngtt. yg atas yg beli prtma,yg bwah beli dsni, bru dcba yg ini smga gpp di muka🙏"
Heyxi Retinol Glowing Tone Up Cream,V***t,3,Sya CO 2 paket dan sya sengaja lambat kasih elusan mau tau hasil nya duluh.. Udah pake 1 minggu muka ku ga ada perubahan dan kemasannya beda-beda sama yg lain semoga bukan barang palsu nanti aku CO lgi jika ada hasilnya
Heyxi Retinol Glowing Tone Up Cream,H***r,3,"Pas nerima paketnya peacking rapi cuma pas dibuka sebelnya dus produknya kyak basah trus berjamur, produknya kyak tumpah gk penuh, ada air2nya yg bleber.. Apa memang seperti itu produknya gk penuh atau gmn soalnya ku juga baru pernah beli.."
Heyxi Retinol Glowing Tone Up Cream,C***j,3,"Barang aman nyampai dengan slamet semoga cocok buat kulit ku d pake nya glowing doang ,ga seperti yng d vidio yng kk pakai,ini aga encer gitu"
Heyxi Retinol Glowing Tone Up Cream,C***m,3,Katanya cepat mencerahkan wajah tapi kok di aku gk ad reaksi ny sengaja baru bikin ulasan sekarang aku udh lama beli ny mau liat reaksi di wajah aku dlu
Heyxi Retinol Glowing Tone Up Cream,V***l,3,Bahan: Bagus wangi Manfaat produk: Menghaluskan Jenis kulit: Semua kulit Tapi sayang beli 2 pcs yg datang 1 mana udah dibobol pketnya
Heyxi Retinol Glowing Tone Up Cream,C***x,3,"Baru beberapa hari pakenya jd blm berasa efeknya,, mudah2an cocok biar ga pusing klo nyari skincare,, nanti klo cocok tambah lg bintangnya🥰"
Heyxi Retinol Glowing Tone Up Cream,A***f,3,Bagus Ingga bikin muka terkelupas Nyaman di pakai
Heyxi Retinol Glowing Tone Up Cream,O***g,3,Paket dah sampe tp lom dicoba ya
Heyxi Retinol Glowing Tone Up Cream,A***y,3,"Manfaat produk: Menutrisi kulit secara mendalam, memberikan hidrasi, melembabkan, Mengurangi garis” halus,menghaluskan tekstur kulit, katanya yah😁 Tak coba ,,bener balik lagi tak beli lgi…"
Heyxi Retinol Glowing Tone Up Cream,E***y,3,"udah habis 1pot tapi belum ada perubahan , ini mau yang ke 2 mudah2n ada hasilnya"
Heyxi Retinol Glowing Tone Up Cream,J***g,3,Paket sudah sampai tapi sayang engemasan kurang rapih dan saat live katanya ada promo hemat dapat 2 pcs tapi yang datang cuma 1 pcs tolong lebih diperhatikan lagi ya untuk tokonya atau dari pihak kurirnya 🙏 Terimakasih
Heyxi Retinol Glowing Tone Up Cream,N***k,3,paket sudah datang smoga cocok dikulit saya & smoga ada perubahan biar bisa pesan lagi
Heyxi Retinol Glowing Tone Up Cream,L***x,3,Katanya yg asli ada garis emasnya 2 ditutup nya tapi ini gak ada.. Mau nyoba dulu semoga gapapa
Heyxi Retinol Glowing Tone Up Cream,B***y,3,"awal beli sepertinya bagus, JD langsung pesan lagi, kawatir cocok pas barang g ada, ee ternyata g cocok mungkin yaa, sbb sy sdh monopose dan usia sdh mau 56, masak pakai ini malah bnyak jerawat yg muncul iya"
Heyxi Retinol Glowing Tone Up Cream,D***l,3,"Baru Sampek ,baru mau nyoba semoga ada perubahan dan bisa mengurangi flek ku .... Tp kata orang"" klu GX ada setrep 2 di bagian tutup itu ilegal nya /(GX asli ) gimna nih yang benar??"
Heyxi Retinol Glowing Tone Up Cream,E***s,3,Barang sudah tiba packingx bagus dan smoga cocok dengan produk ini
Heyxi Retinol Glowing Tone Up Cream,Y***k,3,"Barang nya sudah sampe,,aku udah coba tapi di kulit kusamku malah dempul ke biru ke putihan gitu jelek bnget dilihatnya jadi makin g PD klo pake itu🤔"
Heyxi Retinol Glowing Tone Up Cream,G***q,3,"Barang@ baru sampai.Baru pertama x mencoba, mudah2nan cocok di wajah ku. Nnt klu sudah da perubahan baru kasi bintang 5 🫰🫰👍💪"
Heyxi Retinol Glowing Tone Up Cream,I***z,3,"Kasih bintang 3 dulu dehh karena pengirimannya sat set , baru mau nyoba semoga cocok ,insyaallh kalo cocok bakalan co LG"
Heyxi Retinol Glowing Tone Up Cream,O***a,3,"Mohon maaf saya kasih bintang 3 saja berhubung di saya gak cocok,2 x pakai wajah terasa panas, kemerahan dan gatal2,saya penasaran saja lihat ulasan katanya yang wajah sensitif cocok juga pakai ini, tapi saya gak cocok akhirnya saya kasihkan ke kaka ku mudah2an cocok d Kaka, sayang udah beli 2 pcs."
Heyxi Retinol Glowing Tone Up Cream,F***q,3,Barangnya sesuai live Tpi sayang nya gak cocok sm saya Gak ada perubahan sma sekali
Heyxi Retinol Glowing Tone Up Cream,Q***o,3,Kalo lihat iklan nya bland banget tp pas coba B aja cuma nilai plusnya wangi aja
Heyxi Retinol Glowing Tone Up Cream,S***n,3,"Ma'af baru kasih ulasan... paket krimnya kok agak beda yaa...!!! Tempat ama tutupnya pun sama tp..isinya sama baunya beda...wanginya wangi yg pertama beli,,yg ke dua baunya beda...di pakeknya juga texturnya beda...Agak mragukan dikit sih"
Heyxi Retinol Glowing Tone Up Cream,K***h,3,Pas pertama make emg bagus bgt bikin muka agak cerah tp gatau ya kekny lama make muka mlh ky agak kusem tp mau coba sampe abis dulu
Heyxi Retinol Glowing Tone Up Cream,O***j,3,Bahan: Bagus tidak lengket dikulit Manfaat produk: Untuk merawat wajah Jenis kulit: Sawo matang Semoga cocok di kulit au
Heyxi Retinol Glowing Tone Up Cream,L***i,3,"Dari pas awal juga udah nanya ini hanya tone up jadi bukan bua T memutihkan dll seperti iklan iklan yg lain ya , jangan ekspektasi JD putih cerah asli ini hanya mendempul sementara bukan jadi memutihkan menyehatkan kulit kita"
Heyxi Retinol Glowing Tone Up Cream,M***x,3,Udah di coba seminggu bagus sih tp bikin jerawat di aku jd stop dl
Heyxi Retinol Glowing Tone Up Cream,W***g,3,"aku tau krim ini karna liat temenku pake dan pas aku coba bagus, gampang di blend dan tekstur nya ga terlalu cair tapi ini kok cair banget ya dan after dipake lama jadi berminyak banget dan berat gitu"
Heyxi Retinol Glowing Tone Up Cream,O***n,3,Manfaat produk: memutihkan Jenis kulit: normal lumayan tone up nya bagus semoga cocok di aku
Heyxi Retinol Glowing Tone Up Cream,K***u,3,mksih barang udah sampe mf batu kasih ulasan mau di coba dulu y Alhamdulillah sih muka ngga kusam LG tapi ko jerawat nya pada kluar ya dan ku kira dapet 1 trnyata dapet 2 maksih ya tapi mau lanjut pake apa ngga nih sakit jrawat pada kluar
Heyxi Retinol Glowing Tone Up Cream,M***k,3,Tone up nya cuma sesaat Kalo di layer dgn essence & serum jadi brudulan pas di apply di wajah Ya..kualitas sesuai harga
Heyxi Retinol Glowing Tone Up Cream,R***w,3,"Barangx bagus,dingin saat dipakei. TPI sudah mau hbis 1 blm ada perubahan."
Heyxi Retinol Glowing Tone Up Cream,J***u,3,Manfaat produk: Untuk melembabkan kulit muka Walau ga pake bedak cukup dengan ini.
Heyxi Retinol Glowing Tone Up Cream,L***s,3,Manfaat produk: Semoga memuaskan Bahan: Bagus Jenis kulit: Berminyak
Heyxi Retinol Glowing Tone Up Cream,R***t,3,Bahan: Lembut Manfaat produk: Mencerahkan Jenis kulit: Berminyak
Heyxi Retinol Glowing Tone Up Cream,T***y,3,"baru pertma kali pemakaian mudh2an ada cocok .karena blm ada hsilnya aku kasih bintang biasa dulu ya kk.nanti aku riview lg klo bneran hasilnya baik. mudh2an cocok ama muka aku yg jerawatan,komedo dan kusam jg 🙂"
Heyxi Retinol Glowing Tone Up Cream,X***t,3,barang dah sampai. pas di coba wak waw di muka jadi abu2 mungkin karna kulit sayanya yg kusam kali
Heyxi Retinol Glowing Tone Up Cream,S***i,3,Alhamdulillah barang ush sampai. Tapi tutup ny ngk ada garis tengah ny ya.. Apa bukan yg asli. Karna baru cobk. Mudahan aj cocok di wajah ku
Heyxi Retinol Glowing Tone Up Cream,A***s,3,Ga berani pake takut ada serbuk beling nya ga sih
Heyxi Retinol Glowing Tone Up Cream,W***e,3,"Alhamdulillah paketnya dah nyampe, moga aja cocok"
Heyxi Retinol Glowing Tone Up Cream,O***d,3,Alhamdulillah paket nya sudah sampai semoga cocok
Heyxi Retinol Glowing Tone Up Cream,C***y,3,Barang blom di coba semoga asli
Heyxi Retinol Glowing Tone Up Cream,O***v,3,Barang sudah sampai semoga aja cocok di kulit aku
Heyxi Retinol Glowing Tone Up Cream,Q***y,3,"Brng udh smpe, mudah2an co2k di muka aku yah 🤔"
Heyxi Retinol Glowing Tone Up Cream,A***y,3,Harga murah kualitas okee bikin kulit lebih cerah
Heyxi Retinol Glowing Tone Up Cream,U***u,3,Bahan: Lembut dan tidak lengket
Heyxi Retinol Glowing Tone Up Cream,M***x,3,"Baru mau nyoba jadi belum bisa kasih pendapat,.."
Heyxi Retinol Glowing Tone Up Cream,P***h,3,Baru pertama coba semoga cocok
Heyxi Retinol Glowing Tone Up Cream,J***t,3,Barang sudah saya terima kak.. semoga cocok 🤗
Heyxi Retinol Glowing Tone Up Cream,E***k,3,Kok beda ya yg pertama Ama uang td nyampek beda
Heyxi Retinol Glowing Tone Up Cream,C***d,3,Ku kasih bintang 3dulu klo bagus ku tambah lagi
Heyxi Retinol Glowing Tone Up Cream,O***l,3,Pengirimannya cepat tapi sayang barangnya pecah
Heyxi Retinol Glowing Tone Up Cream,G***v,3,Maksi KK paketnya sdh sampai kurirnya juga baik
Heyxi Retinol Glowing Tone Up Cream,W***d,3,sesuai tp barang g tau ori nya yg mana nih ya..
Heyxi Retinol Glowing Tone Up Cream,L***s,3,Smga Coco di kulit aku agar bisa langganan trs.
Heyxi Retinol Glowing Tone Up Cream,M***c,3,Maaf baru kasi ulasan.. paket nya sudah sampai.
Heyxi Retinol Glowing Tone Up Cream,U***r,3,Coba dulu yaaa... Klo cocok CO lagi... 🙏🙏
Heyxi Retinol Glowing Tone Up Cream,P***k,3,Baru pake moga cocok KLO cocok lanjut beli lagi
Heyxi Retinol Glowing Tone Up Cream,N***i,3,Gdjgdgsjgdgjdjgdutsutsutsutsutsutshrshrsursurs
Heyxi Retinol Glowing Tone Up Cream,I***c,3,Kok beda sama yg digampar .ngk sama tulisannya
Heyxi Retinol Glowing Tone Up Cream,Y***v,3,Peckingan nya kurang rapi .beli 2 pecah 1 😭
Heyxi Retinol Glowing Tone Up Cream,P***j,3,Bahan: Aman dikulit Manfaat produk: Memutihkan
Heyxi Retinol Glowing Tone Up Cream,R***y,3,"Barang sdh dateng sesuai pesanan, semoga cocok"
Heyxi Retinol Glowing Tone Up Cream,C***x,3,"Baru mau coba semoga cocok,next bisa pesan lgi"
Heyxi Retinol Glowing Tone Up Cream,Y***u,3,Cara pkainya g kak d pke malm atau siang ini?
Heyxi Retinol Glowing Tone Up Cream,O***g,3,Seharusnya barng ada 4 kok cumn 3 yg sampai??
Heyxi Retinol Glowing Tone Up Cream,P***r,3,Baru pertama kali siapatau cocok yaah sis🤏
Heyxi Retinol Glowing Tone Up Cream,H***o,3,Cair harum blm di pake sih tapi semogah cocok
Heyxi Retinol Glowing Tone Up Cream,C***u,3,Paket ku sudah smpai Smg aja cocok diwajahku.
Heyxi Retinol Glowing Tone Up Cream,R***o,3,paket udh datang. pengirimanya cepat sekali..
Heyxi Retinol Glowing Tone Up Cream,X***r,3,Dh smpe paket'a .tp lom d cba smg z cocok
Heyxi Retinol Glowing Tone Up Cream,V***r,3,"lagi mau nyoba ya,muga ja hasilnya bagus.🤲"
Heyxi Retinol Glowing Tone Up Cream,W***p,3,Sesuai udah oredaran ke 3 kali next order lg
Heyxi Retinol Glowing Tone Up Cream,L***j,3,Barang nya sesuai di foto pokoknya bagus 👍
Heyxi Retinol Glowing Tone Up Cream,G***k,3,"Pegiriman cepat, semoga cocok dng wajah saya"
Heyxi Retinol Glowing Tone Up Cream,H***y,3,"Semoga cocok, aku bli 2 dateng yah 4🤭😍"
Heyxi Retinol Glowing Tone Up Cream,F***r,3,"Baru mau coba,semoga cocok"
Heyxi Retinol Glowing Tone Up Cream,S***p,3,Barang sudai sampe tapi dalam keadaan pecah
Heyxi Retinol Glowing Tone Up Cream,O***h,3,Bahan: oke Manfaat produk: moga membntu ya
Heyxi Retinol Glowing Tone Up Cream,J***o,3,"Kulit jadi cerah , produk bagus thanks 🙏"
Heyxi Retinol Glowing Tone Up Cream,F***s,3,Semoga cocok dn bisa langganan produk ini
Heyxi Retinol Glowing Tone Up Cream,G***p,3,Pesanan nyampe ini sy pesen yg k dua kali
Heyxi Retinol Glowing Tone Up Cream,Q***q,3,Pengiriman cepat barang sampai dengan aman
Heyxi Retinol Glowing Tone Up Cream,P***k,3,Dah dateng ...blm pernah nyoba moga cocok
Heyxi Retinol Glowing Tone Up Cream,L***a,3,Gk ada perobahan yng ada muncul jerawat
Heyxi Retinol Glowing Tone Up Cream,J***n,3,Dinikalan nya dapat 2 eh yg datang 1 pic
Heyxi Retinol Glowing Tone Up Cream,D***q,3,"dimuka aku biasa aja,gk sprt d ikln😇"
Heyxi Retinol Glowing Tone Up Cream,B***q,3,Paket ye sdh smpi Semoga cocok di pakai
Heyxi Retinol Glowing Tone Up Cream,L***f,3,Kenapa di kulit ku abu abu y agak kan...
Heyxi Retinol Glowing Tone Up Cream,G***p,3,Bagus murah blm di coba semoga cocok ya
Heyxi Retinol Glowing Tone Up Cream,R***j,3,Barang sudah sampai tapi belum di coba
Heyxi Retinol Glowing Tone Up Cream,L***d,3,"dus nya kotor bgt, kaya pake dus bekas"
Heyxi Retinol Glowing Tone Up Cream,I***b,3,Sesuai Pesanan .... hasilnya tunggu ya
Heyxi Retinol Glowing Tone Up Cream,J***n,3,Flek hitam di wajah
Heyxi Retinol Glowing Tone Up Cream,T***u,3,"GX perlu pke bedak ,pke ini aj Uda bgs"
Heyxi Retinol Glowing Tone Up Cream,Y***d,3,Aku baru pertama beli semoga ajh cocok
Heyxi Retinol Glowing Tone Up Cream,P***n,3,Sudah sampe dn SDH di coba bgs sy suka
Heyxi Retinol Glowing Tone Up Cream,E***y,3,Pesan2 pcs kirim 1 pcs ..teliti dong
Heyxi Retinol Glowing Tone Up Cream,M***j,3,Paket sudah terima
Heyxi Retinol Glowing Tone Up Cream,K***n,3,Alhamdulilah udh sampai semoga cocok
Heyxi Retinol Glowing Tone Up Cream,U***v,3,barangnya sdah sampai...trima kasih
Heyxi Retinol Glowing Tone Up Cream,P***j,3,Belom tau hasilnya karna blom nyoba
Heyxi Retinol Glowing Tone Up Cream,Q***z,3,Terimah kasih kk barangnya SD sampai
Heyxi Retinol Glowing Tone Up Cream,N***r,3,Alhamdulillajlh sdh smpi smga cocok
Heyxi Retinol Glowing Tone Up Cream,W***w,3,Belum d cb semoga cocok dan glowing
Heyxi Retinol Glowing Tone Up Cream,Z***t,3,"Blm d coba,klu cocok nexs order lg"
Heyxi Retinol Glowing Tone Up Cream,G***p,3,Bintang tiga dulu soal nya baru coba
Heyxi Retinol Glowing Tone Up Cream,X***e,3,Blom ad perubhn krn blom hbis 1pot
Heyxi Retinol Glowing Tone Up Cream,S***a,3,Semoga cocok² aja biar ga ganti²
Heyxi Retinol Glowing Tone Up Cream,K***k,3,Barang sudah sampai belum di coba
Heyxi Retinol Glowing Tone Up Cream,P***y,3,Trimakasih kak barang sudah ready
Heyxi Retinol Glowing Tone Up Cream,A***j,3,Kn pesen nya 2 knpa dtangna jdi 4
Heyxi Retinol Glowing Tone Up Cream,K***n,3,Paketnya sudah sampai smoga cocok
Heyxi Retinol Glowing Tone Up Cream,N***w,3,bro cb KLO ad hasilnya mau co lg
Heyxi Retinol Glowing Tone Up Cream,U***c,3,Paket nya dah Dateng mudahan Cocok
Heyxi Retinol Glowing Tone Up Cream,T***n,3,Bagus bngtt dah pas Dateng selusai
Heyxi Retinol Glowing Tone Up Cream,D***o,3,Tekstur nya memang cair kah ..?
Heyxi Retinol Glowing Tone Up Cream,W***f,3,Masih percobaan belum ada hasil
Heyxi Retinol Glowing Tone Up Cream,Y***j,3,Kerdus nya berjamur gimana nih
Heyxi Retinol Glowing Tone Up Cream,W***m,3,Sangat bagus untuk harga segitu
Heyxi Retinol Glowing Tone Up Cream,X***g,3,Pengiramnya cepat ghihhcffyyvvv
Heyxi Retinol Glowing Tone Up Cream,H***g,3,Paket nya udh smpai smga cocok
Heyxi Retinol Glowing Tone Up Cream,O***s,3,"isinya setengah ,baru mau coba"
Heyxi Retinol Glowing Tone Up Cream,L***p,3,Pakai Uda sampai modahan cocok
Heyxi Retinol Glowing Tone Up Cream,J***k,3,Kemuka gatel gk putih biasa aja
Heyxi Retinol Glowing Tone Up Cream,R***g,3,Belum coba
Heyxi Retinol Glowing Tone Up Cream,N***x,3,produk nyaa sangat baguss👍
Heyxi Retinol Glowing Tone Up Cream,O***u,2,"Bahan: - Manfaat produk: Mencerahkan, menghilangkan flek hitam Tidak cocok ke kulit mama ku, kulit mama ku jdi merah"""
Heyxi Retinol Glowing Tone Up Cream,F***g,2,kok pesanan saya TDK sama dengan yang lain apa punya saya palsu
Heyxi Retinol Glowing Tone Up Cream,G***r,2,Masak warna berubah gitu sih apa udh ga bisa pake lagi atau gimna yah aku liat retingny kok ga sma ya tolong dong
Heyxi Retinol Glowing Tone Up Cream,C***m,2,"Bahan: Gak tau apa bahan nya Manfaat produk: Kata nya sih memutihkan waja Jenis kulit: Kata nya sih cocok untuk jenis kulit apa aja Tapi sayang Sagat mengecewakan produk nya... Tempat nya lebih kecil dari yang pernah sayak order isi nya juga sedikit gak sama yang sudah saya order dulu, toko online nya gak amanah... Saya Sagat kecewa"
Heyxi Retinol Glowing Tone Up Cream,W***x,2,"Koq meragukan yaa kak,,masak beli 2 beda look. Ini yg asli yg mana,,yg fake yg mana."
Heyxi Retinol Glowing Tone Up Cream,O***a,2,"Ini pemesanan yg ke2 x nya,tapi berbeda dari yg pertama, lihat kemasannya aja udh beda dan isi nya juga sangat berbeda,,jadi ragu barang nya takut nggx ORIginal 😭😭😭, gimna ini bantu penjelasannya"
Heyxi Retinol Glowing Tone Up Cream,R***u,2,"Bahan saya baca mengandung paraben dan paraffin dan bahan berbahaya lain nya pantas harganya sangat murah , itu bisa menyebabkan kerusakan pada kulit wajah , cancer dll , berbeda logo dan tulisan dengan toko sebelah, mohon jujur bila berjualan gunakan bahan yg aman"
Heyxi Retinol Glowing Tone Up Cream,U***z,2,Manfaat produk: Kurang cocok di muka aku gatal dan bintik2 Jenis kulit: Normal Barcode jga g tembus kecewa dah beli 2 lagi🤦🏻‍♀️
Heyxi Retinol Glowing Tone Up Cream,W***a,2,"Sy beli qo produknya g sesuai sm gambarnya y pas d buka butirannya kecil"" sdh tercampur rata ini beli yg k2 tp mmg beda toko klu yg sy beli pertama mmg sesuai bulirnya tdk tercampur trs masih ad ky jely""nya. Sy jd ragu trs isinya jg tdk padat sy g mau lg klu ad promo"""
Heyxi Retinol Glowing Tone Up Cream,H***m,2,"Barangnya bru nympe aku pesen 2 pcs,tp sayang packingnya gak aman yg satu kemasannya rusak smpe ancur"
Heyxi Retinol Glowing Tone Up Cream,I***i,2,semoga cocok di wajahku ☺ sedikit kecewa kenapaa pot yang satunya teksturnya kong halus bamget yah beda smaa pot satunya lagi 😒 wanginya pun beda
Heyxi Retinol Glowing Tone Up Cream,P***t,2,Barang nya udah sampai tapi asli ngak ya sebb merek Heyxi ini .Bpom nya tempelan bukan asli dari kotak nya langsung ..jadi meragukan . bingung pakai apa ngak.pusing crem yg lagi viral ini ngak tau mana asli apa ngak🤦
Heyxi Retinol Glowing Tone Up Cream,P***y,2,Alhamdulillah paket udah diterima barang sesuai dengan pesanan kemasan rapi tapi kok isinya cuma setengah ya? Gak penuh kecewa isinya dikit sekali gak mau pesan lgi klu diiklan isinya pull kok yg dikirim gak sampai setengah apa karna 2pcs.menecewakan sex.
Heyxi Retinol Glowing Tone Up Cream,F***r,2,Mf banget untuk orderan yg ke 3 ini. Sy agak ragu dengan produknya. Karn warna agak pink² pucat gtu. Trus isi nya sedikit. Takut bukan yg ori ini.
Heyxi Retinol Glowing Tone Up Cream,W***r,2,Pertama kali coba produk heyxi klu cocok di kulit sya yg kusam berflek hitam nti next sya order lagi .sya kasi 2 bintang dulu karna di gambar yg sya pesan beda tulisan sama brg yg datang
Heyxi Retinol Glowing Tone Up Cream,V***s,2,"Bahan: Cair Manfaat produk: Retinol Jenis kulit: Semua jenis kulit sebelumny aku liat di live kaka ny, katany pbedaan asli &palsu keliatan bgt dari tekstur &bahan ny, yg asli tekstr nya padat, partikel putihny kecil, tp aku dapetnya kok yg cair, isi stengah,trus partikel putihny gede. Trs kalo di pake tangan ku kok jdi merah bkas cream?"
Heyxi Retinol Glowing Tone Up Cream,I***j,2,"Baru pkai terasa berminyak malah tambah item ke wajah jadi y gk aku pakai takut kulit wajah gosong, yg 1 msh utuh blom ku buka"
Heyxi Retinol Glowing Tone Up Cream,L***n,2,"Peking ngannya kurang baguss, kemasan nya penyok penyik, bungkus nya berminyak kaya tumpah tumpah"
Heyxi Retinol Glowing Tone Up Cream,G***l,2,"Barangnya sih bagus. Tapi sayang isinya tak merata tengahnya kosong jadi tidak full. Baru pertama kali beli, tapi sudah di kecewakan dengan isi produk."
Heyxi Retinol Glowing Tone Up Cream,C***s,2,Bahan: Wangi Manfaat produk: Semoga cocok memutihkan Jenis kulit: Sawo matang Semoga cocok dimuka ku
Heyxi Retinol Glowing Tone Up Cream,R***m,2,"produknya tidak memuaskan, wadahnya pecah,"
Heyxi Retinol Glowing Tone Up Cream,T***d,2,TDK SMA yg saya beli yg pertama apa ini TDK ori kok beda
Heyxi Retinol Glowing Tone Up Cream,A***m,2,Udah nyampek tapi sayang yg satu pecah.....isinya aku pindah ..mau aku pakek ..tapi ada pecahan kaca kecil kecil ..JD nggak JD aku pakek .aku buang Ajja dari pada wajahku bukannya tambah cantik malah nanti tambah jelek kena krikil krikil tajam......jadi aku cuma beli satu kemahalan jadinya...kasia
Heyxi Retinol Glowing Tone Up Cream,F***d,2,"𝘒𝘰 𝘦𝘯𝘤𝘦𝘳 𝘺𝘢𝘢 𝘨𝘢 𝘬𝘺 𝘥𝘪'𝘪𝘬𝘭𝘢𝘯'𝘪𝘯,,, 𝘥𝘢𝘩 𝘨𝘪𝘵𝘶 𝘵𝘶𝘵𝘶𝘱𝘯𝘺𝘢 𝘨𝘢 𝘣𝘦𝘳𝘨𝘢𝘳𝘪𝘴 2,𝘵𝘶𝘵𝘶𝘱𝘢𝘯𝘯𝘺𝘢 𝘱𝘰𝘭𝘰𝘴,,,, 𝘬𝘭𝘸 𝘫𝘶𝘢𝘭 𝘱𝘳𝘰𝘥𝘶𝘬 𝘺𝘨 𝘣𝘯𝘦𝘳 𝘬𝘢, 𝘫𝘨𝘯 𝘣𝘪𝘬𝘪𝘯 𝘱𝘦𝘭𝘢𝘯𝘨𝘨𝘢𝘯 𝘬𝘢𝘱𝘰𝘬."
Heyxi Retinol Glowing Tone Up Cream,J***u,2,Ko tulisan nya beda ya punya ku Manfaat produk: Mencerahkan
Heyxi Retinol Glowing Tone Up Cream,Z***c,2,"Belum di coba ,semoga hasilnya bagus ya, Pernah lihat di iklansih, katanya yg asli ada garis 2, di tutupnya ,tpi ini yg datang nggk ada,aliyas polos ,jadi ragu,ini asli atau palsu"
Heyxi Retinol Glowing Tone Up Cream,B***y,2,Maaf yah aku kasih bintang 2 karena Dipake bukanya glow malah kusem mukaku🥴🥴🥴
Heyxi Retinol Glowing Tone Up Cream,K***z,2,hexsinya gak sesuai beda bnget sama yang di gambar ya ini palsu kyaknya knpa gak sama kyak punya aku ini
Heyxi Retinol Glowing Tone Up Cream,P***a,2,"Tidak cocok digunakan, katanya Manfaat produk: Mencerahkan wajah kusam, tapi sayangnya di aku semangkin gosong dan kalau di pakai jadi abu abu"
Heyxi Retinol Glowing Tone Up Cream,J***b,2,Maaf kenapa barang sampai sudah hancur pecah. Bisa di bantu bagaimana ini kak Bahan: Barang sampai hancur pecah
Heyxi Retinol Glowing Tone Up Cream,M***a,2,"Ka aku beli kok harganya jadi 70 ribu,, kan di situ harga 57000 an kata kurir nya 70 ribu. Ehh langsung pergi .."
Heyxi Retinol Glowing Tone Up Cream,X***j,2,Packing nya kurang bagus kaget saya buka paket liat isi nya sdh pecah🙏🙏🙏
Heyxi Retinol Glowing Tone Up Cream,W***c,2,"Packingan buruk datang barang pecah, beli 2 malah yg bagus 1, baru buka dus nya udah amburadul terkaget2 saya, untung saya unboxing di atas kasur, kl di lantai mungkin bisa jatoh ke kaki"
Heyxi Retinol Glowing Tone Up Cream,C***s,2,"Mengkhawatirkan kulit muka saya biasanya normal,setelah pemakaian 4hari muncul jerawat halus* dan kulit menjadi merah2, dan sedikit gatal2 di wajah, sudah co 2lagi"
Heyxi Retinol Glowing Tone Up Cream,X***e,2,Kurang beruntung mlh dapet yg KW. isi nya pun sedikit bangget parah sih
Heyxi Retinol Glowing Tone Up Cream,S***r,2,"Kenapa beda sama yang lain,, yang lain tulisan cinanya gede, lha ini kecil, ada tulisan HEYXI RETINOL CREAM, jga beda,, di samping katanya di tutupnya ada garis dua itu yang asli, ini gak ada garisnya, di pakek jga ngedempul,, jadi takut mau pakek"
Heyxi Retinol Glowing Tone Up Cream,C***t,2,"Barangnya udah kecampur, pembelian di awal ada putih putihnya sekarang kayak gitu gara-gara kecampur"
Heyxi Retinol Glowing Tone Up Cream,Y***t,2,"Barang tidak sesuai. Pertama order bagus,yg kedua malah kayak gini,bau nya g wangi jg Kecewa"
Heyxi Retinol Glowing Tone Up Cream,B***e,2,"Ini ori gk sih?? Koq beda sma yg sy beli yg pertama tpi di toko lain Tulisannya beda isinya jg beda, yg lma lbih padat dn wangi, yg baru dibeli ini agk sdikit cair dn wrna pudar,"
Heyxi Retinol Glowing Tone Up Cream,F***g,2,Terima kasih paketnya udah saya terima terus kalau dipakai itu lembut ke muka menyatu sama kulitku Manfaat produk: Produknya ampuh banget sama kulit beneran ini enak kalau dipakai Jenis kulit: Kulit aku sering kena sinar matahari terus berjerawatan😔😔😔
Heyxi Retinol Glowing Tone Up Cream,W***g,2,Retinolx SDH tiba tapi sy retinolx pecah dua-duanya
Heyxi Retinol Glowing Tone Up Cream,D***z,2,Varian: 2 Pcs
Heyxi Retinol Glowing Tone Up Cream,I***m,2,Varian: 2 Pcs
Heyxi Retinol Glowing Tone Up Cream,F***q,2,Varian: 2 Pcs
Heyxi Retinol Glowing Tone Up Cream,F***k,2,Varian: 2 Pcs
Heyxi Retinol Glowing Tone Up Cream,F***q,2,Varian: 2 Pcs
Heyxi Retinol Glowing Tone Up Cream,G***a,2,"Maaf ka saya jdi bnyk beruntusan nya make 2 kali gk saya pake lagi,maaf bintang nya saya kurangin d kira saya bagus🥹"
Heyxi Retinol Glowing Tone Up Cream,I***e,2,Varian: 2 Pcs
Heyxi Retinol Glowing Tone Up Cream,J***e,2,Varian: 2 Pcs
Heyxi Retinol Glowing Tone Up Cream,L***x,2,Ini barangnya palsu kok ini beda dari biasa yg sya pesan ini GC Mirah Oren dan ber air seperti GC nyatu di kulit
Heyxi Retinol Glowing Tone Up Cream,Z***v,2,Varian: 2 Pcs
Heyxi Retinol Glowing Tone Up Cream,S***y,2,Barang tdk ori
Heyxi Retinol Glowing Tone Up Cream,P***a,2,Varian: 2 Pcs
Heyxi Retinol Glowing Tone Up Cream,P***n,2,Saya menerima barang rusak
Heyxi Retinol Glowing Tone Up Cream,K****,2,Varian: 1 Pcs
Heyxi Retinol Glowing Tone Up Cream,R***i,2,Varian: 2 Pcs
Heyxi Retinol Glowing Tone Up Cream,m***a,2,Varian: 2 Pcs
Heyxi Retinol Glowing Tone Up Cream,D***a,2,Varian: 2 Pcs
Heyxi Retinol Glowing Tone Up Cream,F***x,2,Varian: 2 Pcs
Heyxi Retinol Glowing Tone Up Cream,Z***i,2,Varian: 2 Pcs
Heyxi Retinol Glowing Tone Up Cream,F***f,2,Varian: 2 Pcs
Heyxi Retinol Glowing Tone Up Cream,B***c,2,Aku udh pke baru 3 x merah ah panas jadi ga berani pke lagi
Heyxi Retinol Glowing Tone Up Cream,I***s,2,"Ini hampir sama dengan yg ORI , tapi ini produk gak nendang produk kW yg asli itu tutup botol ada garis"" trs nglupas kulit mati, ini"
Heyxi Retinol Glowing Tone Up Cream,D***a,2,"ternyata setelah 3 hari malah banyak bgt muncul jerawat nya, pdhl udh ngikutin step pemakaian yang dikasih tau"
Heyxi Retinol Glowing Tone Up Cream,V***v,2,Trimaksih pket dh nyampe dngan slamat.
Heyxi Retinol Glowing Tone Up Cream,Y***y,2,"Barang nya bagus sih,,lama datang nya"
Heyxi Retinol Glowing Tone Up Cream,Z***m,2,"Kulitku gatel,,bentol,,sengaja lama kasih ulasan biar tau reaksinya ternyata gatel kulitku bentol,,sebenernya enak sih TPI sayang g cocok di mukaku alhasil kebuang 😭"
Heyxi Retinol Glowing Tone Up Cream,I***o,2,Bagus aman good product bsbaabnanaabhawhwbsgsuajanwbwgsuaiakama wbwgsfstsusuajqbwbvesgysxgebe e Dhsuaiakqnwbsgsysuauw abanwjwjw
Heyxi Retinol Glowing Tone Up Cream,G***q,2,Kecewa ah pecah jadi bersatu pecahan beling sama crim nya
Heyxi Retinol Glowing Tone Up Cream,H***l,2,Pesannya yg dragon bload cream yg datang malah retinol cream😔
Heyxi Retinol Glowing Tone Up Cream,G***u,2,Kata nya beli 1 dapet 2 Tp ko datang nya 1 Bohong berarti
Heyxi Retinol Glowing Tone Up Cream,C***m,2,"Baru nyoba Lain kali klo udah retakkk jgn di, kirimm"
Heyxi Retinol Glowing Tone Up Cream,P***z,2,"ini si udh expayet apa engga sih ??? 23-10_2025,duh jadi takut deh"
Heyxi Retinol Glowing Tone Up Cream,U***l,2,"Semoga produk sesuai seperti yg diiklan kan,,kasih bintang 2 dlu"
Heyxi Retinol Glowing Tone Up Cream,Y***m,2,Punyak ku pecah semua KK gak bsa di pkek sama sekali 😭 Padahal aku dah nungguin lama
Heyxi Retinol Glowing Tone Up Cream,Z***k,2,"Kecewa beda dari yg difoto,dari tulisannya aja beda ini,"
Heyxi Retinol Glowing Tone Up Cream,M***f,2,Maaf ya barang sudah sampai Tapi syg yg satu nya hancur
Heyxi Retinol Glowing Tone Up Cream,C***c,2,Ko dapat ya satu Dipromosi ya 40dpt 2 Nyesel beli
Heyxi Retinol Glowing Tone Up Cream,M***z,2,Bru di bukak dh pecah kek gini yg satu ya bedak ya 😭😭
Heyxi Retinol Glowing Tone Up Cream,N***f,2,"kecewa bgtt krimnya ENCERR BGTT MANA AKU BELI 2Mau d balikan gk tau cara""nya😩mana lupa bikin anboxingnya"
Heyxi Retinol Glowing Tone Up Cream,P***t,2,Kemasan 22 nya pecahh.. Cream sma pecahan kaca nya sudh bercampur
Heyxi Retinol Glowing Tone Up Cream,K***x,2,Manfaat produk: Jdi jerawatan Jenis kulit: Semua jenis Bahan: Encer Jdi jerawatan badak
Heyxi Retinol Glowing Tone Up Cream,R***w,2,"Bahan: Jelly gitu trus berair,apa ini yg asli atau bukan gue gak tau karena baru nyoba,udah 2 hari pemakaian ya lumayan bikin glowing tapi kok malemnya kok tumbuh beruntusan gitu,duh jerawat yg aku pudarin,malah memerah lagi.ada rasa gatal juga"
Heyxi Retinol Glowing Tone Up Cream,T***k,2,"Paket sudah sampai, dengan rapi dan tidak ad yg rusak.. Exp pun msih lma. In pertma x co. Smoga cocok sama kulit saya y.. Saya kasih bintang 2 dlu.. Jika hasilnya bagus saya kasih bintang 5"
Heyxi Retinol Glowing Tone Up Cream,Y***k,2,"aq suka baunya harum tpi sayang..isinya stengah...mudah""an cocok aja d muka ku...."
Heyxi Retinol Glowing Tone Up Cream,M***d,2,Bahan: Testurnya ya seperti yg dilihat Manfaat produk: Gk berani pke lg..krn malam pakai bsk pagi jam8 kena matahari langsng jidat hitam..gak cocok diwajah aku.
Heyxi Retinol Glowing Tone Up Cream,M***w,2,"Tak sebening aslinya, ini wadahnya agak kabur, gk jernih di liht masuk, kyk aslinya, kemasan jg kecil, isinya jg gk bnyk, tapi semoga hasilnya trbukti deh"
Heyxi Retinol Glowing Tone Up Cream,B***x,2,Heyxi nya sekarang lebih menyengat ya wangi ..tekstur yang putih nya jg GK selembut pas beli sebelum sebelum nya kk...knapa ya
Heyxi Retinol Glowing Tone Up Cream,S***g,2,Makasih banyak paket telah nyampe hasil nya bagus x di wajah
Heyxi Retinol Glowing Tone Up Cream,K***i,2,Pengiriman nya sangat bagus pas d buka hasil bagus bangat
Heyxi Retinol Glowing Tone Up Cream,M***p,2,"Maaf baru kasih ulasan, karna mau nyoba dlu, udah pakai berapa hari ko plek hitam makin banyak ya , makin melebar kmna mna, apa ga cocok kali ya 🙂‍↕️"
Heyxi Retinol Glowing Tone Up Cream,J***j,2,"Maaf kk ini pembelian yg kedua ko berubah bentuk heyxnya terus bauhnya juga beda, kecium bangat bauh obatnya tolong dijelaskan kk ini jadi takut mau makenya😔🙏"
Heyxi Retinol Glowing Tone Up Cream,E***j,2,"Ternyata aku kemakan iklan😅,kalian yg kulitnya coklat/sawo matang,kuning langsat udah gk usah coba"" nanti jd abu abu🤭,ini hanya untuk kulit putih mulus"
Heyxi Retinol Glowing Tone Up Cream,B***g,2,"Pake sudah sampai semoga cocok, sesuai dengan promosi nya"
Heyxi Retinol Glowing Tone Up Cream,N***s,2,Baru tahu ada yg aneh setelah dicoba beberapa hari ternyata kemasan tdk sesuai dg yg diiklan...alhasil g diteruskan pemakaiannya. Tulisan korea di iklan jelas besar..sedang yg saya terima tulisannya kecil.....kok bisa? Palsukah?
Heyxi Retinol Glowing Tone Up Cream,E***d,2,Barang sudah datang tapi diluar expetasi beli satu free satu jadi dua ko datangnya satu yg amanah cari uang tuh sulit
Heyxi Retinol Glowing Tone Up Cream,L***l,2,"Maaf aku dapat palsu,karna stekturnya cair,aku udah beli 3 kali pembelian,baru kali ini yg palsu"
Heyxi Retinol Glowing Tone Up Cream,O***v,2,Barang dh smpai ..tp isi ny emng kyk gtu y kk..smga cocok pakai ny
Heyxi Retinol Glowing Tone Up Cream,H***a,2,Bahan: Lumayan Manfaat produk: Memutihkan kulit wajah Jenis kulit: Semua jenis kulit Tapi ak mau ganti rugi ini kok malah pecah pesanan saya intinya saya GK mau tau kalo GK saya Viralin jualan nya GK Amana
Heyxi Retinol Glowing Tone Up Cream,J***y,2,ini ko ga kaya yg lain dtgny kaya gini beda SM yg aslinya kecewa mana belinya 2 lagi
Heyxi Retinol Glowing Tone Up Cream,Q***w,2,"Kulit qu sensitif baru pakai 2x terasa gatal merah merah, belinya langsung 2 lagi."
Heyxi Retinol Glowing Tone Up Cream,N***z,2,Barang nya sesuai sama yg di fto tapi kurir nya tidak amanah
Heyxi Retinol Glowing Tone Up Cream,R***e,2,"Produk tidak sesuai,beda tulisan nya ,dari yg asli gak ada merek heyxi nya"
Heyxi Retinol Glowing Tone Up Cream,K***b,2,"Barang sesuai dengan pesanan nya, Totalnya 56rb Sesudah Samapi kok,61rb sh"
Heyxi Retinol Glowing Tone Up Cream,V***l,2,"Ko punyaku beda ama yang lain ya kemasannya Mau D lanjut pemakaian jga jdi takut, takutnya pelsong barangnya kak takut gk ori"
Heyxi Retinol Glowing Tone Up Cream,G***w,2,Sebaik di pakai 3 hari flek bukan menghilang mala mangkin tebal
Heyxi Retinol Glowing Tone Up Cream,N***w,2,"Alhamdulillah.paket udah nyampe,tp kecewa aja,baru nyampe udah pecah aja gitu pas d bukak.blum d coba udah pecah🥺"
Heyxi Retinol Glowing Tone Up Cream,E***r,2,Ndk ad efwknya cm putih belang2 .tiap hari dpke pagi malam no evek .ttp ndk ad perubahan
Heyxi Retinol Glowing Tone Up Cream,O***g,2,Pecah satu.. Lain kali harus bener2 di perhatiin bungkusnya biar ga pecah
Heyxi Retinol Glowing Tone Up Cream,Z***h,2,"Ragu mau memakainya karena tutupnya tidak ada garis seperti di iklannya, ini tutupnya polos 🥹 takut barangnya p**s*"
Heyxi Retinol Glowing Tone Up Cream,C***o,2,"Beda sama yg digambar dan video,isi cair seperti ber air"
Heyxi Retinol Glowing Tone Up Cream,P***q,2,Pertama bli bagus wangi yg k 2 gk ad wanginya dn Kya jeli biasa perpaduan putinya kurang jdi d wajah Kya gk pke ap2 nyesel dah mana bli 2pes
Heyxi Retinol Glowing Tone Up Cream,Z***c,2,"Paket di terima dengan kondisi kemasannya rusak,isi tetap utuh 2 picis, pengiriman lama cukup di kasih bintang 2,lain kali buat tokonya lebih teliti buat pelanggan yang lain,"
Heyxi Retinol Glowing Tone Up Cream,C***d,2,"Maaf baru ngasih ulasan ka ,kenapa krim nya ko beda,dulu mah butiran nya ga ancur ,ini ko ancur trus baunya g enak"
Heyxi Retinol Glowing Tone Up Cream,R***v,2,"Paket tidak sesuai live,,, waktu live tutupnya garis dua,, tapi barang sampai tutupnya yang polos"
Heyxi Retinol Glowing Tone Up Cream,G***y,2,Saya kasih bintang 2 dulu ya..karena baru mau coba pakai product ini jadi belum kelihatan hasilnya. Kalau memang bagus hasilnya. Udah pasti ga akan berpaling dr product ini. Semoga review2 yg telah memakai product ini bener n hasilnya memang memuaskan. Terima kasih
Heyxi Retinol Glowing Tone Up Cream,E***o,2,"Paket keterima, tapi knpa pas di buka paket nya,kerdus tempat nya agak bulukan ya ka,trs cream nya tumpah"",gpp ka kalo di pakai,takutnya udah lama"
Heyxi Retinol Glowing Tone Up Cream,D***y,2,"jelas jelas distu saya pesan 2pcs kenapa kirim hanya 1 pcs.baru harganya mahal lgi saya cek out 2pcs 104 rb ternyata dpat hanya 1 tolong tanggu jwb,saya kecewa Bahan: kalu untuk bahan bgus halus hanya saya kecewa saja"
Heyxi Retinol Glowing Tone Up Cream,M***a,2,Kok Heyxi nya bau ya..pertama saya beli aromanya wangi..klw ini beli ke2x nya bau obat
Heyxi Retinol Glowing Tone Up Cream,Y***q,2,"Mf baru buka,,,knapa crem ny ngga sma seperti yg ada2 d ulasan it ya...beda.tulisan cina ny kecil,,,klo yg d ulasan tulisan cina ny aagak besar"
Heyxi Retinol Glowing Tone Up Cream,I***t,2,Belum dicoba semoga cocok... Nti klo ad hasilnya baru tak kasih bintang 5🙏
Heyxi Retinol Glowing Tone Up Cream,Q***t,2,Kok punya ku kek gini ya beda isi nya gk sma kyk yg di gambar
Heyxi Retinol Glowing Tone Up Cream,J***o,2,Udah nunggu lama barang sampai pecah gmn ini tolong dong klau Peking yg aman biar custumer tdk kecewa
Heyxi Retinol Glowing Tone Up Cream,N***e,2,Kok nggak sesuai ya yang pernah aku pesen kok yang ini kecil yang baru aku co ini
Heyxi Retinol Glowing Tone Up Cream,C***x,2,maaf ka kecewa banget pouch nya rusak 1😭😭 gimana ini????
Heyxi Retinol Glowing Tone Up Cream,M***t,2,"Maaf saya kch bintang 2 dl krna blom ada hasil,,,kalau udh ada hasil baru saya kch bintang 10 kalau ada,,"
Heyxi Retinol Glowing Tone Up Cream,H***k,2,Ini barangnya ko satu bukan 1 pasang bagaimn ini
Heyxi Retinol Glowing Tone Up Cream,J***m,2,tlong pekengan x d bagusi lg. Nih dtang x remuk gak bsa d pkai lg..
Heyxi Retinol Glowing Tone Up Cream,F***x,2,"Manfaat produk: B.... Aj.. Alias biasa aja Mana beli nya 4 box, tidak cocok bruntusan"
Heyxi Retinol Glowing Tone Up Cream,H***e,2,"Ah Kataya gelowing pas aku pake ke muka masih tetap sama ga ada perubahan kaya pake miyak keletik ,🤣🤣🤣🤣🤣🤣"
Heyxi Retinol Glowing Tone Up Cream,X***j,2,baru berapa hari pake untuk tone up nya bagus sih ini cerahin tapi muka aku jdi breakoutttt tiba² jerawat muncul rombongan😭
Heyxi Retinol Glowing Tone Up Cream,I***m,2,Paket nya udh datang cepet pengiriman nya blm di coba smoga cocok di kukut saya.
Heyxi Retinol Glowing Tone Up Cream,Q***b,2,"waktu dipake kaya aneh gitu rasanya, trs lama kelamaan bikin berkeringat diwajah, aku biasanya klo ga cocok ya gitu gatal klo ga berkeringat kaya yg krim nya ga nempel atau adalah pokoknya"
Heyxi Retinol Glowing Tone Up Cream,T***o,2,"Kak..barang nya sdh di terima dengan baik ,cm klu boleh sy tanya kenapa ga ad tertera kandungan nya....cm ad tulisan retinol saja...trus ad yg putih2 itu apa? Maaf saya tanya 🙏jadi ragu pake ya🙏"
Heyxi Retinol Glowing Tone Up Cream,N***b,2,Sengaja bru kasih ulasan mau liat hasilnya. Tapi di aku muncul beruntusan . Apa gak cocok ya
Heyxi Retinol Glowing Tone Up Cream,A***m,2,Pembelian pertama harum sekali aroma nya dan enak jdi aq nex beli lgi yg isi 2 tpi kok beda dari aroma nya beda yg ke 2x ini aroma nya ngak enak bau
Heyxi Retinol Glowing Tone Up Cream,I***y,2,Aku kira isi nya 2 pas di buka cuma 1harga 41000 dapet 1 kemahalan
Heyxi Retinol Glowing Tone Up Cream,A***q,2,aga ragu kaya nya ini bukan yang ORI nya mudah mudahan aj cocok
Heyxi Retinol Glowing Tone Up Cream,L***m,2,"barang yang aku terima pecah, mungking packingnya kurang aman, lain kali kalo bahan kaca pake bablewrap aja ya kak biar aman, maciw."
Heyxi Retinol Glowing Tone Up Cream,N***x,2,Mohon maaf katanya yg asli tutupnya ada dua garis lah ini ko polosan ya
Heyxi Retinol Glowing Tone Up Cream,B***i,2,Di aku gk cocok. Bikin jerawatan dan mukanya kering. Baru 5hari pake.
Heyxi Retinol Glowing Tone Up Cream,E***l,2,Maaf kok sekarang beda ama yg dl q beli ya🙏🏻 gakk wangi jg gak lembab dikulit Gak ssemyaman yg q beli awal
Heyxi Retinol Glowing Tone Up Cream,V***m,2,Mksh kk barang udh sampe semoga cocok di wajah aku dan flek bersih
Heyxi Retinol Glowing Tone Up Cream,Q***p,2,"Mf pekingnya aman ,cuma isi nya aja gak penuh,cuma seteugah"
Heyxi Retinol Glowing Tone Up Cream,W***f,2,Ini yg di kirim barang kw 🤧 tutup nya polos JD ngeri mau d pake
Heyxi Retinol Glowing Tone Up Cream,V***t,2,Baru buka paket eh ternyata dalemnya hancur gak bisa di pakai banyak pecahan kacanya😭
Heyxi Retinol Glowing Tone Up Cream,D***p,2,SDH smpe ..trimksih tp blm dicb nanti klu SDH dicb beri ulasan lagi ya..
Heyxi Retinol Glowing Tone Up Cream,D***h,2,Alhamdulillah paket ku datang
Heyxi Retinol Glowing Tone Up Cream,Q***l,2,Jelek. Udh lama pakai ngk nampak apa2 hasil nya
Heyxi Retinol Glowing Tone Up Cream,E***f,2,Alhamdulillah paketnya Sdh tiba.muda2han cocok
Heyxi Retinol Glowing Tone Up Cream,G***y,2,"GK sama yg di iklan kn,,comot lau di pkai muka"
Heyxi Retinol Glowing Tone Up Cream,K***t,2,Bahan: Cair Manfaat produk: . Jenis kulit: .
Heyxi Retinol Glowing Tone Up Cream,D***l,2,Kenapa encer bukannya padat Yaa kena tipu saya
Heyxi Retinol Glowing Tone Up Cream,S***e,2,"Kok datengnya tisu si,sya kn pesenya HEYXI"
Heyxi Retinol Glowing Tone Up Cream,V***o,2,Vvvhvyfbbcfhcdyikmbdscbnurshjnbcgyjbvdfjnb
Heyxi Retinol Glowing Tone Up Cream,A***h,2,Maaf barang yang nyampe satunya rusak🥹
Heyxi Retinol Glowing Tone Up Cream,A***b,2,Iklannya beli satu dapat dua ini kok satu
Heyxi Retinol Glowing Tone Up Cream,D***o,2,Kk brng nya kw nggak ad gris2 d tutup nya
Heyxi Retinol Glowing Tone Up Cream,V***u,2,Kenapa ini baru Dateng kok sedikit isi nya
Heyxi Retinol Glowing Tone Up Cream,I***y,2,Tulisannya beda bukan dragon blood cream
Heyxi Retinol Glowing Tone Up Cream,E***v,2,OMDO ! Gk ada efek sama se x Pret lh !
Heyxi Retinol Glowing Tone Up Cream,R****,2,Kukira dari korea.ternyata Made in cina
Heyxi Retinol Glowing Tone Up Cream,D***k,2,"Harga segini 54,530 Kenapa jadi 157000k"
Heyxi Retinol Glowing Tone Up Cream,N***b,2,Produk nya pecah 1 pengemasan kurang aman
Heyxi Retinol Glowing Tone Up Cream,M***x,2,"ini palsu apa asli kok mukaku 3 hari pakai malah menghitam,,temanku tutup ny bergaris dua tp d pakai bagus,,"
Heyxi Retinol Glowing Tone Up Cream,G***w,2,LG. Mencoba mudah2cocok Bahan: Bedak wajah
Heyxi Retinol Glowing Tone Up Cream,D***m,2,ringan di aplikasikan
Heyxi Retinol Glowing Tone Up Cream,M***o,2,Paket sudah diterima saya belum coba
Heyxi Retinol Glowing Tone Up Cream,O***s,2,Paketnya satu pecah kk bisah dianti ya
Heyxi Retinol Glowing Tone Up Cream,J***b,2,Kok tutupnya polos ya apakah palsu
Heyxi Retinol Glowing Tone Up Cream,H***p,2,Alhamdulillah cocok bnget kak
Heyxi Retinol Glowing Tone Up Cream,T***l,2,Halus dimuka baru pemakaian 2hari
Heyxi Retinol Glowing Tone Up Cream,U***t,2,"Maaf, tidak sesuai pesanan."
Heyxi Retinol Glowing Tone Up Cream,L***r,2,Isinya cuma setengah😔
Heyxi Retinol Glowing Tone Up Cream,V***x,2,"Maaf yaa, kok beda tekstur nya sama yg beli pertama x.. Jadi Takut MW make"
Heyxi Retinol Glowing Tone Up Cream,W***b,2,Ini exp ko 24 dec 2025 kak
Heyxi Retinol Glowing Tone Up Cream,W***h,2,Cream yg aneh di wajah
Heyxi Retinol Glowing Tone Up Cream,Q***r,2,Bru nyoba.mudah2 an cocok
Heyxi Retinol Glowing Tone Up Cream,K***e,2,Kenapa pecah begini..????
Heyxi Retinol Glowing Tone Up Cream,T***g,2,Jenis kulit: Krering
Heyxi Retinol Glowing Tone Up Cream,Q***t,2,Baru nyoba semoga ccok 😀
Heyxi Retinol Glowing Tone Up Cream,X***g,2,Semoga cocok baru nyoba
Heyxi Retinol Glowing Tone Up Cream,C***u,2,ko hexy yang baru beli bau nya beda ga seperti yang pertama beli wangi
Heyxi Retinol Glowing Tone Up Cream,Y***s,2,Maaf baru kirim ulasan.tapi diwajahku GK cocok.kusam diwajah GK glowing.gk sesuai vidionya maaf ya sy kasih bintang 2 aja
Heyxi Retinol Glowing Tone Up Cream,R***t,2,Ga ngepek blas sdh habis satu blum ada perubahan....
Heyxi Retinol Glowing Tone Up Cream,E***z,2,Agak aneh sih paket blm aku terima disini tulisnya udah dikirim penerima customer tapi ak GK menerimNya diterima kemarin tp ak sama sekali belum menerimAnya
Heyxi Retinol Glowing Tone Up Cream,F***w,2,Baru coba semoga cocok
Heyxi Retinol Glowing Tone Up Cream,V***f,2,AQ pakai kok tambah ngeflek kak apa GK cocok kak
Heyxi Retinol Glowing Tone Up Cream,Z***z,2,Barang rusak dikirim
Heyxi Retinol Glowing Tone Up Cream,L***h,2,Sesuai permintaan
Heyxi Retinol Glowing Tone Up Cream,Y***e,2,Kurang cocok di aku
Heyxi Retinol Glowing Tone Up Cream,I***k,2,Paket udah sampai
Heyxi Retinol Glowing Tone Up Cream,H***l,2,Mukaku kok beruntusan pake ini saya pakai 1 Minggu apa EMG begini kk
Heyxi Retinol Glowing Tone Up Cream,A***h,2,Knapa Di kirim 2 x sih PD hal aku pesan 1 x JD dibel2 bayarnya
Heyxi Retinol Glowing Tone Up Cream,S***t,2,"Maaf baru ngasih ulasan, terlalu basah d pakenya aga panas"
Heyxi Retinol Glowing Tone Up Cream,Z***v,2,Klu makai jadi super wau klu gak makai y bisa aj seperti semula jadi harus rutin dech makainya lama ketagihan tuh produk
Heyxi Retinol Glowing Tone Up Cream,J***v,2,Mungkin krna muka aku nya aura mgrib kli ya. Jd nya gmn gtu klitan nya .muka aku jd brminyak.
Heyxi Retinol Glowing Tone Up Cream,H***b,2,"Nyesel ga sesuai ,mn bentuknya jely bkn bedak padat/cream gtu hadeuhh.."
Heyxi Retinol Glowing Tone Up Cream,Z***b,2,Bintang dua dulu ya nanti kalau udah ada hasil kasih bintang fulll
Heyxi Retinol Glowing Tone Up Cream,Y***j,2,Baru sempet buka eehh yg satunya ternyata uda pecah
Heyxi Retinol Glowing Tone Up Cream,S***z,2,"Produk belum di coba, karna terlalu lama pengiriman nya .."
Heyxi Retinol Glowing Tone Up Cream,B***n,2,"Kurir tidak ada logika,paket lama sekali di antar Mohon kepada admin utk tindak lanjut ekpedsinya"
Heyxi Retinol Glowing Tone Up Cream,I***l,2,mf sya kecewa bilangnya 2 pis dtgnya ternyata satu
Heyxi Retinol Glowing Tone Up Cream,G***w,2,"Mengecewakan, nggak bakalan pesan lagi, nggak amanah !👎🏻👎🏻👎🏻 pak kurir udah langganan"
Heyxi Retinol Glowing Tone Up Cream,Y***a,2,"Maaf sebelum nya kak paket nya pecah 1 ,dan saya sangat kecewa"
Heyxi Retinol Glowing Tone Up Cream,U***s,2,"kurirnya ngebohong disini 53,800 bilang 60 rb buanya uangnya tp caranya sdh culas"
Heyxi Retinol Glowing Tone Up Cream,G***o,2,"Pengiriman super lamaaaa, pesan brng di aplikasi oren ambil paket ekonomi, malah dah nyampe 6 hari lalu"
Heyxi Retinol Glowing Tone Up Cream,K***d,2,"Kurirnya g tanggung jawab,pakek salah antar sampai sekarang paket q g di ambil ke rumah orang yang di kasih,g ada tanggung jawab sama sekali,di wa g di bls"
Heyxi Retinol Glowing Tone Up Cream,L***f,2,"Saya pakai ini muka gatal²ya Allah , knpa ini yah"
Heyxi Retinol Glowing Tone Up Cream,O***u,2,Knapa gk bisa sesuai dengan d gambar lebel tulisan nya aja beda
Heyxi Retinol Glowing Tone Up Cream,I***l,2,Daleman dus nya kaya udah lama bulukan Bahan: Terbuat dari apa
Heyxi Retinol Glowing Tone Up Cream,F***b,2,BPOM GK tampil...sia2 beli 2 pot di buang ...GK approve doktif ...talt liat postingan doktif
Heyxi Retinol Glowing Tone Up Cream,R***v,2,Kok yang datang cuma 1pcs kan aku pesen yang 2pcs mn bayar 57 rb
Heyxi Retinol Glowing Tone Up Cream,F***a,2,"D keranjang kuning harga promo ,harga segitu dapat 2, datang ko cuman satu , jangan suka boongin publik, promo promo , promo apaan,"
Heyxi Retinol Glowing Tone Up Cream,Q***w,2,"barang nya jelek gk asli sudah hbis 2, gk ada hasilnya"
Heyxi Retinol Glowing Tone Up Cream,Y***c,2,Isi nyh bolong tengah nyh pas sy buka. G padat kecewa
Heyxi Retinol Glowing Tone Up Cream,P***x,2,"K ini ga ada garis 2di tutupnya ,,polosan apa ini palsu?"
Heyxi Retinol Glowing Tone Up Cream,W***x,2,Map baru kk asih ulasan basang sape tepat waktu tapi pek di muka sayah tabah banyak bukanya ngurangi eh tabah banyak
Heyxi Retinol Glowing Tone Up Cream,W***r,2,mau tany cara pakai ky mna ya kk d siang hari aj ap siang sm mlm
Heyxi Retinol Glowing Tone Up Cream,X***d,2,Bahan: Berjamur baik isi maupun kotakx Manfaat produk: Jadi ndak berani pakek
Heyxi Retinol Glowing Tone Up Cream,Y***d,2,"Makasih kirim nya bgus.., Cma kurir JNE tdk bgus..,"
Heyxi Retinol Glowing Tone Up Cream,Q***i,2,Brng yy bagus pas di pakai di kulit sangat dingin dn lembut tahan 24 jam walaupun udh terkenah air hujan sekalian GK bakalan luntur mekap nyh
Heyxi Retinol Glowing Tone Up Cream,M***u,2,- Sangat tdk cocok untuk kulit sensitif - Tdk cocok untuk type jerawatan walpun jrawatnya satu2 doang - susah banget dibland ibarat air dengan minyak. Gel sama cream putihmya itu nggak nyatu kirain gelnya itu memudahkan si cream putihnya saat di bland ternyata susah. Yaa air sama minyak ibaratnya
Heyxi Retinol Glowing Tone Up Cream,O***s,2,Saya sudah memakai bedak sudah hampir 1 wadah wajah keliatan bersih cerah
Heyxi Retinol Glowing Tone Up Cream,K***b,2,"Bahan: Lembut dan gak leket di kulit , wangi Manfaat produk: Tapi saya udh 1minggu pemakaian kok GK ada perubahan nya yah , kek biasa² aj"
Heyxi Retinol Glowing Tone Up Cream,L***q,2,"Manfaat produk: Mencerahkan kulit kusam Kulit kering ini sangat cocok, kulit berminyak, dan jerawat"
Heyxi Retinol Glowing Tone Up Cream,Z***r,2,Sudah 2 pcs habis Tidak ada perubahan sama sekali. Putih nya disaat pakai saja. Setelah itu kembali normal. Kulit makin berminyak. Mungkin karna gak cocok
Heyxi Retinol Glowing Tone Up Cream,U***a,2,"Paketnya SDH nyampe,rapi dan bagus,sesuai pesanan,dan SDH sy pake semoga cocok dikulit sy ,"
Heyxi Retinol Glowing Tone Up Cream,F***r,2,Jenis kulit: Untuk jenis kulit sawo matang sepertnya kurang cocok..kulit jadi abu abu.tidak meresap
Heyxi Retinol Glowing Tone Up Cream,K***l,2,Bahan: Kek panas gitu Manfaat produk: Katanya mencerahkan Jenis kulit: Kulitku sensitive ga brani buat wajah
Heyxi Retinol Glowing Tone Up Cream,Y***k,2,Manfaat produk: Biasa aja tidak ada manfaatnya!
Heyxi Retinol Glowing Tone Up Cream,P***z,2,Alhamdulillah paket nya sudah sampai kurir ramah banget tapi sayang produk nya di pake kusam di blen susah malah tambah bruntusan
Heyxi Retinol Glowing Tone Up Cream,D***w,2,"Produk nya tidak sama dngn yg saya beli yg pertama warna nya beda ,agak encer lagi warna nya agak hmbar ..TPI saya ngak tau asli apa palsu..."
Heyxi Retinol Glowing Tone Up Cream,K***o,2,"Bahan: bahan nya gak kayak orang pakek glowwing,malah punya saya lebih ke berair sama gak banyak isinya"
Heyxi Retinol Glowing Tone Up Cream,N***d,2,Jenis kulit: Di kulit muka saya gak cocok malah berminyak dan mulai timbul jerawat..
Heyxi Retinol Glowing Tone Up Cream,R***b,2,Ini hanya sbg pelembab saja. Tdk bisa menutupi flek yg ada di wajahku. Malah wajahku semakin berminyak. Maaf... Tdk cocok dgn jenis kulitku yg berminyak 🙏🙏🙏
Heyxi Retinol Glowing Tone Up Cream,T***z,2,Barangnya uda datang suda beberapa tapi setelah sy pakai di wajah ko tdk seperti yg di promosikan katanya muka gloin tapi tdk terlalu biasa ajah
Heyxi Retinol Glowing Tone Up Cream,C***a,2,Produk ini bagusbaru pakek 3hari udah ada perubahan
Heyxi Retinol Glowing Tone Up Cream,N***o,2,Ketika kena air muka tersa pucat dan gak ada perubahan jika berkeringat sama saja kusam juga
Heyxi Retinol Glowing Tone Up Cream,T***t,2,"Terimakasih barang sudah sampai dan cepat, semoga saya cocok"
Heyxi Retinol Glowing Tone Up Cream,T***z,2,"Ini peruk saya Bru mengunakannya, sengaja belum beri ulasan sampe seminggu pemakaian tapi ko kenapa jerawatnya tambah banyak yah k tempat yang tidak ada jerawat malahan tumbuh jerawat"
Heyxi Retinol Glowing Tone Up Cream,Q***i,2,Barusan dtng produk nya..lngsung pakek. Tapi knpa muka ku jadi abu?😭ini krim nya di pakek siang ataw malam..muka ku jadi dempul gtu.
Heyxi Retinol Glowing Tone Up Cream,E***y,2,Bahan: Baik Manfaat produk: Glow Jenis kulit: Berminyak
Heyxi Retinol Glowing Tone Up Cream,I***h,2,Jenis kulit: Sawo matang Bahan: Bagus Manfaat produk: Mencerahkan
Heyxi Retinol Glowing Tone Up Cream,U***z,2,Bahan: aku ngk tau bahan nya ada yg pengaruh jadi reaksi kemata yg jelas setelah pakai ini penglihatan ku jadi kabur padahal aku Makai nya ngk kenak kemata tapi mungkin keringatnya tapi klw prodak nya aman kenapa bisa berefek begitu jadi takut pakai nya
Heyxi Retinol Glowing Tone Up Cream,F***v,2,"Barag@ sudah smpai....trima kasih...produk@ bgus dan kemasan@ rapi, kurir@ pun baik dan ramah. Tidak mengecewakan"
Heyxi Retinol Glowing Tone Up Cream,P***y,2,Packingnya rapi. Tapi isi nya mengecewakan Kotaknya basah dan berjamur Aroma cream nya berbeda dari yg sebelum nya saya pesan Gk tau kalau aman dipakai😣
Heyxi Retinol Glowing Tone Up Cream,M***k,2,"Barangnya suda sampai,semoga sesuai iklannya, juga cocok d wajah,"
Heyxi Retinol Glowing Tone Up Cream,X***m,2,"Ini warna nya beda, yg biasa aku beli warna merah, ini warna nya agak pink Jadi takut mw pake nya. Mudah²an ini asli ya... Kasih 2 dulu bintang nya .."
Heyxi Retinol Glowing Tone Up Cream,X***a,2,"Brang udh nympe, cream ringan di muka.. Bgus.. Mudh²n cocok y 😘"
Heyxi Retinol Glowing Tone Up Cream,P***w,2,"Jenis kulit: Maap bru ksh ulsn,,ak sdh pke 2 mnggu tp blm ada prbuhn sm plek htm ak"
Heyxi Retinol Glowing Tone Up Cream,X***z,2,Glowing nya hanya sekejap pas di pake saja udh beberapa detik hilang
Heyxi Retinol Glowing Tone Up Cream,S***r,2,"Barang ny CPT tiba ,tapi di pke 2 hari muka ku merah gitu"
Heyxi Retinol Glowing Tone Up Cream,N***b,2,Gk ada perubahan sudah du coba. Makanya ngasih komen telat mau coba dulu. Ternyata biasa aja
Heyxi Retinol Glowing Tone Up Cream,N***x,2,"Cream Nyaa cair, wktu di pakai pada wajah syaa lalu di usap"" cream nya sprti berminyakk Bru tdakk meresap di kulit, pokoknyaa tdakk Nyaman untuk syaa pakaii 😌🥹🥴"
Heyxi Retinol Glowing Tone Up Cream,J***g,2,"Tdk ad perubahan sma sekali,pas aku make dlm q minggu,mukaku hitam"
Heyxi Retinol Glowing Tone Up Cream,V***p,2,"Maaf lambat kasih ulasan. Karena ingin tau dari hasil stelah di gunakan. Yo di saya pas pake cream nya di muaka jd gatal"""
Heyxi Retinol Glowing Tone Up Cream,X***z,2,"Produknya bagus makanya saya beli lagi mlhn, dari 53.884 jadi 67.000 ,kebangeten bener tuh kurir ngambilnya 13k sendry"
Heyxi Retinol Glowing Tone Up Cream,L***p,2,"Kmaren kata ny pas live kalo co 2 dpt bonus pensil alis,trnyata barang sampe ngk ad bonus ny,agak sedikit kecewa sih"
Heyxi Retinol Glowing Tone Up Cream,C***j,2,Udah pakai satu minggu belum ada perubahan sama sekali
Heyxi Retinol Glowing Tone Up Cream,W***i,2,"Udah pkek 2 minggu nggak ada perubahan, mlh wajah ku makin berjerawat, mengecewakan"
Heyxi Retinol Glowing Tone Up Cream,X***h,2,Pakingnya tidak aman sehingga membuat salah satu produk pecah
Heyxi Retinol Glowing Tone Up Cream,I***n,2,"Tidak sebagus yg ditayangkan di video Bergumpal2 dan repot untuk diaplikasikan di muka,, pokoknya ga bagus makanya ga dipakai lagi"
Heyxi Retinol Glowing Tone Up Cream,A***b,2,"𝙆𝙪𝙧𝙞𝙧 𝙩𝙚𝙥𝙖𝙩 𝙬𝙖𝙠𝙩𝙪... 𝙏𝙥 𝙠𝙚𝙢𝙖𝙨𝙖𝙣 𝙝𝙖𝙣𝙘𝙪𝙧. 𝙎𝙤𝙖𝙡 𝙥𝙧𝙤𝙙𝙪𝙠 𝙗𝙡𝙢 𝙙𝙞𝙘𝙤𝙗𝙖, 𝙙𝙖𝙣 𝙩𝙙𝙠 𝙗𝙚𝙧𝙖𝙣𝙞 𝙘𝙤𝙗𝙖... 𝙆𝙖𝙧𝙣𝙖 𝙠𝙚𝙢𝙖𝙨𝙖𝙣 𝙙𝙧 𝙠𝙖𝙘𝙖 𝙢𝙖𝙠𝙖 𝙞𝙣𝙞 𝙥𝙚𝙘𝙖𝙝 𝙙𝙖𝙣 𝙝𝙖𝙣𝙘𝙪𝙧"
Heyxi Retinol Glowing Tone Up Cream,V***a,2,"Produk ini tidak asli saya sudah pakei gak ada perubahan, Lebel ke asli nya gak ada, bentuk tutupnya juga lain dari yang ORI, kalau memang jualan yg ORI ya dari tutup nya saja sudah tidak ORI 🥹🥹🥹🥹🥹🥹🥹🥹🥹🥹🥹🥹🥹🥹"
Heyxi Retinol Glowing Tone Up Cream,P***m,2,Kalo d pake d muka aku ya ka.jadi abu abu loh.karna kulit nyh gak putih
Heyxi Retinol Glowing Tone Up Cream,P***f,2,"Udah sampai tadi sore, moga cocok nex order lg deh👍"
Heyxi Retinol Glowing Tone Up Cream,M***s,2,"Bahan: Ga cocok di muka ,maf aqu stop ya..padahal masih utuh yg satunya trus yg satunya baru 3kali pake.."
Heyxi Retinol Glowing Tone Up Cream,G***c,2,Cream berair TDK seperti pki beda TDK seperti apa yg di praktekan di vedio berujud sepert.lengket sikulit kaya mengandung air gula.pliket
Heyxi Retinol Glowing Tone Up Cream,M***e,2,"Baru pakai dua kali kulit wajah merah dan panas, ternyata pakai merkuri, kurir baik ramah tapi produk mengecewakan"
Heyxi Retinol Glowing Tone Up Cream,W***r,2,Barangnya SDH datang baru dipake muka sy panas... SDH beli 4 lagian ini
Heyxi Retinol Glowing Tone Up Cream,A***h,2,Susah menyerap malah jd banjir keringat pas dipakai..udh gitu jauh dr yg di iklan kan..
Heyxi Retinol Glowing Tone Up Cream,T***a,2,"Nggak kayak di iklan hmmmm, mana mahal lagi. Tapi biarlah pake aja dulu semoga cocok setidaknya nggak ngancurin muka amit"" dah."
Heyxi Retinol Glowing Tone Up Cream,A***q,2,Kata ny cepat meresap tau2 ny berminyak trus komedo qu langsung keluar padahal bru mencoba nyesel oder ny
Heyxi Retinol Glowing Tone Up Cream,K***a,2,Barang dah sampai dengn aman..semoga cocok sama aku..biar buat langgan
Heyxi Retinol Glowing Tone Up Cream,V***z,2,Asli buat kulit wajahku alergi alias ngga cocok buat aku
Heyxi Retinol Glowing Tone Up Cream,B***b,2,"Baru riview Krn baru d coba beberapa hari,malah jadi bruntusan.padahal saya pakai micellar water,pake sabun muka juga bersihin muka setiap hari"
Heyxi Retinol Glowing Tone Up Cream,X***p,2,Tidak cocok produk ini sama saya... biasanya saya cocok PKI retinol merek apapun selalu cocok...tapi setelah pki ini timbul jerawat bnyk..saya pikir karena murah saya coba ..udah saya berhenti kan.. produk palsu.. iklan nya menjamin kan nyatanya bohong
Heyxi Retinol Glowing Tone Up Cream,M***b,2,"Lagi pembuktian, masih ragu dgn keaslianya, kata ini yg ORI ada garisnya,"
Heyxi Retinol Glowing Tone Up Cream,L***y,2,"Ternyata ku ketipu iklan,pas di blen dia itu bukan putih tapi bening doang ,paket sudah di terima dengan baik terimakasih"
Heyxi Retinol Glowing Tone Up Cream,X***x,2,Muka ku gatal memerah . Timbul bintik merah.. takut ah.. kurang cocok
Heyxi Retinol Glowing Tone Up Cream,Y***d,2,"Knp kotak dus nya kotor bngt ya.. Ini ori apa bkn ya, mau pke jdi takut"
Heyxi Retinol Glowing Tone Up Cream,F***b,2,"Barang nya beneran di kirim 2 pcs,, tp saya kecewa kenapa yg 1 pcs Nya dus nya udah di buka..."
Heyxi Retinol Glowing Tone Up Cream,K***j,2,"Gak cocok dimuka terasa gatal,flek aq semakin tebal,dan jg kelihatan tambah kusam.. sengaja baru kasib penilaian, karna dicoba dl..dan hasilnya tdk seperti diiklan.."
Heyxi Retinol Glowing Tone Up Cream,K***q,2,Kurang bagus ga glowing👎biasa aja di wajah bagusan pake foundation
Heyxi Retinol Glowing Tone Up Cream,G***q,2,"Pake produk in mlah bkin kulit wajah gatal2🙄mna sdh pesan 2 pcs sekaligus,,wangisi cuman bkin gatal2,trus timbul kyak bruntusan2🥺"
Heyxi Retinol Glowing Tone Up Cream,L***k,2,"TDK sesuai yang di tayangkan teksturnya KO' GK sama dg yng di promosikan,mau beli lgi takut gitu lgi.. walau bgitu penasaran ya, mau nyoba yng lain .. coba 🙏"
Heyxi Retinol Glowing Tone Up Cream,U***m,2,"Barang ny suda nympai TPi knp paket hexyi ny dpt 2 TPi yg satu brang ny pecah,kecwa bgt iya dgn pekinganny"
Heyxi Retinol Glowing Tone Up Cream,E***c,2,Jenis kulit: Pertama beli muka aku GX jerawat pas pesan ke 2 muka aku jdi jerawat sangat kecewa sekali aku 😡😡😡😡
Heyxi Retinol Glowing Tone Up Cream,D***d,2,barang ny udh sampai tpi saya kecewa krna pas pesan kta ny dpt ny. dua tpi knapa yg dtng ny cuman satu gk sesuai
Heyxi Retinol Glowing Tone Up Cream,F***y,2,Ni asli atau gak ya saya dikit ragu gak seperti biasa nya yg di jual org
Heyxi Retinol Glowing Tone Up Cream,X***v,2,Entah produk asli apa palsu Di pake gk cocok di kulit ku
Heyxi Retinol Glowing Tone Up Cream,L***u,2,Tidak ada perubahan di wajah dan wajah jadi abu abu dan cepat longsor
Heyxi Retinol Glowing Tone Up Cream,E***k,2,"Paket udh dtng ini baru nyoba ,blm ada hasil nya mudahan "" cocok"
Heyxi Retinol Glowing Tone Up Cream,O***a,2,Udah datang paketan nya tapi saya ragu buat Malek nya karna ad video yg bilang klo produk yg asli tutup nya ada garis 2 nya tapi punya AQ yg dikirim malah polosan di tutup nya
Heyxi Retinol Glowing Tone Up Cream,E***v,2,"Terlalu dempul , , kulit nya tambah kering ngga ada lembap lembap nya"
Heyxi Retinol Glowing Tone Up Cream,Y***l,2,Udah habis satu kok gak cerah2 sih...bisa aja gak ada perubahan
Heyxi Retinol Glowing Tone Up Cream,N***p,2,Isinya tidak sesuai di gambar encer cuma setengah isinya
Heyxi Retinol Glowing Tone Up Cream,Q***n,2,Bahan: Bagus Manfaat produk: Glow Jenis kulit: Hitam
Heyxi Retinol Glowing Tone Up Cream,P***f,2,"Aku baru pakai produk ini, yg datang retinol nya bukan yg dargon, sedangkan yg di video yg dragon, pas pesan pun gk ada pilihan retinol atau dragon. Terus muka aku jadi kusam sama gelap, ini kenapa ?"
Heyxi Retinol Glowing Tone Up Cream,F***h,2,Krim nya beda kya yang udah beli sbelumnya bau nya gk enk
Heyxi Retinol Glowing Tone Up Cream,V***w,2,"Ga sesuai iklan gak enak di bulan jeli nya kaya air ga licin blas, butuh waktu lama buat ngeblen nyesel bangget beli ini, iklan wao...iya yg ngiklan kulit nya sudah putih klo kulit nya ga putih bisa JD abu2 cui"
Heyxi Retinol Glowing Tone Up Cream,A***x,2,Aq 1 Minggu pemakaian langsung berhenti soalnya muka AQ langsung beruntusan terus mera merah terusk klw terkena paparan sinar matahari langsung merah kaya hangus gitu 😭
Heyxi Retinol Glowing Tone Up Cream,R***o,2,"Ga cocok di aku,, dempul,, crak,, juga kalo kelamaan ga nyatu,, di aku mungkin yang lain cocok,, di aku ga cocok"
Heyxi Retinol Glowing Tone Up Cream,S***e,2,Kata nya tutup nya ada garis dua yg asli ini kok dak ada garis nya kk
Heyxi Retinol Glowing Tone Up Cream,K***q,2,"Maaf baru kasih ulasan, sy nunggu pake dulu biar tau ternyata sy gk cocok, begitu pake langsung jerawatan"
Heyxi Retinol Glowing Tone Up Cream,Q***b,2,"Udah 3 hari make blm ada perubahan,gx tw cocok atau gxnya"
Heyxi Retinol Glowing Tone Up Cream,Y***l,2,"Ngak suka dengan produknya, setelah dipakai tidak memuaskan hasilnya"
Heyxi Retinol Glowing Tone Up Cream,L***m,2,Dh hbs 2 pot flek bukan semakin menipis malah semakin menebal&wajah semakin kusam🤦
Heyxi Retinol Glowing Tone Up Cream,Y***m,2,"bukan menjatuhkan produk ini ,tpi di kulit ku gacocok. awal pas aku pakai itu bagus tpi lama kelamaan kusem,dekil,baunya gaenak"
Heyxi Retinol Glowing Tone Up Cream,O***o,2,"Cream nya TDK bagus,saya baru pakai langsung muka saya gatal gatal,nga cocok 😭🙏 Bahan: TDK BPOm Jenis kulit: Gatal Manfaat produk: Tidak cocok dimuka saya"
Heyxi Retinol Glowing Tone Up Cream,I***b,2,"Kayak pakai handbody di wajah,rasanya gK enak banget kalau di pakai karena ngendal banget di wajah. Beli 2 lagi pas ada promo,rugi rasa nya."
Heyxi Retinol Glowing Tone Up Cream,H***e,2,"Hexsi pembohong, gk benar katanya flek hitam memudar nyatanya yg tadinya flek aku sedikit sekarang aku kayak kumisan bertambah flek nya bukan memudar, mending pake sunscreen aja deh dari pada pake hexsi udah habis 10 pot pake hexsi, muka saya parah kapok deh🥲🥲"
Heyxi Retinol Glowing Tone Up Cream,E***e,2,Saya udah bli 2 ktnya ada gris 2 d ttup ny PS nympe ga ada gris 2 ny d ttup polos
Heyxi Retinol Glowing Tone Up Cream,B***z,2,Manfaat produk: Habis 2 pot gk ada reaksi dan perubahan sama sekali ..
Heyxi Retinol Glowing Tone Up Cream,U***k,2,Udh mau habis 1pott tapi blm ada perubahan sedikit pun
Heyxi Retinol Glowing Tone Up Cream,O***b,2,Jenis kulit: Kalo di kulit aku kurang cocok. Dan susah untuk di blend nya Manfaat produk: Belum ada manfaat apa2 di muka aku
Heyxi Retinol Glowing Tone Up Cream,Q***q,2,"Produknya sudah berbeda,gk kyak wktu sya psen wktu itu.produk yg prtma sya psen harum sperti harum hand body citra,klw ni gk da wangi"" ny"
Heyxi Retinol Glowing Tone Up Cream,H***p,2,Aq Co payment saat live. Knpa Ya D kasih barang nya Gk Bersih... dust henti nya basah dan bau apek... saat Co pertama d toko lain Bagus dan Bersih Kemasannya... tp mau Co d toko pertama lupa Nama toko nya. akhirnya asal produk Sama Aq Co D toko Yg lg Live D sini mlm itu
Heyxi Retinol Glowing Tone Up Cream,W***g,2,Udh 3 kali pese tp gk bisa ngilangin plek hitam saya
Heyxi Retinol Glowing Tone Up Cream,M***l,2,Dipakai ini kok jadii hitam muka sqya kwnapa yah
Heyxi Retinol Glowing Tone Up Cream,K***w,2,Ga ORI SMA skli g d prbhn dlm smnggu ini mgcwkan
Heyxi Retinol Glowing Tone Up Cream,M***g,2,gimna ini barang sampai pecah sampai di lokasi
Heyxi Retinol Glowing Tone Up Cream,R***b,2,Mengecewakan gak amanah Katanya 2 pcs yg di kirim cuma satu Cek dulu sebelum di kirim
Heyxi Retinol Glowing Tone Up Cream,R***l,2,Maaf ko GK sama yg pertama saya beli . Yg ini tutup nya polos Yg pertama saya beli tutup nya GK polos
Heyxi Retinol Glowing Tone Up Cream,O***i,2,Muka aku jd jerawatan bernanah gtu.. Pliss dong review jujur nya biar gk ada korban lg
Heyxi Retinol Glowing Tone Up Cream,M***k,2,"Ini bkn ORI ya tutupnya kgak ada grisnya PS pertma saya bli,"
Heyxi Retinol Glowing Tone Up Cream,Y***l,2,K ini asli apa enggk ya....kt nya KLO yg asli tutup nya ada drat nya
Heyxi Retinol Glowing Tone Up Cream,F***z,2,Tak ada perubahan di muka saya🥺 malah berjerawat 😳😳
Heyxi Retinol Glowing Tone Up Cream,I***r,2,Masih baru Pengen coba kalau cocok Baru di kasih bintang 5
Heyxi Retinol Glowing Tone Up Cream,T***v,2,"Syang sekali barang datang dengan ke adan pecah, kan mau di pke jga takut ad beling ny"
Heyxi Retinol Glowing Tone Up Cream,T***x,2,Muka makin berjerawat besar2 iseng aja si tapi GK cocok
Heyxi Retinol Glowing Tone Up Cream,L***q,2,"blm ada perkembangan , pake krim heyxi ini ktim yg asli bkn si"
Heyxi Retinol Glowing Tone Up Cream,I***a,2,Manfaat produk: Barang nya sampek ke saya pecah kak
Heyxi Retinol Glowing Tone Up Cream,G***z,2,Sudah hampur habis 2 botol tp belum ada perubahan
Heyxi Retinol Glowing Tone Up Cream,A***j,2,Bahan: Yg putih ny lengket susah di pakai kr muka
Heyxi Retinol Glowing Tone Up Cream,C***x,2,Barang tidak sesuai dengan yang pertama berbeda
Heyxi Retinol Glowing Tone Up Cream,P***z,2,Manfaat produk: Kurang bagus.nggak tau bedanys
Heyxi Retinol Glowing Tone Up Cream,L***v,2,Saya tidak menerima paketnya kurir noooooo good
Heyxi Retinol Glowing Tone Up Cream,B***d,2,Hancuuurrr
Heyxi Retinol Glowing Tone Up Cream,T***w,2,Pecah satu
Heyxi Retinol Glowing Tone Up Cream,Q***k,2,"Gk aman bgt peking nya, Nyampek sini pecah, Datang nya lambat bgttttttttttt lagi"
Heyxi Retinol Glowing Tone Up Cream,A***p,2,Saya kecewa yg saya pesan dua datang nya satu mana bayar dobel deh
Heyxi Retinol Glowing Tone Up Cream,F***z,2,Ko q pesen 2 yng Dateng cuma 1 byar nya 53 TPI ko isi nya cuma satu doang harus nya kan 2
Heyxi Retinol Glowing Tone Up Cream,L***j,2,Katanya klo beli 2 pc dapet 3 kok cmn 2 datenknya
Heyxi Retinol Glowing Tone Up Cream,K***j,2,Yg di kirim retinol bukan yg dragon cream..
Heyxi Retinol Glowing Tone Up Cream,Q***s,2,Tidak cck d aku wajah berwarna mrah serta perih
Heyxi Retinol Glowing Tone Up Cream,O***s,2,Biasa ajh udah habis dua botol GK ada perubahan
Heyxi Retinol Glowing Tone Up Cream,W***a,2,Susah di blend di kulit wajahku jadinya abu abu
Heyxi Retinol Glowing Tone Up Cream,B***f,2,Bahan: krg pas di wajah Manfaat produk: ⁶66
Heyxi Retinol Glowing Tone Up Cream,W***b,2,Maaf baru memberikan ulasan Alhamdulillah barang sy Terima dan sudah sy pake krennya dingin dan cepat kering ringan di wajah pokoeh mantap
Heyxi Retinol Glowing Tone Up Cream,Q***q,2,aku udah pakek pertama habis 1 pot bagus setelah mau ke 2 pot kulit jadi berubah kusam kering
Heyxi Retinol Glowing Tone Up Cream,Q***t,2,Bahan: lembut mudah di blend Manfaat produk: klw di kulit au mlh gosong gitu mungkin gx cocok Jenis kulit: gx cocok sama se x padahal au suka bngt sama produk ny😥
Heyxi Retinol Glowing Tone Up Cream,P***s,2,Ini tdk sesuai iklan pas d coba ky pake jely
Heyxi Retinol Glowing Tone Up Cream,F***w,2,Jenis kulit: Tidak cocok dengan wajah sensitif
Heyxi Retinol Glowing Tone Up Cream,L***u,2,"Kurang cocok sama mukaku,berjerawat sekali😭"
Heyxi Retinol Glowing Tone Up Cream,I***n,2,"Kurang bagus di kulitku, kalau sdh 5 menit dipke jadi belang2 di muka pdahal pakenya udah diratain"
Heyxi Retinol Glowing Tone Up Cream,O***g,2,"Mf sy baru bisa ngasih ulasan, dari awal datang sy lgsg pake prodak ini, dan pemakaian udah 5hari, tpi knpa ya, ke wajah malah jdi kusam pdhl sblmnya wajah sy tdk kusam, trus bnyk bintik merah jg kering pula ke kulit, mungkin sy tdk ccok pake prodak ini,"
Heyxi Retinol Glowing Tone Up Cream,D***r,2,"beli yg pertama bagus, tpi yg ke duanya gk bagus warnanya hampir putih semua"
Heyxi Retinol Glowing Tone Up Cream,J***w,2,Bahan: Lembutt tapi Manfaat produk: Mencerahkan Jenis kulit: Brakeout
Heyxi Retinol Glowing Tone Up Cream,E***v,2,"Bahan: Tekstur encer Manfaat produk: Blom tau Jenis kulit: Cocok semua Ngga tau in yg asli atau ngga,, soalnya pas di blen itu dia ngedempul trus encer lama menyerap.."
Heyxi Retinol Glowing Tone Up Cream,Q***z,2,"ga sesuai sama yg di ikianin, entah punya sy ori apa ga, kbnyakan airnya drpda yg gumpalan2 pinknya trs klo di aplikasikan ke muka ya gitu krg menyatu, yg pink2nya itu cuma dkt aja bisa diblend, jadi sdkt yg brrubah jdi kaya foundation nya itu, lbh bnyk isinya ke air/cair drpada manfaatnya"
Heyxi Retinol Glowing Tone Up Cream,C***n,2,"Kemasannya bagus tapi belum coba mudah""n cocok"
Heyxi Retinol Glowing Tone Up Cream,R***d,2,"Agak cair...putih""nya kurang nge-bland di wajah, Muka sy malah jadi abu"" 🥲 Maaf KK gak cocok di saya...🙏"
Heyxi Retinol Glowing Tone Up Cream,E***u,2,Sampe sekarang belom ada perubahan di wajah sy
Heyxi Retinol Glowing Tone Up Cream,J***q,2,Jenis kulit: Tidak cocok Timbul jerawat banyak
Heyxi Retinol Glowing Tone Up Cream,J***v,2,Bagus buat kulit kering buat wajah lebih crah
Heyxi Retinol Glowing Tone Up Cream,K***d,2,Belum ada perubahan dah mau habis produk nya masih juga hrs beuty is pain
Heyxi Retinol Glowing Tone Up Cream,Z***y,2,Ga seperti reviewnya yg dipake lgsg glowing n kinclong
Heyxi Retinol Glowing Tone Up Cream,Q***n,2,Bahan: Bagus tidak mengecewakan tp kurirny g amanah
Heyxi Retinol Glowing Tone Up Cream,R***l,2,"AQ dah abis 3 pot muka msh SM, kata ny muka badak pun bisa bersih, pdhl AQ dah cmpur pk crim siang Garnier sakura + sunscreen facetology, smpe skrng blm ada hasil pun"
Heyxi Retinol Glowing Tone Up Cream,X***z,2,Sama ku ghk ngaruh ppha mlh tambah bnyak komedo nya kecewa
Heyxi Retinol Glowing Tone Up Cream,N***f,2,"Pecah dan hancur tiba di tangan,mungkin pecah saat pengiriman..blm kupakai bingung aja dengan teksturnya"
Heyxi Retinol Glowing Tone Up Cream,K***t,2,"Sayang gak cocok dikulit aq,malah jd kelihatan dekil🥺"
Heyxi Retinol Glowing Tone Up Cream,A***w,2,"Paket udah nyampe drngan cepat , Tapi barang tidak sesuai dengan iklannya ,malah jauh sangat tidak sesuai . Pas diaplikasikan ke muka ga nampak apa2 ,tidak kelihatan pakai HEYXI . Yang jadi model iklan kira2 lah jangan sampai membuat pembeli kecewa. Nyeselnbeli"
Heyxi Retinol Glowing Tone Up Cream,W***d,2,Bau nya aneh beda dri sebelumnya kemasannya tulisannya juga beda kalo sebelumnya baunya harum sekali yg ini bau obat curiga BRG palsu mana pesen 4😭
Heyxi Retinol Glowing Tone Up Cream,P***u,2,"Maaf iyaa kka krna saya minta dus bahasa Inggris tapi dikirim dus bahasa Indonesia & aroma beda , tekstur juga beda,,, saya jdii takut pkee,, niie ori ato gga"
Heyxi Retinol Glowing Tone Up Cream,H***i,2,Maaf saya kasih bintang dua karna saya pake malah makin hitam muka saya
Heyxi Retinol Glowing Tone Up Cream,L***c,2,"kok yg dtng warnax orange trus buram aromanx aneh, perna beli dl bgs warna pink trus wangi"
Heyxi Retinol Glowing Tone Up Cream,Y***y,2,Hoax iklan nya seminggu langsung putih ini udh mau abis dua pot gk ad berubah nya
Heyxi Retinol Glowing Tone Up Cream,L***l,2,Kata ya 3 hari udh ada reaksi ya ni udh lbh 3 hari gk da reaksi ya.flek hitam bndal jerawat ttp aja ada Gk da efek ya pun
Heyxi Retinol Glowing Tone Up Cream,N***t,2,Seminggu gw pake GK ada hasil ny malahan jerawat ku makin banyak
Heyxi Retinol Glowing Tone Up Cream,H***e,2,Produk ini benaran ga asli. Ko di kemasan nya ga ad cara aturan pemakaian cream
Heyxi Retinol Glowing Tone Up Cream,U***a,2,"Udah habis 3 pot tp gk ada perubahan, malah timbul jerawat🥺🙏"
Heyxi Retinol Glowing Tone Up Cream,Q***w,2,Di pke ke muka yg item jadi abu2🥴 GK sesuai iklan
Heyxi Retinol Glowing Tone Up Cream,R***k,2,"sy uda beli 3 , tp make perta kali kok kyk berplek ya"
Heyxi Retinol Glowing Tone Up Cream,N***g,2,kox beda y kyk e yg pas aq awl beli mngkn krna brpa hari gk pakek krna menunggu dtngya order lagi x y
Heyxi Retinol Glowing Tone Up Cream,U***v,2,Kurang serem aku kira bneran bgus di pake tau nya biasa² aj..
Heyxi Retinol Glowing Tone Up Cream,S***q,2,AQ gak cocok maaf kk lngsung jerawatan kulitnya selama pake akhire AQ hentikan
Heyxi Retinol Glowing Tone Up Cream,O***v,2,"Bahan: Butiran putihnya sedikit tidak seperti yesika,menyesal saya"
Heyxi Retinol Glowing Tone Up Cream,U***t,2,"𝘒𝘢𝘵𝘢𝘯𝘺𝘢 𝘤𝘰𝘤𝘰𝘬 𝘶𝘯𝘵𝘶𝘬 𝘴𝘦𝘮𝘶𝘢 𝘫𝘦𝘯𝘪𝘴 𝘬𝘶𝘭𝘪𝘵, 𝘵𝘢𝘱𝘪 𝘱𝘢𝘴 𝘥𝘪 𝘨𝘶𝘯𝘢𝘬𝘢𝘯 𝘴𝘦𝘮𝘢𝘬𝘪𝘯 𝘣𝘯𝘺𝘢𝘬 𝘫𝘦𝘳𝘢𝘸𝘢𝘵 𝘺𝘨 𝘮𝘶𝘯𝘤𝘶𝘭 𝘥𝘪 𝘸𝘢𝘫𝘢𝘩 𝘴𝘢𝘺𝘢. 𝘔𝘯𝘨𝘬𝘪𝘯 𝘵𝘪𝘥𝘢𝘬 𝘤𝘰𝘤𝘰𝘬 𝘥𝘪 𝘬𝘶𝘭𝘪𝘵 𝘴𝘢𝘺𝘢 😌🥺"
Heyxi Retinol Glowing Tone Up Cream,J***g,2,Termakan iklan di saya susah di blen malah abu abu jadi nya😔
Heyxi Retinol Glowing Tone Up Cream,I***f,2,"Gak cocok di saya, pemakaian 4hari wajah bruntusan banyak komedo jd jerawat"
Heyxi Retinol Glowing Tone Up Cream,X***h,2,Untuk se jau ini blm ada perubahan di waja
Heyxi Retinol Glowing Tone Up Cream,R***u,2,"Produknya bagus, tapi kurirnya nyewotin parah"
Heyxi Retinol Glowing Tone Up Cream,O***u,2,Gimana saya udh mau abis 2 .ko ga ada perubahan Yach.
Heyxi Retinol Glowing Tone Up Cream,L***f,2,Bukan menghilangkan flek Mlah menebalkan flek +muka beruntusan
Heyxi Retinol Glowing Tone Up Cream,C***o,2,bru brpa hari soh makenya blm liat hasilnya nnti kalo udah glowing bru ku kasih ulasan lagi
Heyxi Retinol Glowing Tone Up Cream,Z***s,2,"Udah habis, satu,nga ada perubahan,sema sekali di wajah ku"
Heyxi Retinol Glowing Tone Up Cream,T***q,2,Bahan: Tidak ada perubahan produk ini mungkin jakalama ya
Heyxi Retinol Glowing Tone Up Cream,F***m,2,Heyxi yg ku pesan pertama dg ini berbeda ya.yg pertama harus yan ini tdk sama sekali ya
Heyxi Retinol Glowing Tone Up Cream,I***s,2,Belum bisa bilang bagus karna saya masih ragu tuk mancoba
Heyxi Retinol Glowing Tone Up Cream,I***l,2,Ini barangnya asli apa bukan sih soalnya yg asli katanya tutupnya bergaris dua
Heyxi Retinol Glowing Tone Up Cream,K***l,2,kenapa flek hitam nya blm hilang juga kk
Heyxi Retinol Glowing Tone Up Cream,B***r,2,Bagus
Heyxi Retinol Glowing Tone Up Cream,V***f,2,Satu kata semoga cocok tak ksh dulu ⭐2
Heyxi Retinol Glowing Tone Up Cream,A***l,2,Barang nya sudah smpe tpi blom saya coba
Heyxi Retinol Glowing Tone Up Cream,Y***u,2,kasih 2 bintag produk gk sesuai expetasi
Heyxi Retinol Glowing Tone Up Cream,X***i,2,"Bedaknya kyk dempul,, Klw di pake wajah jadi abu2"
Heyxi Retinol Glowing Tone Up Cream,T***c,2,Sedikit kecewa pesan ny isi2 Dateng ny 1??
Heyxi Retinol Glowing Tone Up Cream,H***w,2,Produk sampai hancur... Pengemasan kurang baik.
Heyxi Retinol Glowing Tone Up Cream,X***f,2,Sdh dipake tpi blom kelihatan baru bbrp pake
Heyxi Retinol Glowing Tone Up Cream,I***f,2,Makasih paket nya sudah datang tp blm d coba
Heyxi Retinol Glowing Tone Up Cream,Y***u,2,Mesen yang 100gr 2box nympe ny yng 60gr
Heyxi Retinol Glowing Tone Up Cream,S***b,2,"Tangan saya enga putih, mangkin abu abu??"
Heyxi Retinol Glowing Tone Up Cream,X***c,2,"Baru nyoba moga COCOk,dipakenya dingin"
Heyxi Retinol Glowing Tone Up Cream,K***m,2,"Maaf gk cocok d muka sy,mkin jwtan dn kusam"
Heyxi Retinol Glowing Tone Up Cream,E***h,2,Jenis kulit: Tidk ad perubahan Biasa sja
Heyxi Retinol Glowing Tone Up Cream,L***i,2,Setelah di coba ternyata biasaa ajaah... bagusan krim saya sblm nyaa...
Heyxi Retinol Glowing Tone Up Cream,A***g,2,Paket suda sampe semoga cocok di muka saya
Heyxi Retinol Glowing Tone Up Cream,O***c,2,Emmm ga ad perubahan di kulitku
Heyxi Retinol Glowing Tone Up Cream,X***o,2,Bisa membantu hanya sesaat untuk keliatan cerah
Heyxi Retinol Glowing Tone Up Cream,E***m,2,Kok yng dtng warna pink biasa nya warna merah
Heyxi Retinol Glowing Tone Up Cream,C***e,2,.
Heyxi Retinol Glowing Tone Up Cream,A***e,2,Gak cocok.dipakai 4 hari saya punya flek.
Heyxi Retinol Glowing Tone Up Cream,H***z,2,"Sudah mau habis satu tapi belum ada reaksinya,,"
Heyxi Retinol Glowing Tone Up Cream,I***r,2,Kecewa karena lama x sampai barangnya
Heyxi Retinol Glowing Tone Up Cream,T***j,2,Udah abis 2 pket gk ada perubhn d wjh .
Heyxi Retinol Glowing Tone Up Cream,A***t,2,"Baru mencoba semoga cocok,barangnya bagus"
Heyxi Retinol Glowing Tone Up Cream,V***e,2,Baunya gak enk.. beda kya yg dlu aku beli
Heyxi Retinol Glowing Tone Up Cream,Q***o,2,baru habis 1 pot muka q malah jadi gosong
Heyxi Retinol Glowing Tone Up Cream,U***z,2,Hrga promo beli 2 cuma 1 pcs yg dtg
Heyxi Retinol Glowing Tone Up Cream,G***w,2,Katanya dapet 2 ini kok cuma dapet 1
Heyxi Retinol Glowing Tone Up Cream,H***q,2,Nanti kalau ada hasil aku balik lagi
Heyxi Retinol Glowing Tone Up Cream,I***h,2,Udah seminggu pmakaian blom kliatan perubahan
Heyxi Retinol Glowing Tone Up Cream,U***y,2,Sampe saat ini belm ada perubahan di muka aku
Heyxi Retinol Glowing Tone Up Cream,B***u,2,"Berharap cocok, tapi dikulit ndak cocok"
Heyxi Retinol Glowing Tone Up Cream,I***d,2,Katanya isi dua ini ternyata kok cuma satu
Heyxi Retinol Glowing Tone Up Cream,F***k,2,Brgnya sudah sampai tp blom dicoba
Heyxi Retinol Glowing Tone Up Cream,K***u,2,Kok kyak kbnyakn air ..atau mmg kyk gtu
Heyxi Retinol Glowing Tone Up Cream,Z***b,2,https://vt.tiktok.com/ZSaXg1Jt
Heyxi Retinol Glowing Tone Up Cream,Z***l,2,"gatel di pake nya, muka jadi bentol2"
Heyxi Retinol Glowing Tone Up Cream,Z***j,2,Maap g cocok gatal2 kecewa beli 2
Heyxi Retinol Glowing Tone Up Cream,F***o,2,Baru 2 hari pemakaian mdh²an ada perubahan
Heyxi Retinol Glowing Tone Up Cream,Y***y,2,Blm kliatan hsilnya mke dh dua mngguan
Heyxi Retinol Glowing Tone Up Cream,G***e,2,Tidak sesuai harapan yg di vidio
Heyxi Retinol Glowing Tone Up Cream,D***s,2,Tidak ada perubahan diwajah saya ..
Heyxi Retinol Glowing Tone Up Cream,J***t,2,Ku kira beneran bgus trnyata abal²
Heyxi Retinol Glowing Tone Up Cream,L***p,2,Tidak seperti yg di promosikan hasilnya🥺
Heyxi Retinol Glowing Tone Up Cream,U***x,2,Makasih bsrang nya udah nyampe semoga cocok
Heyxi Retinol Glowing Tone Up Cream,N***k,2,"Bagus si, Tapi di kulit aku gak cocok"
Heyxi Retinol Glowing Tone Up Cream,S***v,2,Disitu tertulis dpt 2 se x smpai dpt 1
Heyxi Retinol Glowing Tone Up Cream,E***i,2,Susah di keluarin gx tau kenapa
Heyxi Retinol Glowing Tone Up Cream,H***j,2,SMPK skrng blm brani untk makek
Heyxi Retinol Glowing Tone Up Cream,A***v,2,Jenis kulit: Gx cocok dengan kulit saya
Heyxi Retinol Glowing Tone Up Cream,O***j,2,Aq udh pakai kak mantul banget
Heyxi Retinol Glowing Tone Up Cream,M***u,2,𝐵𝑖𝑎𝑠𝑎 𝑎𝑗𝑎
Heyxi Retinol Glowing Tone Up Cream,Q***s,2,Jenis kulit: Malah kusam jerwatan
Heyxi Retinol Glowing Tone Up Cream,Z***z,2,Ga tau bkl trbukti gak msh proses
Heyxi Retinol Glowing Tone Up Cream,T***q,2,"Susah buat ngeblennya kalau mau buru"""
Heyxi Retinol Glowing Tone Up Cream,H***u,2,KA ko paket ny blom Dateng
Heyxi Retinol Glowing Tone Up Cream,R***c,2,Packingan kurang tebal pecah 1
Heyxi Retinol Glowing Tone Up Cream,K***x,2,Kok bau kayak obat ya kak Ngengat banget
Heyxi Retinol Glowing Tone Up Cream,N***w,2,Nunggu udh mau 2 minggu baru nyampek
Heyxi Retinol Glowing Tone Up Cream,T***m,2,Kurang cocok x di wajah akunya 😔
Heyxi Retinol Glowing Tone Up Cream,U***i,2,"make nya jadi jerawatan, abu abu"
Heyxi Retinol Glowing Tone Up Cream,Y***p,2,Biasa aja bukan yg asli ternyata👍🏻
Heyxi Retinol Glowing Tone Up Cream,Y***g,2,Alhamdulillah barang sampe bagus juga ka
Heyxi Retinol Glowing Tone Up Cream,Q***y,2,Makasih paketnya udah nyampai
Heyxi Retinol Glowing Tone Up Cream,N***r,2,Mesen ny dia yg dtng cmn satu
Heyxi Retinol Glowing Tone Up Cream,S***n,2,Kemasan kotaknya penyok semua
Heyxi Retinol Glowing Tone Up Cream,B***d,2,Saya sudah beli tapi tidak ada hasil nya
Heyxi Retinol Glowing Tone Up Cream,K***n,2,Mungkin bedanya tidak cocok buat saya
Heyxi Retinol Glowing Tone Up Cream,H***t,2,Tekstur produknya apa cair ?
Heyxi Retinol Glowing Tone Up Cream,U***j,2,Tidak sesuai dengan iklannya
Heyxi Retinol Glowing Tone Up Cream,N***b,2,Belum tau baru mau cobaheyxi
Heyxi Retinol Glowing Tone Up Cream,G***e,2,Blm tau khasiatnya karna bri makai
Heyxi Retinol Glowing Tone Up Cream,E***a,2,Manfaat produk: Ngga ada perubahan
Heyxi Retinol Glowing Tone Up Cream,C***q,2,Baru pakai 3 hari nlm keliatan hasilnya
Heyxi Retinol Glowing Tone Up Cream,Q***o,2,"Barang dah mendarat mudah,, cocok"
Heyxi Retinol Glowing Tone Up Cream,L***z,2,Kayak nya palsu koc basa ada air nya
Heyxi Retinol Glowing Tone Up Cream,R***e,2,Masih ragu untuk memakai nya di muka
Heyxi Retinol Glowing Tone Up Cream,V***b,2,Kok tambah bintik hitam nya
Heyxi Retinol Glowing Tone Up Cream,S***n,2,beli 2 kenapa d kirim nya 1
Heyxi Retinol Glowing Tone Up Cream,I***o,2,lumayanla buat yg gak suka ribet
Heyxi Retinol Glowing Tone Up Cream,R***w,2,"Bda SM yng di Iklanin,blm ad prubhn"
Heyxi Retinol Glowing Tone Up Cream,T***z,2,Uda pakek ngk ngaruh apa apa
Heyxi Retinol Glowing Tone Up Cream,Z***u,2,Pemakaian 1 pot tambah kusam
Heyxi Retinol Glowing Tone Up Cream,P***z,2,Ga cocok brutusan di pakenya
Heyxi Retinol Glowing Tone Up Cream,J***s,2,Semoga cocok karna baru mau coba pake
Heyxi Retinol Glowing Tone Up Cream,S***n,2,Suda sya trima pktku mksi
Heyxi Retinol Glowing Tone Up Cream,A***s,2,Kayak pakai dempul Nyesel
Heyxi Retinol Glowing Tone Up Cream,Y***q,2,Bagus pas di pke putih ke muka
Heyxi Retinol Glowing Tone Up Cream,L***s,2,Tidak cocok🙏muka gatal²
Heyxi Retinol Glowing Tone Up Cream,W***l,2,Baru pertama coba semuga cocok
Heyxi Retinol Glowing Tone Up Cream,S***n,2,"Sesuai pesanan,kurir nya ramah"
Heyxi Retinol Glowing Tone Up Cream,P***g,2,Kurang cocok dengan saya
Heyxi Retinol Glowing Tone Up Cream,P***l,2,G seperti yg di sponsori
Heyxi Retinol Glowing Tone Up Cream,X***j,2,Pecah gak bisa dipke.
Heyxi Retinol Glowing Tone Up Cream,S***q,2,Biasa aja bestiiiiiiiiiiiiiiii
Heyxi Retinol Glowing Tone Up Cream,I***v,1,jam 1 dini hari cs xhat customer cuma buat minta penilaian nih udah sy nilai gimana? sangat memuaskan bukan?? baru kali ini nemu toko haus bgt penilaian sampai dibela2in jam 1 mlm nekat ngecahat ke customer otaknya taruh dimana?
Heyxi Retinol Glowing Tone Up Cream,X***u,1,"Dempul, dipake dikit ga merata dipake bnyk malah abu2 , ntah la aku ke makan iklan 😒mana pas dtg isi nya gak full hadehh nyesel2 ahhhkkkk"
Heyxi Retinol Glowing Tone Up Cream,S***z,1,"Aku gak tau ini asli apa palsu krn tidak padat/ agak cair heyxi nya jadi agak lama ngebland di wajah ku,kupikir beli di sini bakal dpt yg original tapi pelsong"
Heyxi Retinol Glowing Tone Up Cream,U***z,1,"Sangat kecewa cream dua dua nya pecah,,, tidak ada safety, tolong di perhatikan cara packing,sangat merugikan pembeli"
Heyxi Retinol Glowing Tone Up Cream,F***i,1,"Ini barang nya palsu Krn setahu saya tutup nya ada 2garis dan bertekstur kasar Klo ini ga ada.....mending klo beli yg pasti"" aja Untuk reseller tolong jangan jual barang palsu"
Heyxi Retinol Glowing Tone Up Cream,P***k,1,sya kecewa di pesanan saya pilih yg 2 buah harga 52.300 ternyata yang Sampai hanya satu. sya komplen ke reseller dia tidak terima karena tidak ada vidio unboxing tapi saya fotokan keadaan nya tp tidak bisa komplen. padahal di struknya jelas1 cuma 1 pcs bacaannya tp mereka tidak terima
Heyxi Retinol Glowing Tone Up Cream,I***r,1,"Entah kenapa setelah pake produk ini muka aku jd bruntusan, tidak sesuai ekspetasi di iklannya setelah pake produk ini muka jd glowing, pas saya pake ga ngefek sama sekali... Mana beli 2 lagi ah nyesel... Korban iklan..."
Heyxi Retinol Glowing Tone Up Cream,G***b,1,"Kok di kirimnya isinya cuma 1 ya, padahal aku pesennya yg isi 2? Kecewa sih jadi kapok ❌"
Heyxi Retinol Glowing Tone Up Cream,I***s,1,Kenapa yang saya trima produk nya tidak sesuai dengan yg di iklankan???
Heyxi Retinol Glowing Tone Up Cream,D***f,1,Sangat sangat mengecewakan.... Baru pertama kali pesan . Tp pesanan sudah pecah....kecewa bgt...GK lag2 deh pesen....
Heyxi Retinol Glowing Tone Up Cream,K***v,1,Sangat mengecewakan hancur sangat hancurr...
Heyxi Retinol Glowing Tone Up Cream,V***w,1,KA ini barang saya ada yang pecah
Heyxi Retinol Glowing Tone Up Cream,S***o,1,Tmpat nya pecah bnyak belingnya.. Sy beli 4 yg pecah 3 tidak layak pakai sudah bercampur beling kecil halus.... Lain kali kalau peking nya di perbaiki lbih bgus jgn cuma bungkus gitu aja
Heyxi Retinol Glowing Tone Up Cream,P***a,1,Bahan: Aromanya menyengat bangat apa aman itu Memang di pas pertama buka ke gini heran si kitak rapi gak padat gimana ini🙏
Heyxi Retinol Glowing Tone Up Cream,L***h,1,"Katanya buy one get one, ko malah dapetnya satu... Gimna ini ga sesuai..."
Heyxi Retinol Glowing Tone Up Cream,Y***k,1,"Saya agak ragu ,setelah check ulasan yg lain dan foto produk berbeda ... tulisan latin di botol kemasan jauh berbeda ... saya check barcode cuma tertera angka barcode saja ... bukan penjelasn resmi Bpom seperti produk lain ..."
Heyxi Retinol Glowing Tone Up Cream,E***j,1,"Awalnya pas tak pakai biasa, ga perih dan nyaman, tapi setelah satu Minggu pemakaian kulit wajah jadi gosong dn terbakar😩😫"
Heyxi Retinol Glowing Tone Up Cream,O***n,1,"Pengiriman cepat tapi Mohon lebih teliti lagi dan d cek kembali saat produk akan d kirim, walaupun exp masih lama tapi d dalem kerdus penuh jamur lembab sy jadi ragu untuk pakai creamnya kalau kerdusnya seperti ini"
Heyxi Retinol Glowing Tone Up Cream,A***l,1,"Kecewa, udh ditulis dipesan opsional juga tlong kirim yg dragon blood cream malah dikirim yg retinol cream , trus buat apa ada pesan opsional??? Biar dpt hrga diskon gk gtu jga sih"
Heyxi Retinol Glowing Tone Up Cream,U***i,1,"Ini sy praktekn d tangan sy warna nya jelek gini ga ada bening2nga mala jd burik,apa lagi awal nya sy ple ke wajah malah jd iten muka sy,, tolong jng d jual lagi prodak ini g ada bagus2 nyamungkin sy sebagian orng yg kemakan iklan,,"
Heyxi Retinol Glowing Tone Up Cream,M***a,1,"Assalamualaikum mba Maaf, produk yg mba kirim itu bukan yang ori, Karna yg ori ada tanda garis 2 di bagian tutup nya , Tolong untuk penjelasannya mba."
Heyxi Retinol Glowing Tone Up Cream,Z***f,1,"Paketx SDH tiba,AQ nga tau apa ini palsux atau orix tp ko lain kaya ada putih2x nga bisa bedakan mana palsu dan orix"
Heyxi Retinol Glowing Tone Up Cream,M***r,1,Maaf Sy sengaja unboxing dlu sblm ksh ulasan negatif sy udh konfirmasi respons baik dr admin tp tdk ada etikad ganti rugi yg hancur 1 udh ya jgn slahin sy klo ksh bintang buruk kapok cukup sekali saja 👌😏
Heyxi Retinol Glowing Tone Up Cream,S***y,1,Aduh gimna ini hancur baru juga pesen ko gak amah banget ya sangat mengecewakan
Heyxi Retinol Glowing Tone Up Cream,V***x,1,"Paket sy hilang, kurirx gak mw tnggung jwb, udh slh pngtram marah2 lagii, saya sngt kecewa"
Heyxi Retinol Glowing Tone Up Cream,G***o,1,"Barang rusak, yg 1 aman, yg 1 pecah, dan toko gak MAU TANGGUNG JAWAB, KECEWA SAYA PESAN DISINI, TOKO JELEK, TOLOLL"
Heyxi Retinol Glowing Tone Up Cream,Z***f,1,Varian: 2 Pcs
Heyxi Retinol Glowing Tone Up Cream,T***m,1,Varian: 2 Pcs
Heyxi Retinol Glowing Tone Up Cream,Y***s,1,Yang datang cuman 1 buah
Heyxi Retinol Glowing Tone Up Cream,H***b,1,Varian: 2 Pcs
Heyxi Retinol Glowing Tone Up Cream,K***d,1,Tidak menerima paket sama sekali
Heyxi Retinol Glowing Tone Up Cream,Y***e,1,Varian: 2 Pcs
Heyxi Retinol Glowing Tone Up Cream,H***t,1,"Ternyata ini bukan asli ya kW nya, di pake malah kusam,isi nya dikit"
Heyxi Retinol Glowing Tone Up Cream,L***i,1,Varian: 2 Pcs
Heyxi Retinol Glowing Tone Up Cream,O***p,1,Varian: 2 Pcs
Heyxi Retinol Glowing Tone Up Cream,A***e,1,"Muka ku gosong jadi nya , jerawatan dan gatal plus makin banyak flek2 ku pakek produk ini 😭"
Heyxi Retinol Glowing Tone Up Cream,M***s,1,bikin kulit kusam baru pemakaian 3 hari
Heyxi Retinol Glowing Tone Up Cream,U***a,1,Varian: 2 Pcs
Heyxi Retinol Glowing Tone Up Cream,Z***t,1,Varian: 2 Pcs
Heyxi Retinol Glowing Tone Up Cream,E***a,1,Varian: 2 Pcs
Heyxi Retinol Glowing Tone Up Cream,e***y,1,Kendala: Kualitas barang bermasalah
Heyxi Retinol Glowing Tone Up Cream,X***q,1,Kok saya lihat yg sudah pesan sama yg punya saya kok nmor BPOM nya Sama Kemasannya Berbeda ya Nmor BPOMnya Berbeda sekali kk
Heyxi Retinol Glowing Tone Up Cream,A***t,1,Produk yg dkirim kemasan tutup nya brbeda dri yg sebelumnya. Tidak original. Dan tdk ada perubahan apa2 pdhl udh make cream nya sampe hbis.
Heyxi Retinol Glowing Tone Up Cream,W***w,1,Varian: 2 Pcs
Heyxi Retinol Glowing Tone Up Cream,I***i,1,Varian: 1 Pcs
Heyxi Retinol Glowing Tone Up Cream,H***d,1,Varian: 1 Pcs
Heyxi Retinol Glowing Tone Up Cream,R***m,1,Sangat mengecewakan yang di kirim palsu tokoh nya gak mau bertanggung jawap uda di kirim vidiyo nya gak ada respon sama sekali
Heyxi Retinol Glowing Tone Up Cream,H***u,1,Varian: 1 Pcs
Heyxi Retinol Glowing Tone Up Cream,Z***m,1,Varian: 1 Pcs
Heyxi Retinol Glowing Tone Up Cream,H***f,1,Klo dipakek bikin ngedempul itu cocoknya buat kulit putih klo item JD abu abu
Heyxi Retinol Glowing Tone Up Cream,K***z,1,No coment pokonya kecewa abis
Heyxi Retinol Glowing Tone Up Cream,G***x,1,Jenis kulit: Berminyak Bukan tambah putih tmbah hitam
Heyxi Retinol Glowing Tone Up Cream,X***i,1,Varian: 1 Pcs
Heyxi Retinol Glowing Tone Up Cream,N***j,1,Varian: 2 Pcs
Heyxi Retinol Glowing Tone Up Cream,Z***t,1,Varian: 1 Pcs
Heyxi Retinol Glowing Tone Up Cream,V***m,1,Varian: 1 Pcs
Heyxi Retinol Glowing Tone Up Cream,r***u,1,Varian: 2 Pcs
Heyxi Retinol Glowing Tone Up Cream,b***a,1,Varian: 1 Pcs
Heyxi Retinol Glowing Tone Up Cream,k***1,1,Varian: 2 Pcs
Heyxi Retinol Glowing Tone Up Cream,m***§,1,Varian: 2 Pcs
Heyxi Retinol Glowing Tone Up Cream,m***§,1,Varian: 2 Pcs
Heyxi Retinol Glowing Tone Up Cream,I***c,1,Varian: 1 Pcs
Heyxi Retinol Glowing Tone Up Cream,W***q,1,Varian: 2 Pcs
Heyxi Retinol Glowing Tone Up Cream,P***q,1,Sengaja kasih ulasan lama karna mau coba dan ternyata belum habis setengah pot muka ku bruntusan parahhhh dan bikin kusem parahh gatel” pula nyesel juga beli 2😭
Heyxi Retinol Glowing Tone Up Cream,P***n,1,tidak bagus muka malah berunstus ka gaya di iklan cerah klw pemakean seminggu
Heyxi Retinol Glowing Tone Up Cream,W***u,1,"Sy Bru buka pakety Krn sy prcya aja ma tokoy, jdi sy simpen trnyata pecah 1 dan wrny jg beda sm yang pernah sy bli di toko lain. Ini palsu GK yah? Sygy GK sy vidio pas unboxing"
Heyxi Retinol Glowing Tone Up Cream,G***v,1,Ngga ngefek
Heyxi Retinol Glowing Tone Up Cream,C***d,1,"Tidak cocok d saya, bikin timbul banyak flek kulit jadi kusam😏"
Heyxi Retinol Glowing Tone Up Cream,Q***h,1,Kenapah bukan heyxi yang dtang malah ini
Heyxi Retinol Glowing Tone Up Cream,B***e,1,"Baru tw isi nya palsu nyesel banget beli di toko ini. Sangat kecewa AQ,,, baunya GK enak isi nya acak2 kan ,,,, klw di pakek perih banget ,,, tolong klw jualan yg amanah dong kk jngan ngerugiin orang lain ,,,,, sumpah kecewa banget AQ 😭beli mahal2 GK kepakek ,,,tadi nya nyetok ,"
Heyxi Retinol Glowing Tone Up Cream,J***u,1,Kecewa udah dateng barangnya gak sesuai sama difoto.. Tulisan nya beda dengan foto. Mau dikembalikan sudah disobek bungkusnya sama bocill.. Jual y jual kak tapi sesuai lah sama difoto..
Heyxi Retinol Glowing Tone Up Cream,B***h,1,G amanah g rapih masa giliran g buka udah remek hancur🤦‍♀️ saya minta ganti rugi low ganti barang lg
Heyxi Retinol Glowing Tone Up Cream,P***q,1,Saya pesan 2 pcs. Yg dtg 1 pcs. Ko ga amanah gini.
Heyxi Retinol Glowing Tone Up Cream,S***g,1,Masa kemasan pecah gini di kirim parah banget sih ga mau order lagi disini deh😡
Heyxi Retinol Glowing Tone Up Cream,G***u,1,Pertama kali pesan.. Dapat yg asli. Kedua kali pesan dikasih yg palsu.. Awas hati2 beli di toko ini penipuan
Heyxi Retinol Glowing Tone Up Cream,X***y,1,"Kok kenapa barang yg dikirim,cuma 1pcs? Padahal waktu di live nya.. buy 1 get 1?mhon maaf saya kasih bintang 1🙄"
Heyxi Retinol Glowing Tone Up Cream,T***r,1,"Barang yg pesan semuanya hancur lebur penuh dng pecahan kacah produk nya Gimana ini...tidak amanah pengantar barangnya dua"" semuanya hancur"
Heyxi Retinol Glowing Tone Up Cream,P***w,1,"pesanan sudah sampai tpi tidak sm dg yg d pesan,kecewa banget."
Heyxi Retinol Glowing Tone Up Cream,A***x,1,Aku co nya 2 di kirmnya 1 mana toko nya gak mau tanggung jawab pula ada yg sama g.ya co nya 2 di kirmnya 1
Heyxi Retinol Glowing Tone Up Cream,O***w,1,"Di tulis dong mba harga nya sy kan ga tau barang nya apa karena pesanan sy jg ada yg Laen giliran sy cek harga nya beda harga di tembak kurir dari hari 51 jadi 57 sekean besok2 di cantumkan harga nya di depan alamat, isi nya jg di dlm nya kosong cuma di atas aja ada isi nya"
Heyxi Retinol Glowing Tone Up Cream,G***q,1,gimana sih kak barangnya pecah nggak bisa dipakaii.. kecewa saya kak pas dibuka sudah kayak gini rusak pecah
Heyxi Retinol Glowing Tone Up Cream,A***i,1,Ini gimana ya yg satu cair yg satu udah gembel tempatnya juga udah kyk berjamur
Heyxi Retinol Glowing Tone Up Cream,U***h,1,Sdh senang bngt barang ny udh sampai tau2 pas d buka pecah remuk 😭
Heyxi Retinol Glowing Tone Up Cream,P***p,1,Crim retinol nya palsu sya pke SDH 1pcs TPI GK ada perbhn SM sekali kecewaaaaa
Heyxi Retinol Glowing Tone Up Cream,I***g,1,"Min barang nya pecah,,gimana tidak bisa dipakai dua"" pecah,,etikat nya min"
Heyxi Retinol Glowing Tone Up Cream,I***e,1,ini bener ORI enggak sih .ko g ada garis d ttupnya
Heyxi Retinol Glowing Tone Up Cream,P***c,1,"Gmnaa seh kemasan kurangg aman,smpe tujuan malah Pecah gk karuan🥺"
Heyxi Retinol Glowing Tone Up Cream,R***p,1,"Kecewa produk bedaknya pecah satu kardusnya berjamur,kaya kebanjiran ,yg satunya berjamur juga kardusnya"
Heyxi Retinol Glowing Tone Up Cream,V***m,1,Selamat malam paket yg saya terima pecah. Tidak di kemas dengan baik saya kecewa
Heyxi Retinol Glowing Tone Up Cream,Y***y,1,"Liat review VT nya bagus, mudah di blend, tpi pas nyoba sendiri ternyata susah di bland, butuh efforts biar rata, Kurir juga salah anter alamatnya, padahal udh jelas bener alamatnya Nyesel dah beli 2 lagi"
Heyxi Retinol Glowing Tone Up Cream,Z***n,1,"Co kedua sangat mengecewakan produk tidak sama yg d live,katanya pindah pabrik,logika aja masak bpomnya cuman d tempel,gak asli palsu Sangat kecewa, Berharap penjual bisa kembalikan uang ku,KLO gak aku gak ikhlas Bahan: Wanginya tak sedap"
Heyxi Retinol Glowing Tone Up Cream,R***y,1,"Paket SDH sy trima sesuai,tp TDK sesuai dgn hasil nya, muka saya jd tmbh hitam udah seminggu pmakayan.sy mrsa kcwa, merasa tertipu 😩🤦🤦"
Heyxi Retinol Glowing Tone Up Cream,B***u,1,"Kenapa yg dtng gk sesuai ya kk, entah yg mana yg ori atau kw tapi yg jelas saat digunakan gampang luntur"
Heyxi Retinol Glowing Tone Up Cream,N***p,1,"Bahan: berbahaya.. penjual ga amanah.. beli 2 produk tp yg dtg 1 produknya bau menyengat, tekstur beda dengan produk yg satunya, dan warnanya juga beda. jd takut mau d pakai"
Heyxi Retinol Glowing Tone Up Cream,K***c,1,"Ini udah dateng barang nya pi yg di iklan katanya klo ttup nya tidak bergaris KW, ini ttup nya ga bergaris apa betul KW saya beli 2loh?"
Heyxi Retinol Glowing Tone Up Cream,F***v,1,Sumpah kecewa kali Gk sesuai yg datang malah mencair campur aduk warnanya pink pucat Cukup sekali ini aja udh gk mau lg mesan Bahan: Mencair bercampur
Heyxi Retinol Glowing Tone Up Cream,J***o,1,Tulisan nya beda di live ma bahasa Korea nya besar yang di kirim malah yang beda gimana si pantesan saya pke gada perubahan
Heyxi Retinol Glowing Tone Up Cream,C***f,1,"Produk hasil kemakan iklan ni😹, 2 pula Aq pesannya. B aja d muka aq"
Heyxi Retinol Glowing Tone Up Cream,P***p,1,Bahan: Lengket Manfaat produk: Gak ad. TDK sama tekstur ny dgn yg aku beli sebelum ny.kok bsa beda y. Aku gak berani pkek sebab agak lengket.maaf aku kecewa.kecewa bngt.kt ny ori
Heyxi Retinol Glowing Tone Up Cream,A***k,1,Tulisannya ada nomer BPOM padahal stlh dicek nomernya tdk terdaftar
Heyxi Retinol Glowing Tone Up Cream,V***y,1,Yang datang beda sama yang kemarin aku belik sekarang yang datang bauk banget
Heyxi Retinol Glowing Tone Up Cream,N***i,1,"Lihat sja perbedaan nya sdh saya tandai itu ,yg biasa saya pakai tdk ad tnda nya, Sangat kecewa tokoh tdk amanah mna beli 2 juga barng kw beda sma yg aku pakai biasa ny ,dri bau nya aj udh beda trs tulisan nya aj juga beda mna di buka di ats kek jamuran gitu"
Heyxi Retinol Glowing Tone Up Cream,H***a,1,aku ngak cocok di kalau di pakai muka aku perih. sudah satu Minggu ini aku ngak pakai baru di coba sudah perih
Heyxi Retinol Glowing Tone Up Cream,R***n,1,Tolong yng rapi dong di kemas nya. Beli 2 yng 1 bagus yng 1 nya ancur gk bisa di pake sama sex
Heyxi Retinol Glowing Tone Up Cream,S***q,1,Kemasan buruk isi sedikit takut kadaluarsa GK Berni pake mohon teliti lagi dalam pengemasan
Heyxi Retinol Glowing Tone Up Cream,T***p,1,"pengiriman tdk bagus, barang masa pecah walau tdk vidio saat membuka, ngapain kita pembeli harus bohong kalau memang barang datang pecah"
Heyxi Retinol Glowing Tone Up Cream,G***g,1,Produk nya ok harum sayang nya tidak cocok di muka saya beli 2 pcs tidak cocok di muka gatel dan tumbuh jerawat
Heyxi Retinol Glowing Tone Up Cream,X***b,1,Dari kemasan aja udah beda .krim yang awal aku beli udah habis 1 pot dan di muka aku cocok bgt di pake glowing putih dan lembap tp aku beli yg ke 2 ini kok packing nya ga sama kyk yg awal dan di pake ga putih glowing di muka juga kering ga lembap ...jadi takut kalo abal abal
Heyxi Retinol Glowing Tone Up Cream,B***k,1,Aku g mau ga mau kasih bintang kalo pihak TikTok membiarkan kelakuan seperti ini saya protes keras ke Bpk Presiden TUTUP TIKTOK SHOP saya sering diperlakukan seperti ini tapi saya diam reaksi saya TIDAK AKAN KASIH ULASAN berhubung ini yg sekian kali SAYA ddEMOSI DAN SAYA HARUS DIGANTI segera😡😡
Heyxi Retinol Glowing Tone Up Cream,F***a,1,Dteng 2 tpi yg satu nya kaya gtuh ka gmna nih😫
Heyxi Retinol Glowing Tone Up Cream,T***o,1,Maaf ya saya kasih bintang 1 g amanah tokonya Ko saya mesen 2 retinol crem yg dateng 1 retinol crem dan batre gimana nih
Heyxi Retinol Glowing Tone Up Cream,Y***t,1,Gimana sih ini ko pas sampai barang nya udah pecah
Heyxi Retinol Glowing Tone Up Cream,S***w,1,Tdk sesuai dngan ap yg ad dilive Jd saya tdk brni makai gmn ini kk jualan'a
Heyxi Retinol Glowing Tone Up Cream,B***e,1,Gak sma y dpsan kmaren Bda y ni y dlu aku psan tlisan kcil2 dn pndek
Heyxi Retinol Glowing Tone Up Cream,W***x,1,Kok beda2 iya kemasanya tulisannya beda2 apa ada yg palsu
Heyxi Retinol Glowing Tone Up Cream,M***n,1,Belum tau kerna pket nya baru sampe semoga cocok di muka aku
Heyxi Retinol Glowing Tone Up Cream,E***d,1,"Pas pake cream ini baru 2x,muka saya JD bentol""kaya jerawat😭apa d terusin pemakaiannya,apa stop tolong jawab????"
Heyxi Retinol Glowing Tone Up Cream,G***q,1,"Panasssss di pakee mukaaaa, udah pake 5 hari ga ad perubahan sama muka"
Heyxi Retinol Glowing Tone Up Cream,W***s,1,"Plisss gara gara pake HEYXI muka gw jadi banyak jerawat nya kusam banyak flek ,komede di setiap muka 😭😭nyesel mana langsung beli 2,baru di pake 2hari dalam semalam jerawat dah banyak😭😭 ..makin parah anjirrr HEYKI gimana ini produk nya ko malah makin parah pliss nyesel makin parah 😭😭😭😭😭😭😭"
Heyxi Retinol Glowing Tone Up Cream,X***r,1,"Kecewa barang nya datang pecah karna facking nya kurang hati""padahal barang kaca,,,,udah konfirmasi ke toko juga tapi mengecewakan....."
Heyxi Retinol Glowing Tone Up Cream,M***b,1,"Tidak sesuai isinya dan tempatnya kecil ini tidak asli,karena saya pernah beli tidak sm sekali,saya minta dibalikin uangnya"
Heyxi Retinol Glowing Tone Up Cream,Q***x,1,"Nyesel barang tidak asli,,, yg asli ada mrx halal, BPOM nya tertulis di tabung bedak😭😭😭"
Heyxi Retinol Glowing Tone Up Cream,Q***i,1,"Sangat jauh perbedaannya kk saya pesan yg pertama dengan saya pesan yg ke dua kalinya,,, perbedaannya adalah yg pertama saya,,pesan tulisan nya tulisan inggris semua Yg kedua saya pesan sekarang tulisan nya tulisan Indonesia,, Saya takut makainya nanti tidak cocok"
Heyxi Retinol Glowing Tone Up Cream,J***e,1,Baru pake 4 kali terus stop karena lagi demam tbtb duar muncul bruntusan semuka 😭😭 sebelumnya aku nggak pakai cream apapun cuma pakai FW dan sunscreen dari cetaphil Terus tergiur liat ini akhirnya malah gini 🤣 yang mau beli dilanjut aja gpp 👍🏻👍🏻
Heyxi Retinol Glowing Tone Up Cream,Y***p,1,Sawo mateng
Heyxi Retinol Glowing Tone Up Cream,L***m,1,"Paket tidak saya terima,, balikin pak kurir"
Heyxi Retinol Glowing Tone Up Cream,Q***d,1,produk bahaya pakai kimia
Heyxi Retinol Glowing Tone Up Cream,S***k,1,Kak saya mesan nya dua kok dkrim cuma satu
Heyxi Retinol Glowing Tone Up Cream,W***y,1,Barang rusak kk pecah semua pas d amboksing
Heyxi Retinol Glowing Tone Up Cream,Y***e,1,Kak bisa retur gk soal barang ea pecah
Heyxi Retinol Glowing Tone Up Cream,I***r,1,Produk palsu. gk ada aturan pakai nya
Heyxi Retinol Glowing Tone Up Cream,N***t,1,Barangnya rusak tidak bisa di gunakan
Heyxi Retinol Glowing Tone Up Cream,D***s,1,Paket yg sampai pecah
Heyxi Retinol Glowing Tone Up Cream,L***k,1,"Barang baru di buka tp isinya sudah kurang bnyak banget,."
Heyxi Retinol Glowing Tone Up Cream,N***a,1,"Sangat""kecewa sekali knpa (HEYXI) glowing ya hancur remuk gitu 😭😭😭kok gak amanh toko nya sebagai umat muslim kalau jualan yang amanah dong"
Heyxi Retinol Glowing Tone Up Cream,K***k,1,"Gak yakin,masa kaya gitu packing nya"
Heyxi Retinol Glowing Tone Up Cream,E***j,1,Udah Sampek cuman barang ya pecah
Heyxi Retinol Glowing Tone Up Cream,J***y,1,"Klu mau jdi penipu jangan Kya gini cara nya Masa kata nya klu beli dua cuma 40,500 Eh Mlah datang cuma 1 Toko ini benar kurang ajar"
Heyxi Retinol Glowing Tone Up Cream,L***a,1,Alhamdulillah sesuai dengan pesanan.mudah mudahan TDK mengecewakan
Heyxi Retinol Glowing Tone Up Cream,K***w,1,"Kurir tidak rama,kurirnya tidak bagus.. Jangan di pake lagi tu kurirnya klau bisa"
Heyxi Retinol Glowing Tone Up Cream,I***h,1,Produk ini palsu sayah sayat Ter tipu pas di buka teryata campur Aer sayah sayat kecewa tolong dong kalow jualan itu nyag cucur
Heyxi Retinol Glowing Tone Up Cream,G***q,1,saya disini belinya dua ko datang cuma satu gmn ini
Heyxi Retinol Glowing Tone Up Cream,L***u,1,Ini Q pesan yg 2 paket tp yg datang kok cuma 1 .. Ini gimana ya..
Heyxi Retinol Glowing Tone Up Cream,U***m,1,"Penipuan ini nama nya,produk tidak sesuai. SAYA ORDER CREAM HEYXI YANG DATANG BOTOL PARFUM KOSONG.SAYA MINTA PENGEMBALIAN DANA😤"
Heyxi Retinol Glowing Tone Up Cream,R***g,1,Parah pruduk sampe sini ancur semua GX bisa d pke sama sekali banyak pecahan beling y
Heyxi Retinol Glowing Tone Up Cream,D***l,1,Tdk ada manfaat nya crem ini ...!!l Pembodohan akan ku komen di live toko mu.pemakaian sdh sebulan ga ada hasil...!!!
Heyxi Retinol Glowing Tone Up Cream,Y***w,1,"Promonya, beli 1 dikirim 2, Ternyata yg datang satu.. Selernya penipu.. Gak amanah"
Heyxi Retinol Glowing Tone Up Cream,O***m,1,Gak sesuai sama barang pesenan y saya pesen cream malah datang y pil gx tw buat apa itu y Bayar mah mahal 😡😡
Heyxi Retinol Glowing Tone Up Cream,Z***e,1,Kecewa banget ihk pecah gk tau hrus ngomong apa intinyh kecewa
Heyxi Retinol Glowing Tone Up Cream,A***e,1,Barang tiba pecah trus dri pihak tokonya tdk mau tanggung jawB sdh d kirim buktinya malah gk mau bertanggung jawab. Sue lah
Heyxi Retinol Glowing Tone Up Cream,M***s,1,Ya Allah kak tolong gmn ini remuk semua 2 dua nya ancur klau brang retur jangan di kirim lagi kak Sampek benyek gini .tolong kak tanggung jawab nya .beling nya pecah .maaf saya tambah lagi buat ap bls chat saya klau GK ada tanggung jawab nya . Di sini di bls baik2 chat pribadi GK tanggung jawab .
Heyxi Retinol Glowing Tone Up Cream,S***o,1,Saya tidak puas karna barang yang saya terima rusak
Heyxi Retinol Glowing Tone Up Cream,N***l,1,Ternyata bukan yg ori. Jangan menipu pelanggan bak
Heyxi Retinol Glowing Tone Up Cream,R***b,1,"Awas barang palsu,sungguh kecewa banget,klu mau jualan jangan nipu woy"
Heyxi Retinol Glowing Tone Up Cream,S***w,1,Co hexi satu pound glow satu Dalam satu resi Kenapa di kirim jdi 4 resi Satu lagi status nua masih otw 😭 Pdhal kemaren di sistem satu resi Kenapa hari ini tiba2 berubah jdi 4 resi 🥹 Ko gini
Heyxi Retinol Glowing Tone Up Cream,J***f,1,Katanya DP 6 picis mb lagi promo cmn dpet 1 aja mb
Heyxi Retinol Glowing Tone Up Cream,W***i,1,Barang TDK sesuai dan saya mnta pengembalian dana saya .
Heyxi Retinol Glowing Tone Up Cream,C***i,1,Kurang memuaskan kulir nya GK mau nyamperin malah saya yang nyamperin GK mau ke tempat tujuan
Heyxi Retinol Glowing Tone Up Cream,K***r,1,Barang yang di kirim pecah semua..... 👎👎 Sangatt menyesalll... Buang² Uang ajaaa pesan produk ini...
Heyxi Retinol Glowing Tone Up Cream,E***n,1,Hadehhhh macam mna ini isinya setengah percuma beli 2gh dapatnya satu kalo di satuin
Heyxi Retinol Glowing Tone Up Cream,L***u,1,"Brang tidak sesuai harapan ,brng yg dikrim hancur sama tempat2 nya gk bisa dipakay sama sekali..sngat kcewa dan tidak memuaskan .kurir sangat tidk brtanggung jawab"
Heyxi Retinol Glowing Tone Up Cream,T***h,1,Kata nya beli satu geratis satu. Datang nya cuma satu
Heyxi Retinol Glowing Tone Up Cream,V***y,1,"pkt sudh xsmpai kk tpi isi nya kurang bgus krna kyk sudh di pke kyk brng bekas vc ke ngk utuh lgiz,"
Heyxi Retinol Glowing Tone Up Cream,Q***f,1,Yg 1 nya pecah acur jadi kaya bubur berserakan..sayangnya saya g sempet foto karena sibuk..langsung aja di buang sama anak saya..mau di retur jg tanggung..cuma 1
Heyxi Retinol Glowing Tone Up Cream,K***p,1,sanganlt merugikan barang tidak sesuai yg datang pesan 4pcs cuman 2pcs yg datang tdk bertanggungjawab
Heyxi Retinol Glowing Tone Up Cream,G***h,1,Kata ny memutihkan atau membersihkan ngak tau ny ini seperti beda bukan ny di pake tambah cntik malah tambah jelek lihat mu karna jadi biru mmmmmmmmmm ngak sesuai ucapan 10 hari pemakaian jong
Heyxi Retinol Glowing Tone Up Cream,A***k,1,1 produk pecah dn pihak toko tidk mengganti produk yg pecah Bahan: Gampang pecah
Heyxi Retinol Glowing Tone Up Cream,D***t,1,"angat kecewa beli di toko ini.. akun beli 2 pcs yg dikirim malah 1 pcs pdahal aku kelas beli 2 pcs dan dapet hrga murah krna aku dpet voucher pake akun baru., dan toko nya untuk gk nerima kesalahan nya,. jngan beli di toko ini klo kalen gk pngen nyesel juga nanti nya👎"
Heyxi Retinol Glowing Tone Up Cream,D***b,1,"Tidak sesuai dengan diiklan, dikasih yg kw at gimna ini, gak nempel dikulit gak menyatu malah lucu jdi nya di muka pas dipakai , saya beli sebelum nya dilain bagus keliatn menyatu dll, hrga sama, Barang gak ori/kw kah dijual dasr penipu"
Heyxi Retinol Glowing Tone Up Cream,R***a,1,"Bener² Zonk, udah beli 2 sekalian, bener GK rekomend beli di sini"
Heyxi Retinol Glowing Tone Up Cream,X***x,1,Kecewa..katanya 36rb..dpt 2pkt ternyata yg dtng cuma satu pcs
Heyxi Retinol Glowing Tone Up Cream,J***r,1,"Maaf sebelumnya ini gak tahu maksudnya apa. Aku pesen barangnya 2 pcs tpi yg 1 pcs nya isinya batu. Ini udah gak jujur Pantesan yg satunya masih di segel satunya gak dan beratnya jga terasa beda,pas dibuka mengecewakan Mohon pertanggung jawabannya Terima kasih"
Heyxi Retinol Glowing Tone Up Cream,M***s,1,Barang 1 pecah Toko tidak berniat mengganti barang dengan alasan video unboxing tidak lengkap😡👎🏻
Heyxi Retinol Glowing Tone Up Cream,Z***v,1,Barang nya palsu kata BPOM pas aku beli yg kemaren gak gayak gini
Heyxi Retinol Glowing Tone Up Cream,L***t,1,"Dibilangnya beli satu gratis satu, tapi kok ini dapet satu???"
Heyxi Retinol Glowing Tone Up Cream,H***k,1,"Barang nya kw,encer lgi pkok nya nyesel bli dtko ini"
Heyxi Retinol Glowing Tone Up Cream,M***g,1,Barang tiba dengan pecah. Merugikan Konsumen. Packingannya Buruk. Saya Tidak akan beli Lagi.
Heyxi Retinol Glowing Tone Up Cream,F***q,1,Pesan 2 nyampek satu. Kalau. Model kek gini. Saya harus. Bilang ama kawan jngan pesen lagi. Di sini gk jujur. Gak mungkin salah masul kalau bukan di sengaja
Heyxi Retinol Glowing Tone Up Cream,A***g,1,"Produck tak sesuai yg d kirim dgn pesanan dn gambar tulisan,sgt mengecewa kn."
Heyxi Retinol Glowing Tone Up Cream,T***h,1,Modus ini sy pake ga sprt iklanya katanya penganti bedak klw malas pake bedak uni muka sy make malah jd kusam nyesel bgt sy malah beli 2 lg modusssssss Bahan: Modus mending sy pake rofly rofly ketauan muka sy cerah smp malam
Heyxi Retinol Glowing Tone Up Cream,U***i,1,Ini bahaya ga ka kalo di pake dus nya aja udah item kri. Nya juga ber air gimana
Heyxi Retinol Glowing Tone Up Cream,M***f,1,Barangnya pecah kardus produknya bauu + kotor kecewa banget
Heyxi Retinol Glowing Tone Up Cream,W***x,1,Kemasannya kotor banget tumpah² lagi entah gimana
Heyxi Retinol Glowing Tone Up Cream,H***o,1,"Prudk nya g sesuai bukan BPOM yg dikirim, malah merk cina. No BPOM nya lain merk cina."
Heyxi Retinol Glowing Tone Up Cream,E***g,1,"Toko ga amanah beli yg isi 2 ko datang isi ny satu,gimana ini pertanggung jawaban ny kalau dagang yg bener jangan nipuu"
Heyxi Retinol Glowing Tone Up Cream,E***w,1,Sangat kecewa bngt pas d buka barang ny hancur ga kepake sama sekali pengiriman jg lambat
Heyxi Retinol Glowing Tone Up Cream,Y***x,1,"paket udah nyampe dan ku terima, tapi sayang pas di buka barang nya udah hancur pecah kayak gini, terus gimna mau pake nya campur aduk sama pecahan beling 😭😭😭😭"
Heyxi Retinol Glowing Tone Up Cream,E***f,1,"Barang nya kok gag sama seperti kebanyakan punya toko lain,jgn² palsu ni, tulisan Ndak sama, produksi nya jg beda,palsu apa?"
Heyxi Retinol Glowing Tone Up Cream,G***j,1,"Dipesanan jelas tertera 2 pcs dengan hara 55k,ternyata datang nya 1 wkwkk,salah saya juga pas unboxing ga di video karena percaya ,eh ternyata wkwk"
Heyxi Retinol Glowing Tone Up Cream,B***c,1,"Yg saya beli tidak sesuai gambar palsu,dr tutup nya sudah beda kecewa"
Heyxi Retinol Glowing Tone Up Cream,R***l,1,Bismillah...ya semoga cocok dan bener mencerahkan iya saya kasih bintang 1 dulu iya belum tak coba kalau udah ada hasil batu kasih bintang 5 deh
Heyxi Retinol Glowing Tone Up Cream,Y***l,1,Katanya yang asli ada garis 2 nya ini kok gaada ya?
Heyxi Retinol Glowing Tone Up Cream,B***o,1,Kok barangnya cuma satu yang datang sedangkan di fotonya 2 GI mana kak kok gak sesuai
Heyxi Retinol Glowing Tone Up Cream,Z***h,1,Ini barang nya bukan aslix.krn penutupx polos d sampingx.
Heyxi Retinol Glowing Tone Up Cream,T***y,1,Pas di pake kena wajah iritasi merah2dan berjerawat 😡 nyesel banget deh pake produk ini
Heyxi Retinol Glowing Tone Up Cream,V***h,1,"Ternyata ini yg palsu,tutup nya polos ngak ada garisnya ,"
Heyxi Retinol Glowing Tone Up Cream,T***q,1,Baru sampe dibuka pecah udah gitu dipake lengket dan gatel
Heyxi Retinol Glowing Tone Up Cream,G***v,1,"Kenapa jadi jerawatan pake ini,,barang yg dikirim retinol cream bukan sesuai dengan digambar yg dragon blood cream,padahal ini beli nya di mall loh"
Heyxi Retinol Glowing Tone Up Cream,W***j,1,Bahan: Kecewa krna tdk sesuai ekspektasi.dru segi tekstur. Bauh. Jenis dan warna sudah berbeda
Heyxi Retinol Glowing Tone Up Cream,H***c,1,"Bahan: Tidak memuaskan Manfaat produk: Tidak wangi dan tidak sesuai dengang produk ny saya kecewa Jenis kulit: Kenapa saya pake muka saya udah seperti ini gatal"" di muka"
Heyxi Retinol Glowing Tone Up Cream,K***d,1,Bahan: Saya sangat kecewa. Krna barang yg saya pesan tdk sesuai dengan yg d gambar dari segi tekstur. Bentuk. Warna dan bauh ya berbeda. Klu jualan itu yg jujur jgn menjual barang2 yg tdk layak d pakek atau barang KW
Heyxi Retinol Glowing Tone Up Cream,F***q,1,Brang sudah sampai agak kecewa warna nya agak pucat gak secerah di video
Heyxi Retinol Glowing Tone Up Cream,S***o,1,Jenis kulit: kok gak penuh ia ak KL beli yg lain penuh kok ini beda ia🙏
Heyxi Retinol Glowing Tone Up Cream,Y***u,1,"Paket saya sudah sampai, langsung saya coba, nggak cocok di kulit saya, langsung gatel banget mukaku, padahal harannya sesuai apa yg di iklankan😭😭"
Heyxi Retinol Glowing Tone Up Cream,R***n,1,Paket udh sampai aka sy coba dlu.. Bagus apa ngak sy blm punya pendapat
Heyxi Retinol Glowing Tone Up Cream,Y***m,1,"Barang yg dtg g Asli Klw yg asli tulisan Jepang nya Besar Tekstur nya g lengket dikuliti,,cair"
Heyxi Retinol Glowing Tone Up Cream,B***f,1,Paket udah Sampay tapi blm coba semoga hasilnya bagus
Heyxi Retinol Glowing Tone Up Cream,V***g,1,"aku ksih bintang⭐ ya kakak krn cream nya gk ada perubahan sm skli, sengaja lama kukasih ulasannya menguji gmn cream nya ternyata uda hbs 1 botol gk ada perubahan sikit pun"
Heyxi Retinol Glowing Tone Up Cream,G***y,1,Kok kayak ini isi ny jd takut kak mau pakek nyo dak sesuai dengan vidio ny
Heyxi Retinol Glowing Tone Up Cream,T***q,1,"Kecewa dengan produknya, tdk sma dengan yg di iklan kan.. Katanya bisa menyamarkan noda wajah tp ini biasa aja cm kayak pke pelembab..di pake jg terasa gatal,."
Heyxi Retinol Glowing Tone Up Cream,U***p,1,Pas liat2 Knpa tempat ya beda . Yg di psen tulisan di tmpt ya tulisan Jepang hurup besar kalau ini mah kecil poko ya beda yg di pesan kan.. Soal ya takut ke muka wajh ku.. Ini juga baru tiba.. Coba jelasin
Heyxi Retinol Glowing Tone Up Cream,A***q,1,Sy bingung.. Yg sy beli ini ori apa palsu soalnya sy liat di live2 yg lain katanya tutup nya ada gatis nya tapi yg sy punya polos.. Tolong jwb ya kak.. Soalnya sy beli 2 mumbajir Bajir..
Heyxi Retinol Glowing Tone Up Cream,F***c,1,😭🙏mohon maaf aku pertama beli lngsung kecewa begini😭🙏langsung beli 2 malah yang satu pecah GK bisa lagi d pake soalnya udah kecampur sama bubuk kaca yg pecah😭gimna ini mau return tapi ribet😭
Heyxi Retinol Glowing Tone Up Cream,U***n,1,"Pket udh smpe,,,,,Bru pmblian prtma smga produk yg sya bli ORI y n cocok dkuli"
Heyxi Retinol Glowing Tone Up Cream,I***s,1,"Jgn kemakan iklan,sy sudah coba udah abis satu botol,ini sengaja baru ksih ulasan,GX ada perobahan flek ttap ada boro ilang,mnyamarpun tidak🤦😇KLO y komen bgus mungkin saja itu teman sendri, smua juga blum ada yg bner"" ngilangin flek,"
Heyxi Retinol Glowing Tone Up Cream,H***e,1,"Baru pke 3 hari langsung keluar jerawat......ak GK punya jerawat pke cream ini JD byk jerawat muncul"" dr hidung ..trus k pipi ..."
Heyxi Retinol Glowing Tone Up Cream,A***b,1,"Bahan: Putih semua Manfaat produk: Memutihkan Jenis kulit: Semua Krimnya ada yg jelek seperti kadaluarsa, palsu gitu oplosan"
Heyxi Retinol Glowing Tone Up Cream,G***n,1,Ini ko malah lebih encer beda dengan yang aku pake sebelumnya 😚
Heyxi Retinol Glowing Tone Up Cream,Z***l,1,"Takut bgt makainya ,soalnya kardusnya berjamur takut udah kedaluarsa."
Heyxi Retinol Glowing Tone Up Cream,O***n,1,Kok kaya kW ya aku beli tekstur nya tidak menyatu di kulit no recommended
Heyxi Retinol Glowing Tone Up Cream,K***r,1,"Udh beli 2 blm ada perubahan. Udh mau habis 1 pot blm ada berubah an jga. Plis udh muak bngt gonta ganti mlu produk ujung"" Ny k makan iklan mlu😤"
Heyxi Retinol Glowing Tone Up Cream,E***o,1,Minta balik uang deh.katnya kalau yg asli d bagian tutup ada garis 2; nah gw ko g ada ya .Berti palsu ya
Heyxi Retinol Glowing Tone Up Cream,B***m,1,Ini produknya bukan asli masak kayak gini orang yg di iklan GK kyak gini baunya dh nyengat bikin batuk anak q aja
Heyxi Retinol Glowing Tone Up Cream,G***f,1,"aku kasih bintang satu, saya kecewa dengan produknya dan saya kecewa dengan harga yg saya beli tidak cocok sama yg saya trima di rumah bila barang datang, saya beli di Haraga 57.216 kenapah nyampek rumah berbeda harga jadi 68.000, trus kenapah kardusnya berjamur, kayak udah lama dan GK layak di pak"
Heyxi Retinol Glowing Tone Up Cream,G***r,1,"Mau tanya ini skincare isinya apa aja awal pkek bagus tapi lama"" Muncul komedo muka yg awalnya gk pernah komedoan jadi komedoan sering muncul jerawat juga dan gong nya sekalinya gk pkek muka langsung gatal dan besoknya langsung bengkak ini gimna yaa mohon di jawab admin!!!!"
Heyxi Retinol Glowing Tone Up Cream,H***n,1,Paketan udah xmpek... Lngsung sy pkek tp kyk panas... Padahal sy pesen 2 pas gk kpkek tkut mo makek lg... Tkut tmbh panas
Heyxi Retinol Glowing Tone Up Cream,P***b,1,"Kecewa pembelian ke 2 ini,barangnya beda yg pertama masih bertekstur yg ke 2 ini encer x,saya takut memakenya"
Heyxi Retinol Glowing Tone Up Cream,H***w,1,"kemasannya rusak beling nya pecah sampai ke pruduk nya!!! jdi ga berani pake ke muka, krn bener' hancur dan rusak parah, buat admin nya tolong kemasannya diperbaiki lgi, jangan pelit' bubble wrap!!! ini bener' rusak parah beling nya sampai masuk' ke produk nya, bener' ga sesuai ekspektasi!"
Heyxi Retinol Glowing Tone Up Cream,I***i,1,"Brusan aku kecewa beli cream heyxi barangx hancur bau busuk,slm ini aku g pernah kecewa am tiktok,klo pesan barang sesuai pesananku,aku lama sx langganan di toko tiktok g pernah kecewa kan aku,aku g ksi penilaian ini hari sebab brgku smpai ini hari di rmh,pas aku buka rusak barangx"
Heyxi Retinol Glowing Tone Up Cream,F***u,1,Lembab takut palsu soalny kerdusny rusak dn lembab berjamur
Heyxi Retinol Glowing Tone Up Cream,Q***e,1,Trima kasih ..barang nya sudah aku trima .isi di dalam kenasansisa dikit sekali.. lobang dalam kemasan dua dua..
Heyxi Retinol Glowing Tone Up Cream,I***a,1,"Cair banget gk sesuai bgt sm yg aslinya kayak berasa kena tipu saya, mana tulisan nya pun beda dari yg lain, kok punya orang sm punya saya beda mana cair pula, kok bisa ya saya dikirim in yg palsu sedangkan yg orang lain asli Manfaat produk: Gk ada manfaat sama sekali bagi saya beneran ke tipu ini"
Heyxi Retinol Glowing Tone Up Cream,L***m,1,"Kok beda y sama yg AQ pakai bedaknya,, warna nya tidak bening dan baunya jga lain,,"
Heyxi Retinol Glowing Tone Up Cream,K***t,1,"Kapok beli yg harga segini,harga emang mempengaruhi kualitas, pas buka kotaknya aja, langsung bau menyengat😭😭ga enak Aku coba dikulit tangan, cekit2 gatal"
Heyxi Retinol Glowing Tone Up Cream,U***q,1,Ko baunya eg enak yach...terus wanginya beda waktu yang pertama ak beli..kemasannya juga eg rapi...
Heyxi Retinol Glowing Tone Up Cream,Z***w,1,Kak ini gimana aq pesen cream mala ngirim gunting
Heyxi Retinol Glowing Tone Up Cream,B***x,1,"Maaf kak,koq ga bisa scan barcode?tekstur krimx encer,trus ga wangi sperti yg orang² review sblmx klo ASLI katanya wangi tpi tdk menyengat,,ini koq baunya kayak obat gitu ya,,!!!"
Heyxi Retinol Glowing Tone Up Cream,S***i,1,saya beli pertama sama yang sekarang kok beda ya yang sekarang tuh kek bercair banget dan beda warnanya
Heyxi Retinol Glowing Tone Up Cream,U***i,1,Review jujur. Ga cocok bikin jerawatan. Oksidasi nya tinggi bikin abu2 kalo udah siang
Heyxi Retinol Glowing Tone Up Cream,D***f,1,Ini ko pas dipakai seperti ada dicampur air gak menyerap ke kutip JD harus pake tisu dilapin dulu yg butur2 putih sih nempel cuma seperti ada campuran air JD berpisah cream putih sama yg jeli pink itu yg putih udah nempel yg jeli masih basah di tangan
Heyxi Retinol Glowing Tone Up Cream,K***t,1,"Dikembalikan Krn waktu dibuka, kardusnya lembab. Keadaannya jg pecah. Lalu pengembalian dana. Agak repot sih. Nextnya lebih teliti lg dlm pengiriman. Barang dicek dulu agak kualitas bagus dan Cust GK kecewa. Chat tetap dibalas walau respons agak lama Krn weekend."
Heyxi Retinol Glowing Tone Up Cream,G***f,1,Bahan: Bahan nya bagus aroma bedaknya pun wangi cocok untuk kekulit tp sayang paket yg saya terima bedaknya pecah satu di dlm nya nya mk dr itu saya kecewa dgn pengiriman bedaknya yg saya dpt hanya 1 yg utuh bdknya
Heyxi Retinol Glowing Tone Up Cream,F***n,1,"Bahan: Lembut Manfaat produk: Diaku gak ada perubahan sama sekali. Wajah ku tetap bruntusan, trs gk bikin putih yg ada biasa² aja. Malah makin kusam wajah ku Jenis kulit: Berminyak, malah makin berminyak pakai ini."
Heyxi Retinol Glowing Tone Up Cream,L***w,1,Maaf 2 pcs pas co nya dengan harga 54 yg Dateng 1
Heyxi Retinol Glowing Tone Up Cream,A***f,1,Maaf bosq barangnya yg dtg pecah isi nya ke cecer
Heyxi Retinol Glowing Tone Up Cream,Y***j,1,Kok Tulisan nya GK sama iya dgn yg di Foto pruduk
Heyxi Retinol Glowing Tone Up Cream,F***v,1,"Bedak nya bagus,tapi barang nya sampai udah rusak"
Heyxi Retinol Glowing Tone Up Cream,V***c,1,Mf kak saya pesen nya yg 2 psng knp yg dtg cmn 1
Heyxi Retinol Glowing Tone Up Cream,E***f,1,Brg SDH smpi tp kok sprtny di colek ya gmn ni kk
Heyxi Retinol Glowing Tone Up Cream,L***v,1,ga cocok 2x pemakaian langsung bentol plus gatel
Heyxi Retinol Glowing Tone Up Cream,N***z,1,Itulah warna bedaknya KK GK sesuai dgn yg dilive
Heyxi Retinol Glowing Tone Up Cream,K***j,1,Bahan: Palsu Kamu mengklaim barang saya palsu. Padahal barang heyxi saya dari toko kamu. Jadi punya kamu juga palsu
Heyxi Retinol Glowing Tone Up Cream,Y***l,1,Tokonya gak waras masa di iklan 2 di kirimnya cuma 1.
Heyxi Retinol Glowing Tone Up Cream,D***n,1,Kk saya pesan dua kok yg dateng satu sy bayar 68 kk
Heyxi Retinol Glowing Tone Up Cream,M***x,1,Saya beli HEYXI tapi yang datang kosong Saya kecewa dan saya kapok berbelanja di toko anda saya minta tanggung jawab nya dan saya minta uang saya kembalikan
Heyxi Retinol Glowing Tone Up Cream,V***f,1,gimana nih kak ko paket saya lama sekali dtngnya?ini malah saya liat udh di terima.padahal itu bukan ke saya gimna kak tolong lah .itu buktinya.. tapi itu bukan ke tempat saya kak.kmna paket saya? kurir pun tidak bisa di hubungi.bukan kurir langganan
Heyxi Retinol Glowing Tone Up Cream,T***k,1,Barang yang datang tidak sesuai bli krim heyxi yang datang sidomuncul vit c1000 Toko tdk amanah
Heyxi Retinol Glowing Tone Up Cream,E***v,1,"Saya sangat kecewa krn tidak sesuai yg terterang katanya 2 pcs terus cuma 1 pcs sampai,baru saya pengembalian kenapa cuma 27rbu dana saya dikembalikan,kalo pengamen dana itu harus sesuai yg terterang di akun bukan cuma 27rbu dkmbalikan.seharunya 79rbu lbh.penipuan"
Heyxi Retinol Glowing Tone Up Cream,K***u,1,Paketx kenapa cuman 1 aja padahal sepalet isi 2 knapa cuman 1 gi mna nc tokox
Heyxi Retinol Glowing Tone Up Cream,P***x,1,Tokonya GK amanah datangnya lambat sy beli 2 yg satu pecah
Heyxi Retinol Glowing Tone Up Cream,X***s,1,tidak sesuai pesanan pas di buka dari kemasan kardus pecah jadi ga kepake krna banyak pecahan beling
Heyxi Retinol Glowing Tone Up Cream,L***o,1,Barang e palsu kecewa berat😥 klau jualan yg Amana Ben banyak pelanggannya
Heyxi Retinol Glowing Tone Up Cream,C***f,1,"Salah satu barang yg saya pesan rusak dan pecah,,saya sudah ajukan dan katanya minta video full padahal saya sudah kirim,menyesal beli di toko ini yg tidak bertanggung jawab"
Heyxi Retinol Glowing Tone Up Cream,Z***y,1,Min...tolong heyxi nya ini palsu tidak seperti yg saya beli pertama x...
Heyxi Retinol Glowing Tone Up Cream,L***j,1,"Ma""f ya kak paket ny kok kotak nya udh berjamur kayak gitu ya, mau makek ny takut"
Heyxi Retinol Glowing Tone Up Cream,U***y,1,"Mukaku jadi bengkak dan kusam parah masih ada yg belum d buka, bingung mau d apain"
Heyxi Retinol Glowing Tone Up Cream,F***u,1,"Sy pake baru 1 mnggu,satu pot blm habis,TPI d muka gatel dn kluar betol"",, Sy komen d live,mlh d bisukn komen sy, Sy cuma tanya in epex ap emng g cocok,jdi gatel,"
Heyxi Retinol Glowing Tone Up Cream,O***s,1,Produk nya datang nya cuma satu chekout nya dua
Heyxi Retinol Glowing Tone Up Cream,A***t,1,Ini gmn ya barang ny sampai ke saya sudah pecah
Heyxi Retinol Glowing Tone Up Cream,M***u,1,Bukannya beli 1 dapat 1 Ini kok dapat 1 produk
Heyxi Retinol Glowing Tone Up Cream,B***t,1,Pembayaran tidak sesuai di resi Yang seharusnya harga 28sekian harus bayar 40rb.pdhal aku ambil yang gratis ongkir & ada potongan harga
Heyxi Retinol Glowing Tone Up Cream,A***c,1,Barangnya tdk sesuwai harapan...katanya beli satu dapat satu ko ini malah yg datang cmn satu
Heyxi Retinol Glowing Tone Up Cream,L***z,1,Barangnya sudah sampai TPI pas di buka pencah aph blh bisa di ganti
Heyxi Retinol Glowing Tone Up Cream,Q***f,1,Kak ni brgx kw ya.tutupnya gak ada garis 2 nya.tutpnya polosan
Heyxi Retinol Glowing Tone Up Cream,U***z,1,"Barang falsu, yang asli tutupnya ada garis nya ini polos"
Heyxi Retinol Glowing Tone Up Cream,J***f,1,"Tidak sesuai di gambar, kayak produk palsu krna warnanya agak lain🙏"
Heyxi Retinol Glowing Tone Up Cream,V***g,1,"Kok beda yaa teksturnya, dari segi warna pun beda,jadi takut pakai, Klw gini jgan salahkan saya bilang gk amanah yaa Tolong di jlaskan perbedaan nya yg saya dapat"
Heyxi Retinol Glowing Tone Up Cream,N***e,1,"Kak bedak nya encer kak halus juga,ngk kyak yg kakak spil"
Heyxi Retinol Glowing Tone Up Cream,T***r,1,ragu mau pakainya katanya kalu asli di tutup nya ada garis 2 ini tidak ada ...tergiur murah...🤦🙏🤦🤦
Heyxi Retinol Glowing Tone Up Cream,X***e,1,Kecewa Harga segitu biasanya kemasan 50g ini ko 30g Tutup nya juga GK ada garis 2 nya Tidak wangi seperti yg biasa
Heyxi Retinol Glowing Tone Up Cream,I***u,1,Cream yg saya terima palsu wangi dan warna cream beebeda dari sbelumnya
Heyxi Retinol Glowing Tone Up Cream,C***p,1,"Gak cocok d aku, langsung keluar jerawat dan beruntusan kyak gini 😫😤"
Heyxi Retinol Glowing Tone Up Cream,N***y,1,pliss tolong😭😭 ini gimna hexyi paket aku pecah pake bangtt remuk banget pot nya bner bner ga bisa di pake samsek soalnya serpihan kaca nya nyatu di krimm kecewa bnget sih ini pertama kali order aku order karena ngeraca cocok di kasih ade aku abis satu pot pas order malah ngecewain gini
Heyxi Retinol Glowing Tone Up Cream,W***x,1,"Sy nyesel beli produk ini, tidak cocok pakai produk ini, kulit jdi kusam berjerawat jga, mna beli nya 2 pot..😫"
Heyxi Retinol Glowing Tone Up Cream,P***z,1,Katanya KLO yg asli ttp botol nya 2 garis Tapi yg gw trima ttpnya GK ada garis nya
Heyxi Retinol Glowing Tone Up Cream,Z***c,1,Udah deh kalo mau beli sekincare yang pasti² aja jgn fomo sayang uang kalian Soalnya kemaren habis beli bukan harusnya kulitnya sehat malah bruntusan parahh bgt Sayng bgt jdi ga kepakai buang² aja 🥲
Heyxi Retinol Glowing Tone Up Cream,H***r,1,paket ny barusan smpe. tapi ko ragu. kta ny yg asli tutup ny garis dua.tapi ko ini gk ada garis nybsama se kali😔 berarti ❌
Heyxi Retinol Glowing Tone Up Cream,D***e,1,Gak ngaruh di kulit saya sudah habis 1 GK putih pun yang ada tambah kusam Saran saya jgn terlalu percaya sama promosi orang putih
Heyxi Retinol Glowing Tone Up Cream,M***z,1,Tidak sesuai hrpan tulisan cina ini kcil klu dlu yg aku pesen gde tulisan cina ny .bauny jga beda klu ini yg dtng 2 g bau wangi .TDK wngi
Heyxi Retinol Glowing Tone Up Cream,N***h,1,Sy beli pilihnya di mall ori berharap produk iri dan pengemasan baik.....ini pengemasan asal asalan pengaman bublewrape tipis hanya selapis sangat mengecewakan barang hancur bknpecah
Heyxi Retinol Glowing Tone Up Cream,F***v,1,kurang yakin sih soalnya kata orang tutup nya yanga alsi begaris ini polos
Heyxi Retinol Glowing Tone Up Cream,T***j,1,"Bun ini q udah pakai tapi kok pertama kali pakai dempul ya ,"
Heyxi Retinol Glowing Tone Up Cream,O***b,1,Ini ko kaya barang palsu encer lagi ga seperti yang pernh aku beli di tik tok kalau jual yg amanah dong
Heyxi Retinol Glowing Tone Up Cream,G***v,1,Hallo ka Paket nya sudah sampe
Heyxi Retinol Glowing Tone Up Cream,I***r,1,"Saya kecewa Barang ny tidak sesuai,tidak menyatuh di kulit,banyaklah air ny ,isi ny tidak penuh ,"
Heyxi Retinol Glowing Tone Up Cream,P***y,1,Buat muka berjerawat kok mlh agak parah sih baru 3hari pake
Heyxi Retinol Glowing Tone Up Cream,L***h,1,Tidak sesuai pas ak oleh di muka sngat bercair bnget pemakaian 2 kali muka ku langsung bruntusan mf aku ksih bintang 1 krna emang gk sesuai gak cocok di muka ku nyesel beli 2 🥺
Heyxi Retinol Glowing Tone Up Cream,O***y,1,Tidak ngeblend...seperti cat warna putih..dipake tdk meresap ke kulit..jadi bingung ini apa sebenarnya...?
Heyxi Retinol Glowing Tone Up Cream,Y***j,1,Kok beda tulisan koreanya ya?
Heyxi Retinol Glowing Tone Up Cream,T***s,1,Produk nya cair tidak mecerahkan kulit dan wangi nya kayak sabun mandi beda dengan pruduk yg lama saya beli
Heyxi Retinol Glowing Tone Up Cream,D***f,1,Barang SDH dtg pketan bagus tp syg cream nya isinya g penuh kyak KBS diambil gtu hasil blom dicba
Heyxi Retinol Glowing Tone Up Cream,O***b,1,"Krim nya beda dr yg biasa aku beli, ini banyak air, dan dan isinya lebih sedikit, pengirimannya lama banget"
Heyxi Retinol Glowing Tone Up Cream,X***e,1,"Manfaat produk: Gak cocok di mukaku Malah timbul bintik2 seperti biang keringat di seluruh mukaku, dan juga terasa perih dan panas.muka terlihat tambah kusam. Tapi emang gak cocok di kulit aku aja mungkin ya. Baru kasih ulasan soalnya mau coba dulu Dan ternyata zonk😔 Bukannya bersih muka malah tambah parah"
Heyxi Retinol Glowing Tone Up Cream,J***v,1,Produk palsu tidak sesuai dngan yg di iklan kn
Heyxi Retinol Glowing Tone Up Cream,S***t,1,Barang tidak sesuai dengan gambar dan pesanan
Heyxi Retinol Glowing Tone Up Cream,E***s,1,Misi ka knp ya paket nya cuma datang nya satu
Heyxi Retinol Glowing Tone Up Cream,W***y,1,"Kecewa , digambar dapat 2 yg diterima cuman 1"
Heyxi Retinol Glowing Tone Up Cream,U***p,1,"Saya ga cocok langsung break out , stress banget"
Heyxi Retinol Glowing Tone Up Cream,K***l,1,"Hadeh ini gimana kok pecah gini, kecewa.."
Heyxi Retinol Glowing Tone Up Cream,F***e,1,2 pcs Ko dapat 1 doang retinol ya yg dtang 1
Heyxi Retinol Glowing Tone Up Cream,Y***i,1,Yang amanah dong jualan pesen 2 d kirim 1 doang
Heyxi Retinol Glowing Tone Up Cream,T***h,1,Kecewa yang datang tidak sesuai yang di foto
Heyxi Retinol Glowing Tone Up Cream,G***d,1,Bahan: Tmpatx pecah ..Bru d terima SDH pecah
Heyxi Retinol Glowing Tone Up Cream,C***h,1,Saya kecewa Krn cream tidak sesuai digambar.
Heyxi Retinol Glowing Tone Up Cream,L***i,1,Tadi malem aku lihat Live cream ini ternyata yg aku bli KWnya bukan yg asli
Heyxi Retinol Glowing Tone Up Cream,S***x,1,Produk yang dikirim rusak pecah Mengecewakan
Heyxi Retinol Glowing Tone Up Cream,A***r,1,kecewa warnanya butek dan buat wajah gelap
Heyxi Retinol Glowing Tone Up Cream,D***f,1,"Pengiriman cepat, tpi barkotnya g bisa cek"
Heyxi Retinol Glowing Tone Up Cream,F***c,1,"Kecewa tidak ada perubahan sama sekali, mana saya kebali beli 2 lagi"
Heyxi Retinol Glowing Tone Up Cream,D***v,1,Tekstur nya beda dari yang kemarin saya pesan
Heyxi Retinol Glowing Tone Up Cream,H***s,1,Katanya kalo tidak ad garis emasnya palsu
Heyxi Retinol Glowing Tone Up Cream,O***x,1,Tidak sesuai produk nya
Heyxi Retinol Glowing Tone Up Cream,W***n,1,Toko tidak amanah beli 2 datangnya 1 pic
Heyxi Retinol Glowing Tone Up Cream,B***y,1,kemasannya rusak jadi hancur gak bisa di pakai tolong lebih amanah lagi
Heyxi Retinol Glowing Tone Up Cream,N***g,1,Kok kemasannya GK ada ttup segelnya kak?
Heyxi Retinol Glowing Tone Up Cream,W***h,1,packingannya kurang rapi Sampek pecahh
Heyxi Retinol Glowing Tone Up Cream,N***a,1,"Barang yg datang tidak sesuai,ini cair"
Heyxi Retinol Glowing Tone Up Cream,B***s,1,Barang baru nyampe di buka kok bekas pake
Heyxi Retinol Glowing Tone Up Cream,A***k,1,"Mkin di psen,, naik trus ongkir'a"
Heyxi Retinol Glowing Tone Up Cream,K***k,1,Makasih barang udah sampai sesuai pesanan
Heyxi Retinol Glowing Tone Up Cream,Z***c,1,Bedak apaan ni dempul dipakek GK rata
Heyxi Retinol Glowing Tone Up Cream,S***x,1,Barang rusak 1 kak
Heyxi Retinol Glowing Tone Up Cream,L***f,1,Buruk kotaknya sudah berjamur lembek
Heyxi Retinol Glowing Tone Up Cream,Y***d,1,"Aku ga tau ini ori atau tidak, lambang bpom ny cuma ditempel gtu aja,ud gtu, putih nya saat dipakai saja...bukan untuk memutihkan. Tp awal pembelian brand ini di toko yg berbeda, bpom nya bener2 nyatu di box nya, bukan sekedar ditempelin, tekstur nya jga tidak terlalu encer sprti yg ini..."
Heyxi Retinol Glowing Tone Up Cream,P***w,1,Katanya di kirimnya duwa tp kok cuman 1
Heyxi Retinol Glowing Tone Up Cream,M***j,1,katanya dapat 2 koq saya cm dapat 1
Heyxi Retinol Glowing Tone Up Cream,N***d,1,Tutup nya rusak retak
Heyxi Retinol Glowing Tone Up Cream,O***c,1,Barang tdk bs di pakai pecah semua
Heyxi Retinol Glowing Tone Up Cream,M***k,1,Saya beli 1pcs ko datang nya 2kali
Heyxi Retinol Glowing Tone Up Cream,S***f,1,Produknya palsu di iklan tutupnya beda
Heyxi Retinol Glowing Tone Up Cream,N***r,1,Kok biasanya dia isi cuma satu kk
Heyxi Retinol Glowing Tone Up Cream,J***j,1,Gaa bisa di pake pun... Pecaaah.
Heyxi Retinol Glowing Tone Up Cream,R***p,1,Isinya gak penuh cuma separuh kosong
Heyxi Retinol Glowing Tone Up Cream,V***i,1,Paket saya mengalami kerusakan
Heyxi Retinol Glowing Tone Up Cream,D***e,1,barang nya bagus sesuai pesanan
Heyxi Retinol Glowing Tone Up Cream,H***v,1,kok ngga sesuai yg dtng cumn 1
Heyxi Retinol Glowing Tone Up Cream,U***s,1,Tidak sesuai pesen 2 dikirim 1
Heyxi Retinol Glowing Tone Up Cream,C***u,1,Tidak jelas
Heyxi Retinol Glowing Tone Up Cream,K***t,1,Cream nya encer kebanyakan air
Heyxi Retinol Glowing Tone Up Cream,L***n,1,prodak tidak sesuai
Heyxi Retinol Glowing Tone Up Cream,H***n,1,Kenapa jadi beruntusan iya ka
Heyxi Retinol Glowing Tone Up Cream,Z***d,1,Beda sama yg temen saya beli
Heyxi Retinol Glowing Tone Up Cream,S***j,1,"kecewa barang pecah,tidak amanah"
Heyxi Retinol Glowing Tone Up Cream,O***h,1,Ternyata ta produknya palsu
Heyxi Retinol Glowing Tone Up Cream,U***w,1,Pesan 2 pcs tpi yg datang 1 pcs
Heyxi Retinol Glowing Tone Up Cream,I***y,1,Buruk sekali datang cuma 1
Heyxi Retinol Glowing Tone Up Cream,Y***s,1,Parah banget barang ancur
Heyxi Retinol Glowing Tone Up Cream,F***z,1,Dpakai malah tambh gosong
Heyxi Retinol Glowing Tone Up Cream,W***o,1,1 pcs isi. Nya brapa si
Heyxi Retinol Glowing Tone Up Cream,T***f,1,D ganti gk ya Ni pecah 1
Heyxi Retinol Glowing Tone Up Cream,M***b,1,Dikirim yg palsu kesel banget
Heyxi Retinol Glowing Tone Up Cream,Q***a,1,Bahan: Bahan nya GK asli
Heyxi Retinol Glowing Tone Up Cream,X***v,1,Barang dikirim cuma 1pcs
Heyxi Retinol Glowing Tone Up Cream,H***u,1,Kurang suka sama creamny
Heyxi Retinol Glowing Tone Up Cream,X***p,1,Manfaat produk: Biasa aj
Heyxi Retinol Glowing Tone Up Cream,X***b,1,Bahan wangi
Heyxi Retinol Glowing Tone Up Cream,M***x,1,"Beli 2 yang 1 hancur,,,"
Heyxi Retinol Glowing Tone Up Cream,E***r,1,Pesan 2 yang datang 1
Heyxi Retinol Glowing Tone Up Cream,G***c,1,Bagus NNT ambil lagi.
Heyxi Retinol Glowing Tone Up Cream,N***s,1,Bru nympe smoga cocok
Heyxi Retinol Glowing Tone Up Cream,U***m,1,Kecewaaa bangett😭
Heyxi Retinol Glowing Tone Up Cream,L***w,1,Kurirnya ga respect 👎
Heyxi Retinol Glowing Tone Up Cream,R***l,1,Isi ny cuma sedikit
Heyxi Retinol Glowing Tone Up Cream,K***e,1,Kecewa bgt pecah 1
Heyxi Retinol Glowing Tone Up Cream,A***b,1,Kcwa bngat hncur lebur
Heyxi Retinol Glowing Tone Up Cream,V***n,1,Maaf isi ga penuh
Heyxi Retinol Glowing Tone Up Cream,Y***k,1,Barang nya pecah
Heyxi Retinol Glowing Tone Up Cream,W***j,1,Barang nya pecah
Heyxi Retinol Glowing Tone Up Cream,K***z,1,Muka ku tmbh kusam plek aku tmbah banyak ya k
Heyxi Retinol Glowing Tone Up Cream,M***d,1,"Yang kirim paket ngawoor.msi intirahat gedor""pintu"
Heyxi Retinol Glowing Tone Up Cream,T***a,1,Bintang satu soalnya kurir nya sangat tidak baik😡😡
Heyxi Retinol Glowing Tone Up Cream,F***m,1,Barangnya aja blm sampai bagaimana sy mau beri ulasan
Heyxi Retinol Glowing Tone Up Cream,T***w,1,"Saya kecewa karna kulir nya kurang ajar anjing nian, masa hp Saya di rebut nya 🤬🤬🤬🤬"
Heyxi Retinol Glowing Tone Up Cream,I***k,1,"Tolong di bantu nomor kurirnya ni 40k malah di minta 140k apa maksudnyaa, td saya ga d rmh yg d rmh org tua saya"
Heyxi Retinol Glowing Tone Up Cream,Indah,1,salah pencet ini td mau kasih bintang 5 baru pencet 1 sudah geser
Heyxi Retinol Glowing Tone Up Cream,Z***l,1,Jual produk palsu AP nd takut dosa?? Nyari duit tuh yg halal dong! Ap nd takut msuk neraka?
Heyxi Retinol Glowing Tone Up Cream,P***p,1,Penipuan saya pesen 2 barang datang satu barang udah mahal 80 ribu datang cuman satu barang tololll
Heyxi Retinol Glowing Tone Up Cream,J***o,1,"Produk ya belum saya terima tapi Kataya di sini sudah terima,terus kemana paket saya"
Heyxi Retinol Glowing Tone Up Cream,K***n,1,Kurir nya goblog masa paket .saya di ambil sama dia sendiri.ngaku nya udh di taruh depan rumah.
Heyxi Retinol Glowing Tone Up Cream,R***t,1,Di muka banjir buat di wjh aku si gak ya...sayang gak kepke
Heyxi Retinol Glowing Tone Up Cream,n***a,1,"Saya pesen kan dua,knpa yg dikirim cuma satu, tolong dong lebih amanah lagi buat toko'y kecewa saya😡😡"
Heyxi Retinol Glowing Tone Up Cream,F***c,1,"dempul bgt di muka aku , trs susah di blend dan cepet ilang kena kringet gk cocok kalau di buat kerja di pabrik yg hawa umum panas di dalam pabrik gm ada ac"
Heyxi Retinol Glowing Tone Up Cream,V***k,1,katanya beli satu dapat dua tapi datang cuman satu
Heyxi Retinol Glowing Tone Up Cream,A***v,1,Untuk bedak nya ternyata gak cocok di muka saya udah kayak macan muka saya Makai nya kena keringat luntur semua jadi belang belang saya jadi malu gara.² produk ini
Heyxi Retinol Glowing Tone Up Cream,R***f,1,Gak cocok PDA kuliat sy panas diwajah gatal dan bentol
Heyxi Retinol Glowing Tone Up Cream,M***d,1,"Pas nyampe, langsung buka paket nya, eh ternyata tempat nya pecah,kena tangan juga karena kan si tempat nya itu beling"
Heyxi Retinol Glowing Tone Up Cream,F***p,1,Anjing barang kw. Beda dri yg pertama saya beli. 💩💩
Heyxi Retinol Glowing Tone Up Cream,D***f,1,Saya belum tau dan belum terima siapa yang terima
Heyxi Retinol Glowing Tone Up Cream,S***d,1,"Tokonya kurang amanah,di pesan dua yg datang cuma satu"
Heyxi Retinol Glowing Tone Up Cream,I***w,1,Beli 2 pot dikirim 1 pot gak amanah toko ini.sedangkan duit cod untuk 2 pot
Heyxi Retinol Glowing Tone Up Cream,T***p,1,shiit..bohong..zonk..beli 1 gratis 1..nyampe cuma 1
Heyxi Retinol Glowing Tone Up Cream,H***g,1,Maaf setelah saya buka kok cuman 1 ya padahal saya pesan 2
Heyxi Retinol Glowing Tone Up Cream,F***j,1,Pesan 2 datangnya 1 harga tidak sesuai 👎🏼🖕🏼🖕🏼😡🥵
Heyxi Retinol Glowing Tone Up Cream,U***z,1,Udh mau habis 1 g ad perubahan y😭😭😭😡😡
Heyxi Retinol Glowing Tone Up Cream,Z***d,1,"Bahan: Astaghfirullah, sy ngumpulin uang susah loh ..utk bisa beli retinol ini .begitu barang nya nyampe demi Allah dan rasulnya yg kalian kirim barang palsu sedih dan kecewa rasanya nyesal .dunia akhirat gak terima biar Allah yg balas"
Heyxi Retinol Glowing Tone Up Cream,T***c,1,Toko apaan barang datang lama bgt pesen 2pcs yg datang cuma 1pcs doang udah gitu yg datang bukan HEYXI gatau merek apaan cina GK ngerti. Kecewa pokoknya belanja ditoko ini
Heyxi Retinol Glowing Tone Up Cream,S***v,1,Jangan mau kemakan iklan. Ndk putih. Yang ada jadi manusia silverrrrrrr
Heyxi Retinol Glowing Tone Up Cream,K***v,1,"Kak ini kek mna ini barang mu ini, Cuma 4 pcs,dan pecah2"
Heyxi Retinol Glowing Tone Up Cream,S***l,1,Jgn di beli toko ini ga amanah ternyata barang nya ga asli
Heyxi Retinol Glowing Tone Up Cream,J***f,1,"Barang saya datang nya bukan yg asli, datang nya yg kw"
Heyxi Retinol Glowing Tone Up Cream,D***o,1,Maaf ya kalau mau ngejual produk itu yg amanah apaan yang DTG isinya mirip bgt bau handbody Marina 10 rban yang amanah yah mba kalau jualan bikin kesel🙄🙄🙄🙄
Heyxi Retinol Glowing Tone Up Cream,K***i,1,Ko g nge busa katanya nya sbun mu ka Itu sbun apa krim
Heyxi Retinol Glowing Tone Up Cream,E***k,1,"1 kata kurirnya lemooottt bget. Bukan yg biasanya Kl di retor mrah tp kl telat dtang mlam"" kok antar paket"
Heyxi Retinol Glowing Tone Up Cream,V***p,1,Ga tau penjual ga tau kurir yg ga amanah pesen yg 2 datang 1 sing jalujur gera hirup teh
Heyxi Retinol Glowing Tone Up Cream,J***k,1,Kedatangan dah terlambat GK sesuai dg tgl yg dittp kan mk sbb tu sya ksih 1
Heyxi Retinol Glowing Tone Up Cream,I***j,1,Paket tidak pernah di terima.entah siapa yg dikasih kan.🤔jadi gak bisa review barangnya.maaf sy kasi bintang satu.soalnya sy SDH wa kurir nya tapi tidak di respon😩
Heyxi Retinol Glowing Tone Up Cream,B***y,1,Barang dtng pecah semua.dan sy mnt di kembalikan uang ku sj.
Heyxi Retinol Glowing Tone Up Cream,Z***a,1,kurir nya tidak bertanggung jawab tidak mau antar kerumah.selalu ngajak ketemuan di jalan
Heyxi Retinol Glowing Tone Up Cream,E***g,1,Aq ksh bintang 1 dulu ya kk soalnya aq blm pakai soalnya baru smpi barangnya.. klu ada hasilnya di wajahku baru aq bisa ksh bintang 5..
Heyxi Retinol Glowing Tone Up Cream,Y***u,1,"palsu,gak nyatu dikulit semoga yg jual dapat berkah 😡😡"
Heyxi Retinol Glowing Tone Up Cream,D***o,1,"Saya tidak pernah menerima paket saya kurir nya bohong tidak pernah diantar kan paket saya, cukup kecewa"
Heyxi Retinol Glowing Tone Up Cream,J***j,1,Kecewa paket nya yang satu nya palsu toko nya penipu satu d kasih yang asli satu nya lg palsu klo jualan tuh yang jujur dong bos jangan nipu.
Heyxi Retinol Glowing Tone Up Cream,L***k,1,kk siaran langsung nya beli 1 geratis 1 ini datengnya satu
Heyxi Retinol Glowing Tone Up Cream,D***b,1,Karana belum di coba sampai di sini paketnya sudah hancur
Heyxi Retinol Glowing Tone Up Cream,Y***o,1,"Status paket sudah sampai consumen tapi Barang tidak saya terima. Foto bukti,bukan foto rumah saya. No kurir tidak di sertakan"
Heyxi Retinol Glowing Tone Up Cream,C***b,1,ka knpa GK sesuai barangnya aku beli 2 knpa d kiri 1...
Heyxi Retinol Glowing Tone Up Cream,M***c,1,Pesan 2 katanya 50 an biar murah di dikit yg di kirim 1.bak jelas
Heyxi Retinol Glowing Tone Up Cream,F***w,1,Sangat mengecewakan ini sih penipuan masa g sesuai ma yg d'pesen malah yg dtg sarung tangan plastik.. G tau deh yg salah siapa pokoknya sy kecewa dan minta pertanggung jawaban..
Heyxi Retinol Glowing Tone Up Cream,O***d,1,Tak kasi bintang 1 karena gak sesuai dengan vidio ya
Heyxi Retinol Glowing Tone Up Cream,L***i,1,"Expedisi sangat buruk pelayanan nya paket sampe gak ada informasi,barang tidak di anatar"
Heyxi Retinol Glowing Tone Up Cream,X***x,1,"Kurir yg tidak bertanggung jawab, gk ada konfirmasi, barang belum saya trima, sudah chat toko tapi sampai saat ini blom ada informasi lebih lanjut."
Heyxi Retinol Glowing Tone Up Cream,Y***h,1,Paket nggk saya terima sama sekali saya sangat kecewa padahal udh bayar bukan cod
Heyxi Retinol Glowing Tone Up Cream,C***d,1,"kurir nya kurang sopan , maen masuk rumah pakai sendal dengan alasan panas nunggu di luar"
Heyxi Retinol Glowing Tone Up Cream,B***x,1,"Alhamdulillah udh smp paket ya... Mudahan"" cocok sma aku ya ya... Yg gk cocok aku tuh sma abg kurir ya gk sopan dn gk ramah kyk pantat bebek... 🥴"
Heyxi Retinol Glowing Tone Up Cream,V***p,1,Gk sesuai.. rusak.sepeeti Uda xpayet Bau busuk'
Heyxi Retinol Glowing Tone Up Cream,I***d,1,Mf y AQ g ksh bintang Krn kurang amanah pesan 2pcs yg DTG 1pcs🙏🙏🙏🙏🙏🙏harg 2pcs trims🙏
Heyxi Retinol Glowing Tone Up Cream,X***w,1,"Kepesan 2,dibatalkan 1 besoknya dikirim lagi kurir nya padahal udh di batalkan kok dikirim lagi"
Heyxi Retinol Glowing Tone Up Cream,C***o,1,Ini di kirim ke siapa saya belum menerima di sini tulisan nya udah di terima gimana sih kurirnya ga jelas banget udah nungguin juga lama😏
Heyxi Retinol Glowing Tone Up Cream,L***i,1,Beli 2 barang sampai konsumen hancur ke duanya sangat kecewa seeeeeeeeeeekali
Heyxi Retinol Glowing Tone Up Cream,F***f,1,"Kecewa....kenapa yang datang bukan cream heyxi,,malah sabun hitam mana cuma 1 bekas buka lagi kemasan nya"
Heyxi Retinol Glowing Tone Up Cream,B***c,1,Barang hancur parah giliran di komplain bnyak ini itu nya...gpp klau emang ga mau ganti..anggap aja sedekah...kapok belanja di tokoh ini
Heyxi Retinol Glowing Tone Up Cream,P***n,1,Saya kan Beli 2. Gratis 1.Kenapa Cuman 1. Boong aja.
Heyxi Retinol Glowing Tone Up Cream,Y***q,1,Katanya kemaren dapat dia yg datang cuma satu ternyata gk amanah......
Heyxi Retinol Glowing Tone Up Cream,I***g,1,"Beli yg dapat 2 pcs malah dikirim 1 pcs doang😌😌 sayangnya sama ibu tdk ada video unboxing saat buka paket, dan anak""nya merantau😌 duhhh lasian sekaki ibuku"
Heyxi Retinol Glowing Tone Up Cream,F***l,1,Gk sesuai dg d tik tok hukn tmbh bersih malhnseabalikx kenalan iklan
Heyxi Retinol Glowing Tone Up Cream,O***w,1,"aku beli 2 tpi dapet 1 doang, mau di poto udah di buka ngak papa?"
Heyxi Retinol Glowing Tone Up Cream,N***b,1,Promo nya 2 pcs harga segitu nyatanya hanya datang 1 pcs
Heyxi Retinol Glowing Tone Up Cream,V***c,1,Sangat mengecewakan saya pesen 2 harga 81 eh yg Dateng cuman 1 mana harga nya sama GK amanah banget toko nyanyel beli di sini
Heyxi Retinol Glowing Tone Up Cream,I***n,1,"Bahan: pesan 2 brg kok datangnya 1 brg itu jugak harga 2 brg loh,,, katanya amanah tpi kok gini,padahal harnya 1 brg 35 rb loh dan yg 2 56 rb,,aku bayar 56 rb tpi kok cuman 1 ni gmn kk kok gini😡"
Heyxi Retinol Glowing Tone Up Cream,J***m,1,Saya sangat kecewa barangya udha nyampe dan hasilnya cumk 1 padahal saya pesen 2
Heyxi Retinol Glowing Tone Up Cream,H***w,1,"Barang nya palsu atau tidak ORI, ,, jgn bli di toko ini saya sudah ktipu, nyesel saya bli 2 pcs di toko ini ternyata palsu, kalo jualan yg amanah donk"
Heyxi Retinol Glowing Tone Up Cream,J***c,1,Datang nya lambat . Saya beli 2 pcs datang nya cmn 1 pcs
Heyxi Retinol Glowing Tone Up Cream,K***e,1,Katanya 2 beli satu gratis 1 tau nya yg dtg 1 sungguh kecewa bgt ogah beli lagi
Heyxi Retinol Glowing Tone Up Cream,E***p,1,Kok tidak sesuai KK..di iklan beli 1 dapat 2.kenapa datangnya 1
Heyxi Retinol Glowing Tone Up Cream,A***u,1,Kaka katanya cremny 2 ko cuma satu yg dateng gimana siih nggak amanah banget
Heyxi Retinol Glowing Tone Up Cream,S***r,1,"Yg iklan sm kirim beda yg kirim bkn ory y abal""ya pke y gatel""kl yg ory tutup ya ada garis nih mana nih polos haduh kl jualan tuh yg amanh donk bkn msalh hrga murah y tpi bikin muka merah"".:("
Heyxi Retinol Glowing Tone Up Cream,H***j,1,ɪsɪɴʏᴀ ɴɢᴀ ᴘᴇɴᴜʜ sᴜᴍᴘᴀʜ ᴛʀᴜs ᴅɪ ᴋᴇᴍᴀsᴀɴʏᴀ ᴛᴜʟɪsᴀɴʏᴀ ɴɢᴀ ᴛɪᴍʙᴜʟ ᴘᴀʟsᴜ ᴋᴀʜ?
Heyxi Retinol Glowing Tone Up Cream,F***w,1,Kak yg dikirim knp yg tulisan retinal bukan yg dragon😭co 2 semua tulisannya retinal cream
Heyxi Retinol Glowing Tone Up Cream,S***i,1,Kok nggk ada garisnya kk.. Katanya klo nggk ada garisnya kw ya
Heyxi Retinol Glowing Tone Up Cream,O***b,1,"Kenapa gk yg ori, barang palsu yg di kirim Tolong donk jualan bener, yg aslinya ada garis 2. Di tutup samping nus"
Heyxi Retinol Glowing Tone Up Cream,P***w,1,Bikin jerawatan yang tadi nya mulus jadi jerawatan 👎
Heyxi Retinol Glowing Tone Up Cream,E***k,1,Saya pesen 2 pcs yang datang cuma satu saya kecewa banget
Heyxi Retinol Glowing Tone Up Cream,F***z,1,Mana GK ada reaksi yc palsu kli ini krm yc masa dh mau HBS GK ada perbedaan yc krm ini
Heyxi Retinol Glowing Tone Up Cream,G***v,1,Manfaat produk: Jelek..palsuu..jangan mau beli lagi dsni guys
Heyxi Retinol Glowing Tone Up Cream,U***k,1,"Ini kaya y palsu,, yg asli yg ada garis 2 d tutup y"
Heyxi Retinol Glowing Tone Up Cream,I***y,1,Aku pesenya milih yg 2 pic kenapa dapatnya 1 ..harganya kemaren promo yg 2 pic 40.500
Heyxi Retinol Glowing Tone Up Cream,A***j,1,Smpah gak sesuai di iklan.. Nyesel..mana beli 2 lagi .. Tertipu aku barang ini..aku jjur yaa
Heyxi Retinol Glowing Tone Up Cream,P***g,1,Pesan duo darenya cuman satu mana pecah pulak 🙏🙏 paket dak sesuai
Heyxi Retinol Glowing Tone Up Cream,E***i,1,Emang harga murah tp egak amanah masa pecah barang hancur
Heyxi Retinol Glowing Tone Up Cream,I***k,1,"Belinya yg 2 pcs malah yg dtng cmn 1, mna nunggu ny lma, hadeh tdk amanah"
Heyxi Retinol Glowing Tone Up Cream,R***v,1,Kamu ko panyombong kato nyo satu Minggu pakai muka langsung putih bersih eh ko lah habis dua botol muka saya tambah hitam
Heyxi Retinol Glowing Tone Up Cream,C***f,1,"aq dapat yang palsu dg tutup polos, padahal kita sudah beli diheyxi"
Heyxi Retinol Glowing Tone Up Cream,V***l,1,ini di tutupnya ga ada lingkar garis apa mungkin kw ?
Heyxi Retinol Glowing Tone Up Cream,V***r,1,Tidak bagus saya pakai percuma beli mahal 🙄🗿
Heyxi Retinol Glowing Tone Up Cream,L***k,1,Ya ampun aku pke 2 hari wajah ku bentol2 merah tebal gtu bentol2 nya bli nya 2 pcs lgi😥
Heyxi Retinol Glowing Tone Up Cream,Q***d,1,Kalau jualan yang benar kalau ingin pelanggannya tetap setia barangnya palsu guys buktinya nggak putih udah abis 4 botol masih nggak ada efeknya sama sekali hati-hati jangan dibeli lagi ya teman-teman ini barangnya jelek
Heyxi Retinol Glowing Tone Up Cream,F***c,1,"Kecewa produk yng sya order tiba dtang di rmh pas buka pketnya pecah sangat"" kcewa"
Heyxi Retinol Glowing Tone Up Cream,V***h,1,"Pdhal pas cekhout dpt promo belik beli 2 40rb ehh dtg nya 1, gajelas sih"
Heyxi Retinol Glowing Tone Up Cream,U***m,1,ini palsu atau asli ya katanya yg asli ada garis 2 d tutupny
Heyxi Retinol Glowing Tone Up Cream,N***f,1,Kayaknya ini kW ya ko kaya gini si punya ku kaya kely
Heyxi Retinol Glowing Tone Up Cream,R***r,1,"Barang sdh sampai, tpi sy tdk puas n sy sangat kecewa, krn barangx trnyata Kawe alias palsu😡"
Heyxi Retinol Glowing Tone Up Cream,Z***t,1,G amanah bgt psn crem yg datang sancren kecewa btg Bru kali ini q dibuat kecewa .
Heyxi Retinol Glowing Tone Up Cream,W***d,1,Baru 3 hari apa 2 hari pemakaian lgsg jerawat air🥲🥲🥲
Heyxi Retinol Glowing Tone Up Cream,W***u,1,"Maaf yah, mana beli 4pcs lagi muka jdi abu2 monyet pdhl aslinya muka ku kuning lgsgt🤣😅🙏🏻"
Heyxi Retinol Glowing Tone Up Cream,H***d,1,Barang nya pecah 1pcs saya pesan dua malah 1pcs yg utuh
Heyxi Retinol Glowing Tone Up Cream,M***y,1,"Barang palsu,,,,muka Q JD jerawatan di pke glowing bntr lngsung ilang"
Heyxi Retinol Glowing Tone Up Cream,Q***c,1,KK ini yg palsu y ko gak putih putih Padahal SDH 1 Minggu
Heyxi Retinol Glowing Tone Up Cream,V***x,1,"Sengaja baru kasih ulasan,krna mau lihat hasilnya dulu, sumpah aku kecewa banget 😡😡😡😡😡😡😡🤬,awal ny muka aku putih ,niat mau menghilangkan bekas jrwat ,pas pke bedak itu malah muka saya jadi hitam ,merah2 dan jrwtan,,kalo jualan bedak yg ORI dan amanah dong ,jgn mngcewakan pembeli"
Heyxi Retinol Glowing Tone Up Cream,W***m,1,Ternyata sy sdh k tipu ini prodak yg palsu tutup nya gak ada garis nya pantasan aja dpt 2
Heyxi Retinol Glowing Tone Up Cream,L***s,1,"Aku make nya b3 sama sodaraku, gK ada yg ngefek satupun👎"
Heyxi Retinol Glowing Tone Up Cream,C***t,1,"Produk nya ancur remuk semua,,harus nya pekcing nya harus yang bener lain kali,,"
Heyxi Retinol Glowing Tone Up Cream,X***j,1,nyesal saya beli prodok ini bukan nya putih malah muka saya jadi hitam kusam😡 pokok nya saya nyesal banget😡😡
Heyxi Retinol Glowing Tone Up Cream,U***l,1,"Saya beli mahal""dan sampenya lama begitu sampe ternyata barangnya hancur pecah dipaketnya pas sy buka ternyata barangnya pecah dua""nya sm jg saya beli sampah...karena sy tdk tau cara kirim fotonya. Ya cm nyesel .ya udhlah sy. Org tua kalau .kesel biar ditipu yg ks barang gk tg jwb."
Heyxi Retinol Glowing Tone Up Cream,I***e,1,Pakai jexxi malah gatal wajahku perih merah ruam semua
Heyxi Retinol Glowing Tone Up Cream,F***l,1,"Di aku di pake abu"" Trs bikin jrawat mana bdli dua lagi"
Heyxi Retinol Glowing Tone Up Cream,F***z,1,Kecewa baru kli ini pesanan aq sampe hancur ga bisa di pake 😇☹️
Heyxi Retinol Glowing Tone Up Cream,O***g,1,Gak ada bagus nyA bedak nya dempul semua ngasal beli nya
Heyxi Retinol Glowing Tone Up Cream,T***k,1,Paketnya rusak kecewa baget capek nunggu ternyata rusak😭
Heyxi Retinol Glowing Tone Up Cream,U***w,1,Di situ nya dpt 2 ko di kirim nya 1 mahal bnget 40 ngga amanah tokonya
Heyxi Retinol Glowing Tone Up Cream,D***j,1,"lama sekali persanannya?hampir 1 bulan nunggu ini paket,nnti skrng muncul"
